{"format_version": "0.2", "frame_length": 10, "parts": [{"name": "root", "keyframes": {"0": {"translate": [0.0, -0.0, -0.0], "rotate": [0.0, 0.0, -0.0]}, "1": {"translate": [0.0, -0.0, -0.0], "rotate": [0.0, 0.0, -0.0]}, "2": {"translate": [0.0, -0.0, -0.0], "rotate": [0.0, 0.0, -0.0]}, "3": {"translate": [0.0, -0.0, -0.0], "rotate": [0.0, 0.0, -0.0]}, "4": {"translate": [0.0, -0.0, -0.0], "rotate": [0.0, 0.0, -0.0]}, "5": {"translate": [0.0, -0.0, -0.0], "rotate": [0.0, 0.0, -0.0]}, "6": {"translate": [0.0, -0.0, -0.0], "rotate": [0.0, 0.0, -0.0]}, "7": {"translate": [0.0, -0.0, -0.0], "rotate": [0.0, 0.0, -0.0]}, "8": {"translate": [0.0, -0.0, -0.0], "rotate": [0.0, 0.0, -0.0]}, "9": {"translate": [0.0, -0.0, -0.0], "rotate": [0.0, 0.0, -0.0]}, "10": {"translate": [0.0, -0.0, -0.0], "rotate": [0.0, 0.0, -0.0]}}}, {"name": "leftLeg", "keyframes": {"0": {"translate": [0.057, 0.001, -0.163], "rotate": [0.01359, 0.0, 0.00478]}, "1": {"translate": [0.062, 0.002, -0.18], "rotate": [0.01503, 0.0, 0.00514]}, "2": {"translate": [-0.003, 0.0, -0.07], "rotate": [0.00587, 0.0, -0.00024]}, "3": {"translate": [-0.186, 0.002, 0.122], "rotate": [-0.01018, 0.0, -0.01547]}, "4": {"translate": [-0.35, 0.01, 0.359], "rotate": [-0.02994, 0.0, -0.02915]}, "5": {"translate": [-0.212, 0.012, 0.496], "rotate": [-0.04136, 0.0, -0.01772]}, "6": {"translate": [0.012, 0.012, 0.542], "rotate": [-0.04516, 0.0, 0.00097]}, "7": {"translate": [0.086, 0.004, 0.283], "rotate": [-0.02359, 0.0, 0.0072]}, "8": {"translate": [0.075, 0.0, -0.021], "rotate": [0.00177, 0.0, 0.00623]}, "9": {"translate": [0.06, 0.001, -0.112], "rotate": [0.00935, 0.0, 0.00503]}, "10": {"translate": [0.057, 0.001, -0.163], "rotate": [0.01359, 0.0, 0.00478]}}}, {"name": "rightLeg", "keyframes": {"0": {"translate": [0.136, 0.017, 0.616], "rotate": [-0.05132, 0.0, 0.01131]}, "1": {"translate": [0.093, 0.005, 0.315], "rotate": [-0.02628, -0.0, 0.00777]}, "2": {"translate": [-0.0, 0.002, -0.204], "rotate": [0.01704, -0.0, -4e-05]}, "3": {"translate": [-0.109, 0.017, -0.637], "rotate": [0.05309, 0.0, -0.00907]}, "4": {"translate": [-0.204, 0.021, -0.678], "rotate": [0.05656, 0.0, -0.01707]}, "5": {"translate": [-0.152, 0.002, -0.178], "rotate": [0.0148, 0.0, -0.01268]}, "6": {"translate": [0.012, 0.015, 0.607], "rotate": [-0.05063, 0.0, 0.00102]}, "7": {"translate": [0.129, 0.032, 0.865], "rotate": [-0.07217, -0.0, 0.01081]}, "8": {"translate": [0.142, 0.021, 0.702], "rotate": [-0.05852, -0.0, 0.01184]}, "9": {"translate": [0.137, 0.019, 0.66], "rotate": [-0.05506, 0.0, 0.01145]}, "10": {"translate": [0.136, 0.017, 0.616], "rotate": [-0.05132, 0.0, 0.01131]}}}, {"name": "rightHand", "keyframes": {"0": {"translate": [-0.0, -0.0, 0.0], "rotate": [0.0, 0.0, -0.0]}, "1": {"translate": [0.0, -0.0, -0.0], "rotate": [0.0, 0.0, 0.0]}, "2": {"translate": [-0.0, -0.0, -0.0], "rotate": [-0.0, -0.0, -0.0]}, "3": {"translate": [0.0, -0.0, -0.0], "rotate": [-0.0, -0.0, 0.0]}, "4": {"translate": [-0.0, -0.0, -0.0], "rotate": [-0.0, -0.0, 0.0]}, "5": {"translate": [0.0, -0.0, -0.0], "rotate": [0.0, -0.0, -0.0]}, "6": {"translate": [-0.0, -0.0, -0.0], "rotate": [0.0, 0.0, -0.0]}, "7": {"translate": [-0.0, 0.0, 0.0], "rotate": [-0.0, 0.0, 0.0]}, "8": {"translate": [0.0, -0.0, -0.0], "rotate": [-0.0, 0.0, 0.0]}, "9": {"translate": [-0.0, 0.0, 0.0], "rotate": [0.0, 0.0, -0.0]}, "10": {"translate": [-0.0, -0.0, 0.0], "rotate": [0.0, 0.0, -0.0]}}}, {"name": "rightArm", "keyframes": {"0": {"translate": [-0.065, 0.24, 1.066], "rotate": [0.01787, 0.0946, 0.17216]}, "1": {"translate": [-0.135, 0.162, 0.233], "rotate": [-0.16577, 0.11523, 0.44135]}, "2": {"translate": [-0.119, 0.018, -1.671], "rotate": [-0.80354, 0.07919, 0.59095]}, "3": {"translate": [0.121, -0.093, -4.296], "rotate": [-1.23241, 0.00388, 0.5426]}, "4": {"translate": [0.353, -0.09, -5.997], "rotate": [-1.23925, -0.06145, 0.3974]}, "5": {"translate": [0.12, -0.005, -4.916], "rotate": [-1.18715, -0.10775, 0.2618]}, "6": {"translate": [-0.201, 0.139, -2.432], "rotate": [-0.6207, -0.12151, 0.17216]}, "7": {"translate": [-0.219, 0.278, -0.209], "rotate": [-0.27082, -0.08093, 0.07062]}, "8": {"translate": [-0.128, 0.325, 0.816], "rotate": [-0.07163, -0.02022, 0.00218]}, "9": {"translate": [-0.08, 0.278, 1.09], "rotate": [0.01266, 0.04387, 0.01873]}, "10": {"translate": [-0.065, 0.24, 1.066], "rotate": [0.01787, 0.0946, 0.17216]}}}, {"name": "leftHand", "keyframes": {"0": {"translate": [-0.0, 0.0, -0.0], "rotate": [-0.0, 0.0, -0.0]}, "1": {"translate": [-0.0, -0.0, -0.0], "rotate": [-0.0, -0.0, 0.0]}, "2": {"translate": [0.0, 0.0, 0.0], "rotate": [-0.0, 0.0, 0.0]}, "3": {"translate": [0.0, 0.0, -0.0], "rotate": [0.0, 0.0, -0.0]}, "4": {"translate": [0.0, -0.0, -0.0], "rotate": [0.0, -0.0, 0.0]}, "5": {"translate": [0.0, -0.0, 0.0], "rotate": [-0.0, 0.0, -0.0]}, "6": {"translate": [0.0, -0.0, -0.0], "rotate": [0.0, -0.0, -0.0]}, "7": {"translate": [-0.0, 0.0, -0.0], "rotate": [0.0, -0.0, -0.0]}, "8": {"translate": [-0.0, 0.0, 0.0], "rotate": [0.0, -0.0, 0.0]}, "9": {"translate": [0.0, 0.0, 0.0], "rotate": [0.0, -0.0, 0.0]}, "10": {"translate": [-0.0, 0.0, -0.0], "rotate": [-0.0, 0.0, -0.0]}}}, {"name": "leftArm", "keyframes": {"0": {"translate": [-0.084, -0.142, -0.036], "rotate": [-0.05997, 0.22609, -0.07742]}, "1": {"translate": [-0.016, -0.091, 0.01], "rotate": [-0.05282, 0.17261, -0.06342]}, "2": {"translate": [0.085, 0.027, 0.177], "rotate": [-0.00809, 0.02365, -0.03718]}, "3": {"translate": [0.158, 0.16, 0.255], "rotate": [0.06979, -0.14602, -0.01613]}, "4": {"translate": [0.25, 0.254, 0.058], "rotate": [0.16717, -0.24564, -0.01483]}, "5": {"translate": [0.232, 0.213, -0.105], "rotate": [0.18804, -0.18191, -0.03613]}, "6": {"translate": [0.061, 0.086, -0.208], "rotate": [0.14485, -0.01377, -0.0626]}, "7": {"translate": [-0.092, -0.017, -0.075], "rotate": [0.05398, 0.11594, -0.08088]}, "8": {"translate": [-0.102, -0.066, 0.087], "rotate": [-0.01883, 0.16534, -0.08567]}, "9": {"translate": [-0.092, -0.117, 0.059], "rotate": [-0.04697, 0.201, -0.08234]}, "10": {"translate": [-0.084, -0.142, -0.036], "rotate": [-0.05997, 0.22609, -0.07742]}}}, {"name": "head", "keyframes": {"0": {"translate": [-0.133, -0.038, 0.429], "rotate": [0.0, 0.0, -0.0]}, "1": {"translate": [-0.071, -0.029, 0.082], "rotate": [0.0, 0.0, -0.0]}, "2": {"translate": [0.128, 0.004, -0.628], "rotate": [0.0, 0.0, -0.0]}, "3": {"translate": [0.457, 0.077, -1.437], "rotate": [0.0, 0.0, -0.0]}, "4": {"translate": [0.734, 0.186, -2.096], "rotate": [0.0, 0.0, -0.0]}, "5": {"translate": [0.51, 0.19, -1.813], "rotate": [0.0, 0.0, -0.0]}, "6": {"translate": [0.06, 0.14, -0.926], "rotate": [0.0, 0.0, -0.0]}, "7": {"translate": [-0.164, 0.092, 0.004], "rotate": [0.0, 0.0, -0.0]}, "8": {"translate": [-0.164, 0.052, 0.46], "rotate": [0.0, 0.0, -0.0]}, "9": {"translate": [-0.144, -0.006, 0.521], "rotate": [0.0, 0.0, -0.0]}, "10": {"translate": [-0.133, -0.038, 0.429], "rotate": [0.0, 0.0, -0.0]}}}, {"name": "body", "keyframes": {"0": {"translate": [-0.133, -0.038, 0.429], "rotate": [-0.01727, 0.1964, -0.02253]}, "1": {"translate": [-0.071, -0.029, 0.082], "rotate": [-0.00124, 0.12452, -0.01254]}, "2": {"translate": [0.128, 0.004, -0.628], "rotate": [0.04088, -0.03362, 0.00944]}, "3": {"translate": [0.457, 0.077, -1.437], "rotate": [0.10013, -0.19176, 0.03142]}, "4": {"translate": [0.734, 0.186, -2.096], "rotate": [0.16755, -0.26364, 0.0414]}, "5": {"translate": [0.51, 0.19, -1.813], "rotate": [0.16742, -0.16888, 0.03013]}, "6": {"translate": [0.06, 0.14, -0.926], "rotate": [0.12522, 0.01667, 0.00616]}, "7": {"translate": [-0.164, 0.092, 0.004], "rotate": [0.04779, 0.14497, -0.01572]}, "8": {"translate": [-0.164, 0.052, 0.46], "rotate": [-0.0103, 0.18066, -0.02455]}, "9": {"translate": [-0.144, -0.006, 0.521], "rotate": [-0.02101, 0.19424, -0.0243]}, "10": {"translate": [-0.133, -0.038, 0.429], "rotate": [-0.01727, 0.1964, -0.02253]}}}, {"name": "cape", "keyframes": {"0": {"translate": [0.356, -0.005, 0.381],