{"format_version": "0.2", "frame_length": 20, "parts": [{"name": "root", "keyframes": {"0": {"translate": [0.0, -0.0, -0.0], "rotate": [0.0, 0.0, -0.0]}, "1": {"translate": [0.0, -0.0, -0.0], "rotate": [0.0, 0.0, -0.0]}, "2": {"translate": [0.0, -0.0, -0.0], "rotate": [0.0, 0.0, -0.0]}, "3": {"translate": [0.0, -0.0, -0.0], "rotate": [0.0, 0.0, -0.0]}, "4": {"translate": [0.0, -0.0, -0.0], "rotate": [0.0, 0.0, -0.0]}, "5": {"translate": [0.0, -0.0, -0.0], "rotate": [0.0, 0.0, -0.0]}, "6": {"translate": [0.0, -0.0, -0.0], "rotate": [0.0, 0.0, -0.0]}, "7": {"translate": [0.0, -0.0, -0.0], "rotate": [0.0, 0.0, -0.0]}, "8": {"translate": [0.0, -0.0, -0.0], "rotate": [0.0, 0.0, -0.0]}, "9": {"translate": [0.0, -0.0, -0.0], "rotate": [0.0, 0.0, -0.0]}, "10": {"translate": [0.0, -0.0, -0.0], "rotate": [0.0, 0.0, -0.0]}, "11": {"translate": [0.0, -0.0, -0.0], "rotate": [0.0, 0.0, -0.0]}, "12": {"translate": [0.0, -0.0, -0.0], "rotate": [0.0, 0.0, -0.0]}, "13": {"translate": [0.0, -0.0, -0.0], "rotate": [0.0, 0.0, -0.0]}, "14": {"translate": [0.0, -0.0, -0.0], "rotate": [0.0, 0.0, -0.0]}, "15": {"translate": [0.0, -0.0, -0.0], "rotate": [0.0, 0.0, -0.0]}, "16": {"translate": [0.0, -0.0, -0.0], "rotate": [0.0, 0.0, -0.0]}, "17": {"translate": [0.0, -0.0, -0.0], "rotate": [0.0, 0.0, -0.0]}, "18": {"translate": [0.0, -0.0, -0.0], "rotate": [0.0, 0.0, -0.0]}, "19": {"translate": [0.0, -0.0, -0.0], "rotate": [0.0, 0.0, -0.0]}, "20": {"translate": [0.0, -0.0, -0.0], "rotate": [0.0, 0.0, -0.0]}}}, {"name": "leftLeg", "keyframes": {"0": {"translate": [0.147, 0.001, 0.103], "rotate": [-0.00858, 0.0, 0.01224]}, "1": {"translate": [0.144, 0.001, 0.099], "rotate": [-0.00823, -0.0, 0.01201]}, "2": {"translate": [0.133, 0.001, 0.072], "rotate": [-0.006, 0.0, 0.01107]}, "3": {"translate": [0.11, 0.001, 0.069], "rotate": [-0.00579, 0.0, 0.00915]}, "4": {"translate": [0.079, 0.0, 0.075], "rotate": [-0.00622, 0.0, 0.00655]}, "5": {"translate": [0.049, 0.0, 0.051], "rotate": [-0.00423, 0.0, 0.00404]}, "6": {"translate": [0.025, 0.0, 0.012], "rotate": [-0.00098, -0.0, 0.00206]}, "7": {"translate": [0.01, 0.0, -0.028], "rotate": [0.0023, 0.0, 0.0008]}, "8": {"translate": [0.002, 0.0, -0.052], "rotate": [0.00436, 0.0, 0.00019]}, "9": {"translate": [0.0, 0.0, -0.048], "rotate": [0.004, 0.0, 1e-05]}, "10": {"translate": [0.0, -0.0, -0.0], "rotate": [0.0, 0.0, -0.0]}, "11": {"translate": [0.0, 0.0, 0.051], "rotate": [-0.00425, -0.0, 0.0]}, "12": {"translate": [0.0, 0.0, 0.066], "rotate": [-0.00546, 0.0, 0.0]}, "13": {"translate": [0.0, 0.0, 0.059], "rotate": [-0.00493, 0.0, 1e-05]}, "14": {"translate": [0.0, 0.0, 0.047], "rotate": [-0.00393, -0.0, 2e-05]}, "15": {"translate": [0.001, 0.0, 0.045], "rotate": [-0.00377, -0.0, 6e-05]}, "16": {"translate": [0.002, 0.0, 0.069], "rotate": [-0.00572, 0.0, 0.00015]}, "17": {"translate": [0.004, 0.001, 0.135], "rotate": [-0.01126, 0.0, 0.00037]}, "18": {"translate": [0.01, 0.002, 0.238], "rotate": [-0.01983, 0.0, 0.00085]}, "19": {"translate": [0.019, 0.005, 0.356], "rotate": [-0.02965, 0.0, 0.0016]}, "20": {"translate": [0.03, 0.009, 0.467], "rotate": [-0.03889, 0.0, 0.0025]}}}, {"name": "rightLeg", "keyframes": {"0": {"translate": [0.176, 0.016, 0.594], "rotate": [-0.0495, 0.0, 0.01467]}, "1": {"translate": [0.173, 0.016, 0.587], "rotate": [-0.04893, 0.0, 0.01442]}, "2": {"translate": [0.16, 0.013, 0.546], "rotate": [-0.04549, 0.0, 0.01335]}, "3": {"translate": [0.133, 0.011, 0.507], "rotate": [-0.04225, -0.0, 0.0111]}, "4": {"translate": [0.096, 0.009, 0.45], "rotate": [-0.03752, 0.0, 0.008]}, "5": {"translate": [0.059, 0.005, 0.349], "rotate": [-0.02908, -0.0, 0.00496]}, "6": {"translate": [0.03, 0.002, 0.227], "rotate": [-0.01889, -0.0, 0.00254]}, "7": {"translate": [0.012, 0.0, 0.107], "rotate": [-0.0089, 0.0, 0.00098]}, "8": {"translate": [0.003, 0.0, 0.013], "rotate": [-0.00112, 0.0, 0.00023]}, "9": {"translate": [0.0, 0.0, -0.03], "rotate": [0.0025, 0.0, 2e-05]}, "10": {"translate": [0.0, -0.0, -0.0], "rotate": [0.0, 0.0, -0.0]}, "11": {"translate": [0.0, 0.0, 0.051], "rotate": [-0.00422, 0.0, 0.0]}, "12": {"translate": [0.0, 0.0, 0.063], "rotate": [-0.00524, 0.0, 0.0]}, "13": {"translate": [0.0, 0.0, 0.05], "rotate": [-0.00416, 0.0, 1e-05]}, "14": {"translate": [0.0, 0.0, 0.025], "rotate": [-0.00211, -0.0, 3e-05]}, "15": {"translate": [0.001, 0.0, 0.002], "rotate": [-0.00021, 0.0, 8e-05]}, "16": {"translate": [0.002, 0.0, -0.005], "rotate": [0.00043, 0.0, 0.0002]}, "17": {"translate": [0.007, 0.0, -0.003], "rotate": [0.00025, 0.0, 0.00057]}, "18": {"translate": [0.018, 0.0, -0.004], "rotate": [0.00031, 0.0, 0.00146]}, "19": {"translate": [0.036, 0.0, -0.005], "rotate": [0.00042, 0.0, 0.00296]}, "20": {"translate": [0.058, 0.0, -0.005], "rotate": [0.00042, 0.0, 0.00483]}}}, {"name": "rightHand", "keyframes": {"0": {"translate": [0.0, 0.0, 0.0], "rotate": [0.0, 0.0, -0.0]}, "1": {"translate": [0.0, 0.0, -0.0], "rotate": [0.0, 0.0, -0.0]}, "2": {"translate": [0.0, 0.0, 0.0], "rotate": [-0.0, 0.0, -0.0]}, "3": {"translate": [-0.0, -0.0, -0.0], "rotate": [0.0, 0.0, -0.0]}, "4": {"translate": [0.0, 0.0, 0.0], "rotate": [-0.0, 0.0, -0.0]}, "5": {"translate": [-0.0, -0.0, -0.0], "rotate": [0.0, 0.0, -0.0]}, "6": {"translate": [0.0, 0.0, 0.0], "rotate": [-0.0, 0.0, -0.0]}, "7": {"translate": [0.0, 0.0, 0.0], "rotate": [0.0, 0.0, -0.0]}, "8": {"translate": [-0.0, -0.0, -0.0], "rotate": [0.0, 0.0, -0.0]}, "9": {"translate": [-0.0, -0.0, -0.0], "rotate": [0.0, 0.0, -0.0]}, "10": {"translate": [0.0, -0.0, -0.0], "rotate": [0.0, 0.0, -0.0]}, "11": {"translate": [0.0, 0.0, -0.0], "rotate": [0.0, 0.0, -0.0]}, "12": {"translate": [0.0, 0.0, -0.0], "rotate": [0.0, 0.0, -0.0]}, "13": {"translate": [-0.0, -0.0, 0.0], "rotate": [-0.0, 0.0, -0.0]}, "14": {"translate": [0.0, 0.0, -0.0], "rotate": [0.0, 0.0, -0.0]}, "15": {"translate": [0.0, 0.0, -0.0], "rotate": [0.0, 0.0, -0.0]}, "16": {"translate": [0.0, 0.0, -0.0], "rotate": [0.0, 0.0, -0.0]}, "17": {"translate": [-0.0, -0.0, 0.0], "rotate": [-0.0, 0.0, -0.0]}, "18": {"translate": [0.0, 0.0, -0.0], "rotate": [0.0, 0.0, -0.0]}, "19": {"translate": [-0.0, -0.0, 0.0], "rotate": [0.0, 0.0, -0.0]}, "20": {"translate": [-0.0, -0.0, 0.0], "rotate": [-0.0, 0.0, -0.0]}}}, {"name": "rightArm", "keyframes": {"0": {"translate": [-0.198, 1.013, -2.684], "rotate": [1.60764, 0.0, -0.0]}, "1": {"translate": [-0.194, 0.977, -2.651], "rotate": [1.44688, 0.0, -0.0]}, "2": {"translate": [-0.18, 0.872, -2.545], "rotate": [1.28611, 0.0, -0.0]}, "3": {"translate": [-0.149, 0.704, -2.295], "rotate": [1.12535, 0.0, -0.0]}, "4": {"translate": [-0.107, 0.497, -1.943], "rotate": [0.96458, 0.0, -0.0]}, "5": {"translate": [-0.066, 0.308, -1.589], "rotate": [0.80382, 0.0, -0.0]}, "6": {"translate": [-0.034, 0.169, -1.248], "rotate": [0.64306, 0.0, -0.0]}, "7": {"translate": [-0.013, 0.078, -0.936], "rotate": [0.48229, 0.0, -0.0]}, "8": {"translate": [-0.003, 0.028, -0.671], "rotate": [0.32153, 0.0, -0.0]}, "9": {"translate": [-0.0, 0.006, -0.47], "rotate": [0.16076, 0.0, -0.0]}, "10": {"translate": [0.0, 0.001, -0.349], "rotate": [0.0, 0.0, -0.0]}, "11": {"translate": [-0.0, -0.002, -0.291], "rotate": [-0.15656, 0.0, -0.0]}, "12": {"translate": [-0.0, -0.009, -0.257], "rotate": [-0.31312, 0.0, -0.0]}, "13": {"translate": [-0.0, -0.018, -0.235], "rotate": [-0.46967, 0.0, -0.0]}, "14": {"translate": [-0.0, -0.027, -0.214], "rotate": [-0.62623, 0.0, -0.0]}, "15": {"translate": [-0.001, -0.034, -0.182], "rotate": [-0.78279, 0.0, -0.0]}, "16": {"translate": [-0.002, -0.036, -0.128], "rotate": [-0.93935, 0.0, -0.0]}, "17": {"translate": [-0.005, -0.028, -0.05], "rotate": [-1.09591, 0.0, -0.0]}, "18": {"translate": [-0.012, -0.012, 0.037], "rotate": [-1.25247, 0.0, -0.0]}, "19": {"translate": [-0.021, 0.006, 0.128], "rotate": [-1.40902, 0.0, -0.0]}, "20": {"translate": [-0.031, 0.02, 0.217], "rotate": [-1.56558, 0.0, -0.0]}}}, {"name": "leftHand", "keyframes": {"0": {"translate": [-0.0, 0.0, -0.0], "rotate": [0.0, 0.0, -0.0]},