{"format_version": "0.2", "frame_length": 10, "parts": [{"name": "root", "keyframes": {"0": {"translate": [0.0, -0.0, -0.0], "rotate": [0.0, 0.0, -0.0]}, "1": {"translate": [0.0, -0.0, -0.0], "rotate": [0.0, 0.0, -0.0]}, "2": {"translate": [0.0, -0.0, -0.0], "rotate": [0.0, 0.0, -0.0]}, "3": {"translate": [0.0, -0.0, -0.0], "rotate": [0.0, 0.0, -0.0]}, "4": {"translate": [0.0, -0.0, -0.0], "rotate": [0.0, 0.0, -0.0]}, "5": {"translate": [0.0, -0.0, -0.0], "rotate": [0.0, 0.0, -0.0]}, "6": {"translate": [0.0, -0.0, -0.0], "rotate": [0.0, 0.0, -0.0]}, "7": {"translate": [0.0, -0.0, -0.0], "rotate": [0.0, 0.0, -0.0]}, "8": {"translate": [0.0, -0.0, -0.0], "rotate": [0.0, 0.0, -0.0]}, "9": {"translate": [0.0, -0.0, -0.0], "rotate": [0.0, 0.0, -0.0]}, "10": {"translate": [0.0, -0.0, -0.0], "rotate": [0.0, 0.0, -0.0]}}}, {"name": "leftLeg", "keyframes": {"0": {"translate": [-0.191, 0.008, 0.385], "rotate": [-0.03211, 0.0, -0.01594]}, "1": {"translate": [-0.15, 0.006, 0.356], "rotate": [-0.02965, 0.0, -0.01249]}, "2": {"translate": [-0.09, 0.004, 0.276], "rotate": [-0.023, 0.0, -0.00751]}, "3": {"translate": [-0.081, 0.002, 0.175], "rotate": [-0.01458, 0.0, -0.00678]}, "4": {"translate": [-0.107, 0.001, 0.106], "rotate": [-0.00882, -0.0, -0.00893]}, "5": {"translate": [-0.124, 0.001, 0.079], "rotate": [-0.00655, 0.0, -0.01033]}, "6": {"translate": [-0.131, 0.001, 0.069], "rotate": [-0.00571, 0.0, -0.01092]}, "7": {"translate": [-0.078, 0.002, 0.213], "rotate": [-0.01777, 0.0, -0.00647]}, "8": {"translate": [-0.155, 0.006, 0.36], "rotate": [-0.03003, 0.0, -0.01295]}, "9": {"translate": [-0.186, 0.008, 0.382], "rotate": [-0.03186, 0.0, -0.01554]}, "10": {"translate": [-0.191, 0.008, 0.385], "rotate": [-0.03211, 0.0, -0.01594]}}}, {"name": "rightLeg", "keyframes": {"0": {"translate": [-0.027, 0.023, -0.747], "rotate": [0.06227, 0.0, -0.00227]}, "1": {"translate": [-0.02, 0.018, -0.655], "rotate": [0.05464, 0.0, -0.00165]}, "2": {"translate": [-0.023, 0.009, -0.454], "rotate": [0.03787, -0.0, -0.00192]}, "3": {"translate": [-0.059, 0.003, -0.244], "rotate": [0.02034, 0.0, -0.00489]}, "4": {"translate": [-0.099, 0.001, -0.111], "rotate": [0.00925, -0.0, -0.00826]}, "5": {"translate": [-0.119, 0.001, -0.059], "rotate": [0.00492, 0.0, -0.00988]}, "6": {"translate": [-0.126, 0.001, -0.04], "rotate": [0.00334, 0.0, -0.01052]}, "7": {"translate": [-0.042, 0.004, -0.32], "rotate": [0.02671, 0.0, -0.00348]}, "8": {"translate": [-0.021, 0.019, -0.669], "rotate": [0.05575, 0.0, -0.00172]}, "9": {"translate": [-0.026, 0.023, -0.737], "rotate": [0.06145, 0.0, -0.00218]}, "10": {"translate": [-0.027, 0.023, -0.747], "rotate": [0.06227, 0.0, -0.00227]}}}, {"name": "rightHand", "keyframes": {"0": {"translate": [0.0, 0.0, 0.0], "rotate": [-0.0, 0.0, 0.0]}, "1": {"translate": [0.0, -0.0, -0.0], "rotate": [-0.0, -0.0, -0.0]}, "2": {"translate": [-0.0, 0.0, -0.0], "rotate": [0.0, -0.0, 0.0]}, "3": {"translate": [0.0, 0.0, -0.0], "rotate": [0.0, -0.0, 0.0]}, "4": {"translate": [-0.0, 0.0, -0.0], "rotate": [-0.0, -0.0, -0.0]}, "5": {"translate": [-0.0, 0.0, 0.0], "rotate": [0.0, -0.0, 0.0]}, "6": {"translate": [0.0, 0.0, 0.0], "rotate": [0.0, -0.0, 0.0]}, "7": {"translate": [0.0, -0.0, 0.0], "rotate": [0.0, 0.0, -0.0]}, "8": {"translate": [0.0, 0.0, -0.0], "rotate": [-0.0, 0.0, 0.0]}, "9": {"translate": [0.0, 0.0, 0.0], "rotate": [-0.0, -0.0, 0.0]}, "10": {"translate": [0.0, 0.0, 0.0], "rotate": [-0.0, 0.0, 0.0]}}}, {"name": "rightArm", "keyframes": {"0": {"translate": [0.294, 0.463, -4.512], "rotate": [-1.13818, 0.0199, 0.00919]}, "1": {"translate": [0.224, 0.367, -3.894], "rotate": [-1.298, 0.0199, 0.00919]}, "2": {"translate": [0.124, 0.156, -2.43], "rotate": [-1.69755, 0.0199, 0.00919]}, "3": {"translate": [0.115, -0.066, -0.731], "rotate": [-2.21696, 0.0199, 0.00919]}, "4": {"translate": [0.166, -0.235, 0.553], "rotate": [-2.73638, 0.0199, 0.00919]}, "5": {"translate": [0.203, -0.344, 1.253], "rotate": [-3.13593, 0.0199, 0.00919]}, "6": {"translate": [0.218, -0.386, 1.522], "rotate": [2.98744, 0.0199, 0.00919]}, "7": {"translate": [0.115, -0.083, -0.954], "rotate": [-2.24191, 0.0199, 0.00919]}, "8": {"translate": [0.235, 0.36, -3.897], "rotate": [-1.18807, 0.0199, 0.00919]}, "9": {"translate": [0.286, 0.45, -4.436], "rotate": [-1.25147, 0.0199, 0.00919]}, "10": {"translate": [0.294, 0.463, -4.512], "rotate": [-1.13818, 0.0199, 0.00919]}}}, {"name": "leftHand", "keyframes": {"0": {"translate": [-0.0, -0.0, -0.0], "rotate": [0.0, 0.0, -0.0]}, "1": {"translate": [-0.0, 0.0, -0.0], "rotate": [0.0, -0.0, 0.0]}, "2": {"translate": [0.0, 0.0, -0.0], "rotate": [0.0, -0.0, -0.0]}, "3": {"translate": [0.0, -0.0, -0.0], "rotate": [0.0, 0.0, 0.0]}, "4": {"translate": [0.0, -0.0, -0.0], "rotate": [-0.0, -0.0, -0.0]}, "5": {"translate": [0.0, 0.0, -0.0], "rotate": [-0.0, -0.0, -0.0]}, "6": {"translate": [0.0, -0.0, -0.0], "rotate": [-0.0, -0.0, -0.0]}, "7": {"translate": [-0.0, 0.0, -0.0], "rotate": [-0.0, 0.0, -0.0]}, "8": {"translate": [0.0, 0.0, -0.0], "rotate": [-0.0, 0.0, 0.0]}, "9": {"translate": [0.0, 0.0, 0.0], "rotate": [0.0, 0.0, -0.0]}, "10": {"translate": [-0.0, -0.0, -0.0], "rotate": [0.0, 0.0, -0.0]}}}, {"name": "leftArm", "keyframes": {"0": {"translate": [-0.118, -0.009, -0.323], "rotate": [0.19941, -0.30492, -0.07324]}, "1": {"translate": [-0.106, -0.0, -0.17], "rotate": [0.18644, -0.27405, -0.07135]}, "2": {"translate": [-0.056, 0.039, 0.19], "rotate": [0.15759, -0.20502, -0.06751]}, "3": {"translate": [0.035, 0.114, 0.592], "rotate": [0.12882, -0.13229, -0.06452]}, "4": {"translate": [0.113, 0.181, 0.853], "rotate": [0.11894, -0.0872, -0.06569]}, "5": {"translate": [0.148, 0.211, 0.955], "rotate": [0.1159, -0.06997, -0.06646]}, "6": {"translate": [0.161, 0.223, 0.992], "rotate": [0.09076, -0.06261, -0.05855]}, "7": {"translate": [-0.003, 0.082, 0.443], "rotate": [0.15856, -0.15881, -0.07204]}, "8": {"translate": [-0.108, -0.002, -0.193], "rotate": [0.23622, -0.27706, -0.08745]}, "9": {"translate": [-0.117, -0.008, -0.307], "rotate": [0.21507, -0.30097, -0.07865]}, "10": {"translate": [-0.118, -0.009, -0.323], "rotate": [0.19941, -0.30492, -0.07324]}}}, {"name": "head", "keyframes": {"0": {"translate": [0.128, 0.144, -2.051], "rotate": [0.0, 0.0, -0.0]}, "1": {"translate": [0.085, 0.111, -1.69], "rotate": [0.0, 0.0, -0.0]}, "2": {"translate": [0.045, 0.059, -0.847], "rotate": [0.0, 0.0, -0.0]}, "3": {"translate": [0.089, 0.042, 0.09], "rotate": [0.0, 0.0, -0.0]}, "4": {"translate": [0.167, 0.056, 0.699], "rotate": [0.0, 0.0, -0.0]}, "5": {"translate": [0.208, 0.067, 0.938], "rotate": [0.0, 0.0, -0.0]}, "6": {"translate": [0.224, 0.072, 1.025], "rotate": [0.0, 0.0, -0.0]}, "7": {"translate": [0.062, 0.043, -0.255], "rotate": [0.0, 0.0, -0.0]}, "8": {"translate": [0.091, 0.115, -1.743], "rotate": [0.0, 0.0, -0.0]}, "9": {"translate": [0.122, 0.14, -2.013], "rotate": [0.0, 0.0, -0.0]}, "10": {"translate": [0.128, 0.144, -2.051], "rotate": [0.0, 0.0, -0.0]}}}, {"name": "body", "keyframes": {"0": {"translate": [0.128, 0.144, -2.051], "rotate": [0.16337, -0.28709, -0.02663]}, "1": {"translate": [0.085, 0.111, -1.69], "rotate": [0.13317, -0.2554, -0.01951]}, "2": {"translate": [0.045, 0.059, -0.847], "rotate": [0.06433, -0.18316, -0.00328]}, "3": {"translate": [0.089, 0.042, 0.09], "rotate": [-0.01049, -0.10464, 0.01437]}, "4": {"translate": [0.167, 0.056, 0.699], "rotate": [-0.05864, -0.05411, 0.02572]}, "5": {"translate": [0.208, 0.067, 0.938], "rotate": [-0.07751, -0.03431, 0.03017]}, "6": {"translate": [0.224, 0.072, 1.025], "rotate": [-0.08441, -0.02706, 0.0318]}, "7": {"translate": [0.062, 0.043, -0.255], "rotate": [0.01693, -0.13342, 0.0079]}, "8": {"translate": [0.091, 0.115, -1.743], "rotate": [0.1376, -0.26005, -0.02055]}, "9": {"translate": [0.122, 0.14, -2.013], "rotate": [0.16015, -0.28371, -0.02587]}, "10": {"translate": [0.128, 0.144, -2.051], "rotate": [0.16337, -0.28709, -0.02663]}}}, {"name": "cape", "keyframes": {"0": {"translate": [-0.582, -0.244, -2.185],