{"format_version": "0.2", "frame_length": 10, "parts": [{"name": "root", "keyframes": {"0": {"translate": [0.0, -0.0, -0.0], "rotate": [0.0, 0.0, -0.0]}, "1": {"translate": [0.0, -0.0, -0.0], "rotate": [0.0, 0.0, -0.0]}, "2": {"translate": [0.0, -0.0, -0.0], "rotate": [0.0, 0.0, -0.0]}, "3": {"translate": [0.0, -0.0, -0.0], "rotate": [0.0, 0.0, -0.0]}, "4": {"translate": [0.0, -0.0, -0.0], "rotate": [0.0, 0.0, -0.0]}, "5": {"translate": [0.0, -0.0, -0.0], "rotate": [0.0, 0.0, -0.0]}, "6": {"translate": [0.0, -0.0, -0.0], "rotate": [0.0, 0.0, -0.0]}, "7": {"translate": [0.0, -0.0, -0.0], "rotate": [0.0, 0.0, -0.0]}, "8": {"translate": [0.0, -0.0, -0.0], "rotate": [0.0, 0.0, -0.0]}, "9": {"translate": [0.0, -0.0, -0.0], "rotate": [0.0, 0.0, -0.0]}, "10": {"translate": [0.0, -0.0, -0.0], "rotate": [0.0, 0.0, -0.0]}}}, {"name": "leftLeg", "keyframes": {"0": {"translate": [-0.106, 0.001, 0.086], "rotate": [-0.00713, 0.0, -0.00882]}, "1": {"translate": [-0.114, 0.001, 0.042], "rotate": [-0.00347, 0.0, -0.00947]}, "2": {"translate": [-0.131, 0.001, 0.075], "rotate": [-0.00623, 0.0, -0.01091]}, "3": {"translate": [-0.169, 0.004, 0.236], "rotate": [-0.01964, -0.0, -0.01406]}, "4": {"translate": [-0.227, 0.011, 0.453], "rotate": [-0.03774, 0.0, -0.01891]}, "5": {"translate": [-0.243, 0.018, 0.617], "rotate": [-0.05144, 0.0, -0.02025]}, "6": {"translate": [-0.183, 0.017, 0.613], "rotate": [-0.05112, 0.0, -0.01525]}, "7": {"translate": [-0.118, 0.007, 0.392], "rotate": [-0.03266, 0.0, -0.0098]}, "8": {"translate": [-0.102, 0.002, 0.175], "rotate": [-0.01457, -0.0, -0.00851]}, "9": {"translate": [-0.104, 0.001, 0.114], "rotate": [-0.00953, 0.0, -0.00866]}, "10": {"translate": [-0.106, 0.001, 0.086], "rotate": [-0.00713, 0.0, -0.00882]}}}, {"name": "rightLeg", "keyframes": {"0": {"translate": [-0.102, 0.003, 0.262], "rotate": [-0.0218, 0.0, -0.00851]}, "1": {"translate": [-0.11, 0.003, 0.223], "rotate": [-0.01857, 0.0, -0.00914]}, "2": {"translate": [-0.131, 0.001, 0.082], "rotate": [-0.00685, 0.0, -0.01089]}, "3": {"translate": [-0.151, 0.002, -0.139], "rotate": [0.01156, 0.0, -0.01255]}, "4": {"translate": [-0.155, 0.005, -0.3], "rotate": [0.02501, 0.0, -0.01292]}, "5": {"translate": [-0.135, 0.005, -0.306], "rotate": [0.0255, 0.0, -0.01128]}, "6": {"translate": [-0.122, 0.001, -0.085], "rotate": [0.00712, 0.0, -0.01016]}, "7": {"translate": [-0.11, 0.001, 0.139], "rotate": [-0.01158, 0.0, -0.00915]}, "8": {"translate": [-0.102, 0.003, 0.232], "rotate": [-0.01935, -0.0, -0.00849]}, "9": {"translate": [-0.101, 0.003, 0.258], "rotate": [-0.02148, 0.0, -0.00846]}, "10": {"translate": [-0.102, 0.003, 0.262], "rotate": [-0.0218, 0.0, -0.00851]}}}, {"name": "rightHand", "keyframes": {"0": {"translate": [0.0, 0.0, 0.0], "rotate": [-0.0, -0.0, -0.0]}, "1": {"translate": [-0.0, -0.0, -0.0], "rotate": [0.14449, 0.11559, -0.06186]}, "2": {"translate": [-0.0, 0.0, 0.0], "rotate": [0.41213, 0.35078, -0.279]}, "3": {"translate": [0.0, 0.0, -0.0], "rotate": [0.76027, 0.71361, -0.83826]}, "4": {"translate": [0.0, -0.0, -0.0], "rotate": [0.98525, 0.95683, -1.24224]}, "5": {"translate": [0.0, -0.0, -0.0], "rotate": [0.90458, 0.92962, -1.01637]}, "6": {"translate": [0.0, 0.0, -0.0], "rotate": [0.75713, 0.85599, -0.66153]}, "7": {"translate": [0.0, -0.0, 0.0], "rotate": [0.5992, 0.71015, -0.44408]}, "8": {"translate": [0.0, 0.0, 0.0], "rotate": [0.40643, 0.48858, -0.28448]}, "9": {"translate": [0.0, 0.0, 0.0], "rotate": [0.19973, 0.23672, -0.14803]}, "10": {"translate": [0.0, 0.0, 0.0], "rotate": [-0.0, -0.0, -0.0]}}}, {"name": "rightArm", "keyframes": {"0": {"translate": [-0.133, 0.13, 0.456], "rotate": [-0.58106, -0.19997, 0.23077]}, "1": {"translate": [-0.116, 0.12, 0.38], "rotate": [-0.69184, 0.20972, 0.48558]}, "2": {"translate": [-0.084, 0.099, 0.002], "rotate": [-0.85141, 0.70482, 0.74039]}, "3": {"translate": [-0.011, 0.08, -0.653], "rotate": [-0.93586, 0.18211, 0.16683]}, "4": {"translate": [0.105, 0.079, -1.263], "rotate": [-0.9715, -0.55066, -0.45779]}, "5": {"translate": [0.139, 0.097, -1.391], "rotate": [-0.94978, -0.69927, -0.48923]}, "6": {"translate": [0.014, 0.127, -0.902], "rotate": [-0.89134, -0.68768, -0.40624]}, "7": {"translate": [-0.116, 0.153, -0.153], "rotate": [-0.80631, -0.57776, -0.2492]}, "8": {"translate": [-0.142, 0.156, 0.32], "rotate": [-0.70478, -0.43137, -0.05847]}, "9": {"translate": [-0.138, 0.141, 0.437], "rotate": [-0.61632, -0.27966, 0.13468]}, "10": {"translate": [-0.133, 0.13, 0.456], "rotate": [-0.58106, -0.19997, 0.23077]}}}, {"name": "leftHand", "keyframes": {"0": {"translate": [-0.0, -0.0, -0.0], "rotate": [-0.0, -0.0, -0.0]}, "1": {"translate": [-0.0, 0.0, -0.0], "rotate": [0.0, -0.0, -0.0]}, "2": {"translate": [-0.0, -0.0, -0.0], "rotate": [-0.0, 0.0, -0.0]}, "3": {"translate": [0.0, 0.0, -0.0], "rotate": [-0.0, 0.0, -0.0]}, "4": {"translate": [0.0, 0.0, -0.0], "rotate": [0.0, 0.0, 0.0]}, "5": {"translate": [-0.0, 0.0, -0.0], "rotate": [0.0, -0.0, -0.0]}, "6": {"translate": [-0.0, -0.0, 0.0], "rotate": [0.0, 0.0, 0.0]}, "7": {"translate": [0.0, 0.0, -0.0], "rotate": [0.0, -0.0, 0.0]}, "8": {"translate": [0.0, -0.0, 0.0], "rotate": [-0.0, -0.0, 0.0]}, "9": {"translate": [-0.0, 0.0, 0.0], "rotate": [-0.0, -0.0, 0.0]}, "10": {"translate": [-0.0, -0.0, -0.0], "rotate": [-0.0, -0.0, -0.0]}}}, {"name": "leftArm", "keyframes": {"0": {"translate": [-0.146, 0.104, 0.164], "rotate": [-0.05789, 0.08936, -0.07906]}, "1": {"translate": [-0.13, 0.119, 0.075], "rotate": [-0.07279, 0.11614, -0.07227]}, "2": {"translate": [-0.094, 0.153, 0.127], "rotate": [-0.06642, 0.08407, -0.06374]}, "3": {"translate": [-0.078, 0.189, 0.415], "rotate": [-0.02819, -0.03037, -0.06064]}, "4": {"translate": [-0.108, 0.209, 0.738], "rotate": [0.0332, -0.16969, -0.06781]}, "5": {"translate": [-0.168, 0.198, 1.029], "rotate": [0.07469, -0.25869, -0.08224]}, "6": {"translate": [-0.171, 0.169, 0.965], "rotate": [0.07534, -0.22428, -0.09151]}, "7": {"translate": [-0.155, 0.142, 0.615], "rotate": [0.03683, -0.10562, -0.09254]}, "8": {"translate": [-0.151, 0.125, 0.322], "rotate": [-0.00424, -0.00537, -0.08972]}, "9": {"translate": [-0.149, 0.11, 0.227], "rotate": [-0.03354, 0.04842, -0.08457]}, "10": {"translate": [-0.146, 0.104, 0.164], "rotate": [-0.05789, 0.08936, -0.07906]}}}, {"name": "head", "keyframes": {"0": {"translate": [-0.144, 0.112, 0.251], "rotate": [0.0, 0.0, -0.0]}, "1": {"translate": [-0.123, 0.114, 0.16], "rotate": [0.0, 0.0, -0.0]}, "2": {"translate": [-0.075, 0.122, -0.024], "rotate": [0.0, 0.0, -0.0]}, "3": {"translate": [-0.008, 0.132, -0.238], "rotate": [0.0, 0.0, -0.0]}, "4": {"translate": [0.058, 0.144, -0.414], "rotate": [0.0, 0.0, -0.0]}, "5": {"translate": [0.046, 0.148, -0.33], "rotate": [0.0, 0.0, -0.0]}, "6": {"translate": [-0.043, 0.146, -0.099], "rotate": [0.0, 0.0, -0.0]}, "7": {"translate": [-0.128, 0.143, 0.139], "rotate": [0.0, 0.0, -0.0]}, "8": {"translate": [-0.151, 0.135, 0.259], "rotate": [0.0, 0.0, -0.0]}, "9": {"translate": [-0.149, 0.12, 0.275], "rotate": [0.0, 0.0, -0.0]}, "10": {"translate": [-0.144, 0.112, 0.251], "rotate": [0.0, 0.0, -0.0]}}}, {"name": "body", "keyframes": {"0": {"translate": [-0.144, 0.112, 0.251], "rotate": [-0.00662, 0.04357, -0.00373]}, "1": {"translate": [-0.123, 0.114, 0.16], "rotate": [-0.00245, 0.04486, -0.00113]}, "2": {"translate": [-0.075, 0.122, -0.024], "rotate": [0.0085, 0.00187, 0.00458]}, "3": {"translate": [-0.008, 0.132, -0.238], "rotate": [0.0239, -0.09272, 0.0103]}, "4": {"translate": [0.058, 0.144, -0.414], "rotate": [0.04143, -0.1873, 0.01289]}, "5": {"translate": [0.046, 0.148, -0.33], "rotate": [0.0414, -0.23029, 0.00996]}, "6": {"translate": [-0.043, 0.146, -0.099], "rotate": [0.03043, -0.17362, 0.00373]}, "7": {"translate": [-0.128, 0.143, 0.139], "rotate": [0.0103, -0.06264, -0.00196]}, "8": {"translate": [-0.151, 0.135, 0.259], "rotate": [-0.00481, 0.0141, -0.00425]}, "9": {"translate": [-0.149, 0.12, 0.275], "rotate": [-0.00759, 0.03545, -0.00419]},