{"format_version": "0.2", "frame_length": 10, "parts": [{"name": "root", "keyframes": {"0": {"translate": [0.0, -0.0, -0.0], "rotate": [0.0, 0.0, -0.0]}, "1": {"translate": [0.0, -0.0, -0.0], "rotate": [0.0, 0.0, -0.0]}, "2": {"translate": [0.0, -0.0, -0.0], "rotate": [0.0, 0.0, -0.0]}, "3": {"translate": [0.0, -0.0, -0.0], "rotate": [0.0, 0.0, -0.0]}, "4": {"translate": [0.0, -0.0, -0.0], "rotate": [0.0, 0.0, -0.0]}, "5": {"translate": [0.0, -0.0, -0.0], "rotate": [0.0, 0.0, -0.0]}, "6": {"translate": [0.0, -0.0, -0.0], "rotate": [0.0, 0.0, -0.0]}, "7": {"translate": [0.0, -0.0, -0.0], "rotate": [0.0, 0.0, -0.0]}, "8": {"translate": [0.0, -0.0, -0.0], "rotate": [0.0, 0.0, -0.0]}, "9": {"translate": [0.0, -0.0, -0.0], "rotate": [0.0, 0.0, -0.0]}, "10": {"translate": [0.0, -0.0, -0.0], "rotate": [0.0, 0.0, -0.0]}}}, {"name": "leftLeg", "keyframes": {"0": {"translate": [-0.113, 0.001, -0.002], "rotate": [0.0002, 0.0, -0.0094]}, "1": {"translate": [-0.115, 0.001, 0.017], "rotate": [-0.00142, -0.0, -0.00959]}, "2": {"translate": [-0.131, 0.001, 0.098], "rotate": [-0.00816, 0.0, -0.01095]}, "3": {"translate": [-0.164, 0.003, 0.202], "rotate": [-0.01687, 0.0, -0.01369]}, "4": {"translate": [-0.189, 0.005, 0.293], "rotate": [-0.02442, 0.0, -0.0158]}, "5": {"translate": [-0.167, 0.005, 0.294], "rotate": [-0.02451, 0.0, -0.01391]}, "6": {"translate": [-0.13, 0.003, 0.242], "rotate": [-0.02021, 0.0, -0.01083]}, "7": {"translate": [-0.113, 0.001, 0.133], "rotate": [-0.01106, -0.0, -0.00939]}, "8": {"translate": [-0.11, 0.001, 0.04], "rotate": [-0.00337, 0.0, -0.00915]}, "9": {"translate": [-0.112, 0.001, 0.012], "rotate": [-0.00098, 0.0, -0.00931]}, "10": {"translate": [-0.113, 0.001, -0.002], "rotate": [0.0002, 0.0, -0.0094]}}}, {"name": "rightLeg", "keyframes": {"0": {"translate": [-0.097, 0.005, 0.35], "rotate": [-0.02915, 0.0, -0.00813]}, "1": {"translate": [-0.109, 0.003, 0.247], "rotate": [-0.02061, 0.0, -0.00905]}, "2": {"translate": [-0.131, 0.001, 0.059], "rotate": [-0.00493, 0.0, -0.01091]}, "3": {"translate": [-0.152, 0.001, -0.105], "rotate": [0.00878, 0.0, -0.01265]}, "4": {"translate": [-0.166, 0.002, -0.137], "rotate": [0.01141, 0.0, -0.0138]}, "5": {"translate": [-0.157, 0.001, 0.025], "rotate": [-0.00206, -0.0, -0.0131]}, "6": {"translate": [-0.129, 0.004, 0.289], "rotate": [-0.0241, 0.0, -0.01079]}, "7": {"translate": [-0.104, 0.007, 0.398], "rotate": [-0.0332, 0.0, -0.00867]}, "8": {"translate": [-0.097, 0.006, 0.367], "rotate": [-0.03056, 0.0, -0.00806]}, "9": {"translate": [-0.097, 0.006, 0.361], "rotate": [-0.03005, 0.0, -0.00807]}, "10": {"translate": [-0.097, 0.005, 0.35], "rotate": [-0.02915, 0.0, -0.00813]}}}, {"name": "rightHand", "keyframes": {"0": {"translate": [-0.0, 0.0, -0.0], "rotate": [0.0, 0.0, 0.0]}, "1": {"translate": [-0.0, 0.0, 0.0], "rotate": [-0.0, 0.0, -0.0]}, "2": {"translate": [-0.0, 0.0, -0.0], "rotate": [-0.0, -0.0, 0.0]}, "3": {"translate": [-0.0, -0.0, 0.0], "rotate": [-0.0, 0.0, -0.0]}, "4": {"translate": [-0.0, 0.0, -0.0], "rotate": [0.0, 0.0, 0.0]}, "5": {"translate": [0.0, -0.0, -0.0], "rotate": [0.0, 0.0, 0.0]}, "6": {"translate": [0.0, 0.0, -0.0], "rotate": [0.0, -0.0, -0.0]}, "7": {"translate": [-0.0, -0.0, -0.0], "rotate": [0.0, 0.0, 0.0]}, "8": {"translate": [-0.0, 0.0, -0.0], "rotate": [-0.0, -0.0, -0.0]}, "9": {"translate": [-0.0, 0.0, 0.0], "rotate": [-0.0, -0.0, -0.0]}, "10": {"translate": [-0.0, 0.0, -0.0], "rotate": [0.0, 0.0, 0.0]}}}, {"name": "rightArm", "keyframes": {"0": {"translate": [-0.362, 0.416, 0.078], "rotate": [-1.09023, 0.03209, 0.32646]}, "1": {"translate": [-0.304, 0.297, 0.768], "rotate": [-1.79614, -0.01841, 0.28657]}, "2": {"translate": [-0.174, 0.071, -0.412], "rotate": [-1.78315, -0.15727, 0.31977]}, "3": {"translate": [-0.058, -0.057, -1.611], "rotate": [-1.69138, -0.30856, 0.34038]}, "4": {"translate": [-0.029, -0.03, -1.749], "rotate": [-1.42145, -0.25121, 0.33861]}, "5": {"translate": [-0.095, 0.032, -1.287], "rotate": [-0.92016, -0.1454, 0.33593]}, "6": {"translate": [-0.155, 0.081, -0.639], "rotate": [-1.03449, -0.06406, 0.33447]}, "7": {"translate": [-0.17, 0.135, -0.14], "rotate": [-1.16956, -0.0107, 0.33308]}, "8": {"translate": [-0.223, 0.24, 0.04], "rotate": [-1.16576, 0.01169, 0.33096]}, "9": {"translate": [-0.314, 0.359, 0.089], "rotate": [-1.1167, 0.02685, 0.3285]}, "10": {"translate": [-0.362, 0.416, 0.078], "rotate": [-1.09023, 0.03209, 0.32646]}}}, {"name": "leftHand", "keyframes": {"0": {"translate": [-0.0, -0.0, 0.0], "rotate": [-0.0, 0.0, -0.0]}, "1": {"translate": [-0.0, 0.0, 0.0], "rotate": [0.0, -0.0, -0.0]}, "2": {"translate": [0.0, -0.0, -0.0], "rotate": [0.0, -0.0, 0.0]}, "3": {"translate": [-0.0, 0.0, -0.0], "rotate": [0.0, -0.0, -0.0]}, "4": {"translate": [0.0, -0.0, -0.0], "rotate": [-0.0, 0.0, 0.0]}, "5": {"translate": [0.0, 0.0, -0.0], "rotate": [-0.0, 0.0, 0.0]}, "6": {"translate": [0.0, 0.0, -0.0], "rotate": [-0.0, -0.0, -0.0]}, "7": {"translate": [-0.0, -0.0, -0.0], "rotate": [0.0, 0.0, 0.0]}, "8": {"translate": [-0.0, 0.0, -0.0], "rotate": [-0.0, 0.0, -0.0]}, "9": {"translate": [-0.0, 0.0, -0.0], "rotate": [-0.0, -0.0, 0.0]}, "10": {"translate": [-0.0, -0.0, 0.0], "rotate": [-0.0, 0.0, -0.0]}}}, {"name": "leftArm", "keyframes": {"0": {"translate": [-0.152, 0.104, -0.054], "rotate": [-0.06121, 0.13299, -0.07943]}, "1": {"translate": [-0.131, 0.119, 0.014], "rotate": [-0.07366, 0.1283, -0.07238]}, "2": {"translate": [-0.095, 0.153, 0.184], "rotate": [-0.06563, 0.07268, -0.06368]}, "3": {"translate": [-0.071, 0.189, 0.333], "rotate": [-0.02936, -0.01386, -0.06061]}, "4": {"translate": [-0.057, 0.21, 0.338], "rotate": [0.02666, -0.08909, -0.06697]}, "5": {"translate": [-0.064, 0.199, 0.22], "rotate": [0.05961, -0.0956, -0.07957]}, "6": {"translate": [-0.103, 0.17, 0.044], "rotate": [0.05781, -0.03985, -0.08919]}, "7": {"translate": [-0.145, 0.142, -0.024], "rotate": [0.02525, 0.02216, -0.09206]}, "8": {"translate": [-0.156, 0.125, -0.01], "rotate": [-0.00993, 0.06099, -0.08988]}, "9": {"translate": [-0.155, 0.11, -0.028], "rotate": [-0.03765, 0.09923, -0.08487]}, "10": {"translate": [-0.152, 0.104, -0.054], "rotate": [-0.06121, 0.13299, -0.07943]}}}, {"name": "head", "keyframes": {"0": {"translate": [-0.142, 0.112, 0.251], "rotate": [0.0, 0.0, -0.0]}, "1": {"translate": [-0.123, 0.114, 0.16], "rotate": [0.0, 0.0, -0.0]}, "2": {"translate": [-0.074, 0.122, -0.024], "rotate": [0.0, 0.0, -0.0]}, "3": {"translate": [-0.011, 0.132, -0.238], "rotate": [0.0, 0.0, -0.0]}, "4": {"translate": [0.032, 0.144, -0.417], "rotate": [0.0, 0.0, -0.0]}, "5": {"translate": [-0.008, 0.147, -0.338], "rotate": [0.0, 0.0, -0.0]}, "6": {"translate": [-0.088, 0.146, -0.102], "rotate": [0.0, 0.0, -0.0]}, "7": {"translate": [-0.139, 0.143, 0.139], "rotate": [0.0, 0.0, -0.0]}, "8": {"translate": [-0.149, 0.135, 0.259], "rotate": [0.0, 0.0, -0.0]}, "9": {"translate": [-0.146, 0.12, 0.275], "rotate": [0.0, 0.0, -0.0]}, "10": {"translate": [-0.142, 0.112, 0.251], "rotate": [0.0, 0.0, -0.0]}}}, {"name": "body", "keyframes": {"0": {"translate": [-0.142, 0.112, 0.251], "rotate": [-0.00662, 0.08733, -0.00373]}, "1": {"translate": [-0.123, 0.114, 0.16], "rotate": [-0.00245, 0.05705, -0.00113]}, "2": {"translate": [-0.074, 0.122, -0.024], "rotate": [0.0085, -0.00955, 0.00458]}, "3": {"translate": [-0.011, 0.132, -0.238], "rotate": [0.0239, -0.07616, 0.0103]}, "4": {"translate": [0.032, 0.144, -0.417], "rotate": [0.04143, -0.10644, 0.01289]}, "5": {"translate": [-0.008, 0.147, -0.338], "rotate": [0.0414, -0.06653, 0.00996]}, "6": {"translate": [-0.088, 0.146, -0.102], "rotate": [0.03043, 0.01163, 0.00373]}, "7": {"translate": [-0.139, 0.143, 0.139], "rotate": [0.0103, 0.06567, -0.00196]}, "8": {"translate": [-0.149, 0.135, 0.259], "rotate": [-0.00481, 0.0807, -0.00425]}, "9": {"translate": [-0.146, 0.12, 0.275], "rotate": [-0.00759, 0.08642, -0.00419]}, "10": {"translate": [-0.142, 0.112, 0.251], "rotate": [-0.00662, 0.08733, -0.00373]}}}, {"name": "cape",