{"frame_length": 16, "parts": [{"name": "leftLeg", "keyframes": {"0": {"x": 0.069, "y": -6.989, "z": -1.716, "xRot": -0.20455, "yRot": 0.0, "zRot": 0.0059}, "1": {"x": 0.068, "y": -5.388, "z": -1.397, "xRot": -0.23084, "yRot": -0.0, "zRot": 0.00579}, "2": {"x": 0.059, "y": -3.848, "z": -1.337, "xRot": -0.23352, "yRot": -0.0, "zRot": 0.00504}, "3": {"x": 0.04, "y": -2.436, "z": -1.867, "xRot": -0.18496, "yRot": -0.0, "zRot": 0.00341}, "4": {"x": 0.013, "y": -0.997, "z": -2.393, "xRot": -0.13658, "yRot": 0.0, "zRot": 0.00113}, "5": {"x": -0.012, "y": 0.479, "z": -2.836, "xRot": -0.09552, "yRot": -0.0, "zRot": -0.00101}, "6": {"x": -0.036, "y": 1.984, "z": -3.138, "xRot": -0.06689, "yRot": -0.0, "zRot": -0.003}, "7": {"x": -0.058, "y": 3.506, "z": -3.291, "xRot": -0.05176, "yRot": -0.0, "zRot": -0.00488}, "8": {"x": -0.069, "y": 5.036, "z": -3.335, "xRot": -0.04718, "yRot": -0.0, "zRot": -0.00575}, "9": {"x": -0.066, "y": 4.404, "z": -2.085, "xRot": 0.06571, "yRot": -0.0, "zRot": -0.00554}, "10": {"x": -0.048, "y": 3.332, "z": -0.953, "xRot": 0.20982, "yRot": -0.0, "zRot": -0.00407}, "11": {"x": -0.02, "y": 1.271, "z": -1.072, "xRot": 0.24664, "yRot": -0.0, "zRot": -0.00172}, "12": {"x": 0.011, "y": -1.772, "z": -1.497, "xRot": 0.27742, "yRot": -0.0, "zRot": 0.00094}, "13": {"x": 0.04, "y": -4.825, "z": -2.159, "xRot": 0.28951, "yRot": 0.0, "zRot": 0.00346}, "14": {"x": 0.06, "y": -6.99, "z": -2.682, "xRot": 0.24417, "yRot": -0.0, "zRot": 0.00517}, "15": {"x": 0.067, "y": -7.645, "z": -2.321, "xRot": 0.00168, "yRot": -0.0, "zRot": 0.00557}, "16": {"x": 0.069, "y": -6.989, "z": -1.716, "xRot": -0.20455, "yRot": 0.0, "zRot": 0.0059}}}, {"name": "rightLeg", "keyframes": {"0": {"x": 0.057, "y": 5.028, "z": -3.523, "xRot": -0.03145, "yRot": -0.0, "zRot": 0.00472}, "1": {"x": 0.054, "y": 4.415, "z": -2.245, "xRot": 0.07912, "yRot": -0.0, "zRot": 0.00453}, "2": {"x": 0.043, "y": 3.356, "z": -1.065, "xRot": 0.21938, "yRot": -0.0, "zRot": 0.00368}, "3": {"x": 0.028, "y": 1.3, "z": -1.185, "xRot": 0.25626, "yRot": -0.0, "zRot": 0.00242}, "4": {"x": 0.012, "y": -1.74, "z": -1.613, "xRot": 0.28715, "yRot": -0.0, "zRot": 0.00105}, "5": {"x": 0.003, "y": -4.783, "z": -2.3, "xRot": 0.30146, "yRot": 0.0, "zRot": 0.00024}, "6": {"x": 0.002, "y": -6.938, "z": -2.884, "xRot": 0.2615, "yRot": -0.0, "zRot": 0.00017}, "7": {"x": 0.012, "y": -7.638, "z": -2.697, "xRot": 0.03313, "yRot": 0.0, "zRot": 0.001}, "8": {"x": 0.021, "y": -7.085, "z": -2.235, "xRot": -0.16056, "yRot": -0.0, "zRot": 0.00178}, "9": {"x": 0.014, "y": -5.495, "z": -1.902, "xRot": -0.1878, "yRot": -0.0, "zRot": 0.00122}, "10": {"x": 0.004, "y": -3.949, "z": -1.8, "xRot": -0.19402, "yRot": 0.0, "zRot": 0.00032}, "11": {"x": 0.001, "y": -2.502, "z": -2.254, "xRot": -0.15222, "yRot": -0.0, "zRot": 0.00013}, "12": {"x": 0.01, "y": -1.035, "z": -2.704, "xRot": -0.11049, "yRot": -0.0, "zRot": 0.00084}, "13": {"x": 0.025, "y": 0.457, "z": -3.096, "xRot": -0.07379, "yRot": -0.0, "zRot": 0.00205}, "14": {"x": 0.04, "y": 1.971, "z": -3.363, "xRot": -0.0481, "yRot": -0.0, "zRot": 0.00334}, "15": {"x": 0.052, "y": 3.497, "z": -3.489, "xRot": -0.03521, "yRot": -0.0, "zRot": 0.00432}, "16": {"x": 0.057, "y": 5.028, "z": -3.523, "xRot": -0.03145, "yRot": -0.0, "zRot": 0.00472}}}, {"name": "body", "keyframes": {"0": {"x": -1.264, "y": 3.181, "z": 1.218, "xRot": -0.07223, "yRot": -0.15335, "zRot": -0.14958}, "1": {"x": -1.134, "y": 4.278, "z": 1.601, "xRot": -0.07223, "yRot": -0.13766, "zRot": -0.13428}, "2": {"x": -0.867, "y": 4.648, "z": 1.986, "xRot": -0.07223, "yRot": -0.10543, "zRot": -0.10284}, "3": {"x": -0.501, "y": 4.16, "z": 1.961, "xRot": -0.07223, "yRot": -0.06153, "zRot": -0.06001}, "4": {"x": -0.041, "y": 3.14, "z": 1.854, "xRot": -0.07223, "yRot": -0.00643, "zRot": -0.00626}, "5": {"x": 0.382, "y": 2.145, "z": 1.625, "xRot": -0.07223, "yRot": 0.04417, "zRot": 0.0431}, "6": {"x": 0.778, "y": 1.717, "z": 1.385, "xRot": -0.07223, "yRot": 0.09165, "zRot": 0.08941}, "7": {"x": 1.134, "y": 2.003, "z": 1.257, "xRot": -0.07223, "yRot": 0.13463, "zRot": 0.13133}, "8": {"x": 1.289, "y": 3.181, "z": 1.218, "xRot": -0.07223, "yRot": 0.15334, "zRot": 0.14959}, "9": {"x": 1.18, "y": 4.281, "z": 1.601, "xRot": -0.07223, "yRot": 0.14017, "zRot": 0.13674}, "10": {"x": 0.892, "y": 4.648, "z": 1.986, "xRot": -0.07223, "yRot": 0.10542, "zRot": 0.10285}, "11": {"x": 0.483, "y": 4.158, "z": 1.961, "xRot": -0.07223, "yRot": 0.0563, "zRot": 0.05493}, "12": {"x": 0.013, "y": 3.14, "z": 1.854, "xRot": -0.07223, "yRot": -0.0, "zRot": 0.0}, "13": {"x": -0.458, "y": 2.151, "z": 1.625, "xRot": -0.07223, "yRot": -0.05631, "zRot": -0.05492}, "14": {"x": -0.867, "y": 1.729, "z": 1.384, "xRot": -0.07223, "yRot": -0.10543, "zRot": -0.10284}, "15": {"x": -1.155, "y": 2.009, "z": 1.256, "xRot": -0.07223, "yRot": -0.14017, "zRot": -0.13673}, "16": {"x": -1.264, "y": 3.181, "z": 1.218, "xRot": -0.07223, "yRot": -0.15335, "zRot": -0.14958}}}, {"name": "cloak", "keyframes": {"0": {"x": -1.613, "y": 3.416, "z": 1.182, "xRot": 0.324, "yRot": -0.0621, "zRot": 0.03944}, "1": {"x": -1.449, "y": 4.503, "z": 1.571, "xRot": 0.34716, "yRot": 0.0026, "zRot": 0.00259}, "2": {"x": -1.109, "y": 4.855, "z": 1.965, "xRot": 0.324, "yRot": 0.0673, "zRot": -0.03426}, "3": {"x": -0.644, "y": 4.35, "z": 1.949, "xRot": 0.27304, "yRot": 0.12374, "zRot": -0.0664}, "4": {"x": -0.056, "y": 3.321, "z": 1.847, "xRot": 0.22208, "yRot": 0.16366, "zRot": -0.08914}, "5": {"x": 0.484, "y": 2.33, "z": 1.616, "xRot": 0.19892, "yRot": 0.1788, "zRot": -0.09776}, "6": {"x": 0.989, "y": 1.917, "z": 1.368, "xRot": 0.22208, "yRot": 0.16366, "zRot": -0.08914}, "7": {"x": 1.443, "y": 2.225, "z": 1.227, "xRot": 0.27304, "yRot": 0.12374, "zRot": -0.0664}, "8": {"x": 1.639, "y": 3.416, "z": 1.182, "xRot": 0.324, "yRot": 0.0673, "zRot": -0.03426}, "9": {"x": 1.501, "y": 4.507, "z": 1.57, "xRot": 0.34716, "yRot": 0.0026, "zRot": 0.00259}, "10": {"x": 1.135, "y": 4.855, "z": 1.965, "xRot": 0.324, "yRot": -0.0621, "zRot": 0.03944}, "11": {"x": 0.613, "y": 4.345, "z": 1.95, "xRot": 0.27304, "yRot": -0.11855, "zRot": 0.07159}, "12": {"x": 0.013, "y": 3.321, "z": 1.847, "xRot": 0.22208, "yRot": -0.15847, "zRot": 0.09432}, "13": {"x": -0.588, "y": 2.338, "z": 1.614, "xRot": 0.19892, "yRot": -0.17361, "zRot": 0.10295}, "14": {"x": -1.109, "y": 1.935, "z": 1.364, "xRot": 0.22208, "yRot": -0.15847, "zRot": 0.09432}, "15": {"x": -1.475, "y": 2.235, "z": 1.225, "xRot": 0.27304, "yRot": -0.11855, "zRot": 0.07159}, "16": {"x": -1.613, "y": 3.416, "z": 1.182, "xRot": 0.324, "yRot": -0.0621, "zRot": 0.03944}}}, {"name": "head", "keyframes": {"0": {"x": -1.264, "y": 3.181, "z": 1.218, "xRot": 0.0, "yRot": -0.0, "zRot": -0.0}, "1": {"x": -1.134, "y": 4.278, "z": 1.601, "xRot": 0.0, "yRot": -0.0, "zRot": -0.0}, "2": {"x": -0.867, "y": 4.648, "z": 1.986, "xRot": 0.0, "yRot": -0.0, "zRot": -0.0}, "3": {"x": -0.501, "y": 4.16, "z": 1.961, "xRot": 0.0, "yRot": -0.0, "zRot": -0.0}, "4": {"x": -0.041, "y": 3.14, "z": 1.854, "xRot": 0.0, "yRot": -0.0, "zRot": -0.0}, "5": {"x": 0.382, "y": 2.145, "z": 1.625, "xRot": 0.0, "yRot": -0.0, "zRot": -0.0}, "6": {"x": 0.778, "y": 1.717, "z": 1.385, "xRot": 0.0, "yRot": -0.0, "zRot": -0.0}, "7": {"x": 1.134, "y": 2.003, "z": 1.257, "xRot": 0.0, "yRot": -0.0, "zRot": -0.0}, "8": {"x": 1.289, "y": 3.181, "z": 1.218, "xRot": 0.0, "yRot": -0.0, "zRot": -0.0}, "9": {"x": 1.18, "y": 4.281, "z": 1.601, "xRot": 0.0, "yRot": -0.0, "zRot": -0.0}, "10": {"x": 0.892, "y": 4.648, "z": 1.986, "xRot": 0.0, "yRot": -0.0, "zRot": -0.0}, "11": {"x": 0.483, "y": 4.158, "z": 1.961, "xRot": 0.0, "yRot": -0.0, "zRot": -0.0}, "12": {"x": 0.013, "y": 3.14, "z": 1.854, "xRot": 0.0, "yRot": -0.0, "zRot": -0.0}, "13": {"x": -0.458, "y": 2.151, "z": 1.625, "xRot": 0.0, "yRot": -0.0, "zRot": -0.0}, "14": {"x": -0.867, "y": 1.729, "z": 1.384, "xRot": 0.0, "yRot": -0.0, "zRot": -0.0}, "15": {"x": -1.155, "y": 2.009, "z": 1.256, "xRot": 0.0, "yRot": -0.0, "zRot": -0.0}, "16": {"x": -1.264, "y": 3.181,