{"format_version": "0.2", "frame_length": 16, "parts": [{"name": "root", "keyframes": {"0": {"translate": [0.0, -0.0, -0.0], "rotate": [0.0, 0.0, -0.0]}, "1": {"translate": [0.0, -0.0, -0.0], "rotate": [0.0, 0.0, -0.0]}, "2": {"translate": [0.0, -0.0, -0.0], "rotate": [0.0, 0.0, -0.0]}, "3": {"translate": [0.0, -0.0, -0.0], "rotate": [0.0, 0.0, -0.0]}, "4": {"translate": [0.0, -0.0, -0.0], "rotate": [0.0, 0.0, -0.0]}, "5": {"translate": [0.0, -0.0, -0.0], "rotate": [0.0, 0.0, -0.0]}, "6": {"translate": [0.0, -0.0, -0.0], "rotate": [0.0, 0.0, -0.0]}, "7": {"translate": [0.0, -0.0, -0.0], "rotate": [0.0, 0.0, -0.0]}, "8": {"translate": [0.0, -0.0, -0.0], "rotate": [0.0, 0.0, -0.0]}, "9": {"translate": [0.0, -0.0, -0.0], "rotate": [0.0, 0.0, -0.0]}, "10": {"translate": [0.0, -0.0, -0.0], "rotate": [0.0, 0.0, -0.0]}, "11": {"translate": [0.0, -0.0, -0.0], "rotate": [0.0, 0.0, -0.0]}, "12": {"translate": [0.0, -0.0, -0.0], "rotate": [0.0, 0.0, -0.0]}, "13": {"translate": [0.0, -0.0, -0.0], "rotate": [0.0, 0.0, -0.0]}, "14": {"translate": [0.0, -0.0, -0.0], "rotate": [0.0, 0.0, -0.0]}, "15": {"translate": [0.0, -0.0, -0.0], "rotate": [0.0, 0.0, -0.0]}, "16": {"translate": [0.0, -0.0, -0.0], "rotate": [0.0, 0.0, -0.0]}}}, {"name": "leftLeg", "keyframes": {"0": {"translate": [0.069, -6.989, -1.716], "rotate": [-0.20455, 0.0, 0.0059]}, "1": {"translate": [0.068, -5.388, -1.397], "rotate": [-0.23084, 0.0, 0.00579]}, "2": {"translate": [0.059, -3.848, -1.337], "rotate": [-0.23352, 0.0, 0.00504]}, "3": {"translate": [0.04, -2.436, -1.867], "rotate": [-0.18496, 0.0, 0.00341]}, "4": {"translate": [0.013, -0.997, -2.393], "rotate": [-0.13658, 0.0, 0.00113]}, "5": {"translate": [-0.012, 0.479, -2.836], "rotate": [-0.09552, 0.0, -0.00101]}, "6": {"translate": [-0.036, 1.984, -3.138], "rotate": [-0.06689, 0.0, -0.003]}, "7": {"translate": [-0.058, 3.506, -3.291], "rotate": [-0.05176, 0.0, -0.00488]}, "8": {"translate": [-0.069, 5.036, -3.335], "rotate": [-0.04718, -0.0, -0.00575]}, "9": {"translate": [-0.066, 4.404, -2.085], "rotate": [0.06571, 0.0, -0.00554]}, "10": {"translate": [-0.048, 3.332, -0.953], "rotate": [0.20982, 0.0, -0.00407]}, "11": {"translate": [-0.02, 1.271, -1.072], "rotate": [0.24664, 0.0, -0.00172]}, "12": {"translate": [0.011, -1.772, -1.497], "rotate": [0.27742, -0.0, 0.00094]}, "13": {"translate": [0.04, -4.825, -2.159], "rotate": [0.28951, 0.0, 0.00346]}, "14": {"translate": [0.06, -6.99, -2.682], "rotate": [0.24417, 0.0, 0.00517]}, "15": {"translate": [0.067, -7.645, -2.321], "rotate": [0.00168, 0.0, 0.00557]}, "16": {"translate": [0.069, -6.989, -1.716], "rotate": [-0.20455, 0.0, 0.0059]}}}, {"name": "rightLeg", "keyframes": {"0": {"translate": [0.057, 5.028, -3.523], "rotate": [-0.03145, 0.0, 0.00472]}, "1": {"translate": [0.054, 4.415, -2.245], "rotate": [0.07912, 0.0, 0.00453]}, "2": {"translate": [0.043, 3.356, -1.065], "rotate": [0.21938, 0.0, 0.00368]}, "3": {"translate": [0.028, 1.3, -1.185], "rotate": [0.25626, 0.0, 0.00242]}, "4": {"translate": [0.012, -1.74, -1.613], "rotate": [0.28715, -0.0, 0.00105]}, "5": {"translate": [0.003, -4.783, -2.3], "rotate": [0.30146, 0.0, 0.00024]}, "6": {"translate": [0.002, -6.938, -2.884], "rotate": [0.2615, -0.0, 0.00017]}, "7": {"translate": [0.012, -7.638, -2.697], "rotate": [0.03313, 0.0, 0.001]}, "8": {"translate": [0.021, -7.085, -2.235], "rotate": [-0.16056, -0.0, 0.00178]}, "9": {"translate": [0.014, -5.495, -1.902], "rotate": [-0.1878, 0.0, 0.00122]}, "10": {"translate": [0.004, -3.949, -1.8], "rotate": [-0.19402, 0.0, 0.00032]}, "11": {"translate": [0.001, -2.502, -2.254], "rotate": [-0.15222, 0.0, 0.00013]}, "12": {"translate": [0.01, -1.035, -2.704], "rotate": [-0.11049, 0.0, 0.00084]}, "13": {"translate": [0.025, 0.457, -3.096], "rotate": [-0.07379, -0.0, 0.00205]}, "14": {"translate": [0.04, 1.971, -3.363], "rotate": [-0.0481, 0.0, 0.00334]}, "15": {"translate": [0.052, 3.497, -3.489], "rotate": [-0.03521, -0.0, 0.00432]}, "16": {"translate": [0.057, 5.028, -3.523], "rotate": [-0.03145, 0.0, 0.00472]}}}, {"name": "rightHand", "keyframes": {"0": {"translate": [-0.0, 0.0, -0.0], "rotate": [0.0, 0.0, -0.0]}, "1": {"translate": [0.0, -0.0, -0.0], "rotate": [0.0, -0.0, 0.0]}, "2": {"translate": [-0.0, -0.0, 0.0], "rotate": [-0.0, -0.0, -0.0]}, "3": {"translate": [0.0, 0.0, -0.0], "rotate": [0.0, -0.0, -0.0]}, "4": {"translate": [0.0, 0.0, 0.0], "rotate": [-0.0, 0.0, 0.0]}, "5": {"translate": [-0.0, 0.0, -0.0], "rotate": [-0.0, 0.0, -0.0]}, "6": {"translate": [-0.0, 0.0, -0.0], "rotate": [0.0, 0.0, 0.0]}, "7": {"translate": [0.0, -0.0, -0.0], "rotate": [0.0, -0.0, 0.0]}, "8": {"translate": [0.0, 0.0, -0.0], "rotate": [0.0, -0.0, 0.0]}, "9": {"translate": [-0.0, -0.0, 0.0], "rotate": [0.0, 0.0, -0.0]}, "10": {"translate": [-0.0, -0.0, -0.0], "rotate": [0.0, 0.0, -0.0]}, "11": {"translate": [-0.0, -0.0, 0.0], "rotate": [0.0, -0.0, -0.0]}, "12": {"translate": [0.0, 0.0, -0.0], "rotate": [-0.0, 0.0, 0.0]}, "13": {"translate": [-0.0, -0.0, 0.0], "rotate": [-0.0, 0.0, 0.0]}, "14": {"translate": [-0.0, -0.0, -0.0], "rotate": [-0.0, -0.0, -0.0]}, "15": {"translate": [-0.0, 0.0, -0.0], "rotate": [0.0, 0.0, 0.0]}, "16": {"translate": [-0.0, 0.0, -0.0], "rotate": [0.0, 0.0, -0.0]}}}, {"name": "rightArm", "keyframes": {"0": {"translate": [-0.343, 1.074, -1.705], "rotate": [-2.94418, 0.06152, 0.00451]}, "1": {"translate": [-0.278, 2.263, -0.775], "rotate": [-2.84321, 0.06152, 0.00451]}, "2": {"translate": [-0.142, 2.878, 0.844], "rotate": [-2.6008, 0.06152, 0.00451]}, "3": {"translate": [0.057, 2.669, 2.226], "rotate": [-2.30767, 0.06152, 0.00451]}, "4": {"translate": [0.334, 1.821, 3.202], "rotate": [-2.05456, 0.06152, 0.00451]}, "5": {"translate": [0.582, 1.016, 3.574], "rotate": [-1.82589, 0.06152, 0.00451]}, "6": {"translate": [0.808, 0.837, 3.75], "rotate": [-1.58652, 0.06152, 0.00451]}, "7": {"translate": [1.033, 1.301, 3.902], "rotate": [-1.39786, 0.06152, 0.00451]}, "8": {"translate": [1.137, 2.548, 3.966], "rotate": [-1.32132, 0.06152, 0.00451]}, "9": {"translate": [1.059, 3.563, 4.108], "rotate": [-1.33751, 0.21258, 0.0021]}, "10": {"translate": [0.848, 3.794, 3.958], "rotate": [-1.4417, 0.36365, -0.00215]}, "11": {"translate": [0.564, 3.127, 3.222], "rotate": [-1.76706, 0.31973, -0.00713]}, "12": {"translate": [0.274, 1.857, 2.243], "rotate": [-2.23458, 0.22858, -0.01253]}, "13": {"translate": [0.008, 0.652, 1.114], "rotate": [-2.60953, 0.1511, -0.01507]}, "14": {"translate": [-0.193, 0.002, -0.139], "rotate": [-2.80759, 0.1055, -0.00999]}, "15": {"translate": [-0.307, 0.024, -1.235], "rotate": [-2.91306, 0.07355, -0.00057]}, "16": {"translate": [-0.343, 1.074, -1.705], "rotate": [-2.94418, 0.06152, 0.00451]}}}, {"name": "leftHand", "keyframes": {"0": {"translate": [-0.0, -0.0, -0.0], "rotate": [0.0, -0.0, -0.0]}, "1": {"translate": [-0.0, 0.0, -0.0], "rotate": [0.0, 0.0, 0.0]}, "2": {"translate": [0.0, -0.0, 0.0], "rotate": [-0.0, -0.0, 0.0]}, "3": {"translate": [0.0, -0.0, 0.0], "rotate": [0.0, -0.0, 0.0]}, "4": {"translate": [-0.0, 0.0, -0.0], "rotate": [-0.0, -0.0, -0.0]}, "5": {"translate": [0.0, -0.0, -0.0], "rotate": [-0.0, 0.0, -0.0]}, "6": {"translate": [0.0, 0.0, -0.0], "rotate": [0.0, -0.0, 0.0]}, "7": {"translate": [-0.0, -0.0, 0.0], "rotate": [0.0, -0.0, 0.0]}, "8": {"translate": [-0.0, 0.0, 0.0], "rotate": [0.0, -0.0, -0.0]}, "9": {"translate": [-0.0, -0.0, -0.0], "rotate": [0.0, 0.0, 0.0]}, "10": {"translate": [0.0, -0.0, -0.0], "rotate": [-0.0, 0.0, 0.0]}, "11": {"translate": [0.0, -0.0, -0.0], "rotate": [0.0, 0.0, 0.0]}, "12": {"translate": [0.0, 0.0, -0.0], "rotate": [-0.0, -0.0, -0.0]}, "13": {"translate": [-0.0, -0.0, 0.0], "rotate": [-0.0, 0.0, 0.0]}, "14": {"translate": [-0.0, -0.0, 0.0], "rotate": [-0.0, -0.0, 0.0]}, "15": {"translate": [0.0, -0.0, 0.0], "rotate": [0.0, 0.0, -0.0]}, "16": {"translate": [-0.0, -0.0, -0.0], "rotate": [0.0, -0.0, -0.0]}}}, {"name": "leftArm", "keyframes": {"0": {"translate": [-1.005, 2.548, 3.966],