{"frame_length": 20, "parts": [{"name": "leftLeg", "keyframes": {"0": {"x": 0.0, "y": -0.0, "z": -0.0, "xRot": 0.0, "yRot": -0.0, "zRot": -0.0}, "1": {"x": -0.009, "y": 0.028, "z": -0.303, "xRot": 0.00422, "yRot": 0.0, "zRot": -0.00072}, "2": {"x": -0.026, "y": 0.065, "z": -1.1, "xRot": 0.01236, "yRot": -0.0, "zRot": -0.00221}, "3": {"x": -0.036, "y": 0.009, "z": -2.242, "xRot": 0.01948, "yRot": -0.0, "zRot": -0.00302}, "4": {"x": -0.026, "y": -0.256, "z": -3.532, "xRot": 0.01794, "yRot": -0.0, "zRot": -0.00218}, "5": {"x": -0.014, "y": -0.819, "z": -4.685, "xRot": -0.00507, "yRot": -0.0, "zRot": -0.00118}, "6": {"x": -0.048, "y": -1.703, "z": -5.564, "xRot": -0.04899, "yRot": -0.0, "zRot": -0.00399}, "7": {"x": -0.11, "y": -2.863, "z": -6.191, "xRot": -0.10007, "yRot": -0.0, "zRot": -0.00924}, "8": {"x": -0.132, "y": -4.181, "z": -6.404, "xRot": -0.16235, "yRot": 0.0, "zRot": -0.01118}, "9": {"x": -0.068, "y": -5.32, "z": -5.805, "xRot": -0.11324, "yRot": -0.0, "zRot": -0.00574}, "10": {"x": 0.06, "y": -5.993, "z": -5.135, "xRot": 0.0484, "yRot": -0.0, "zRot": 0.005}, "11": {"x": 0.22, "y": -5.882, "z": -5.023, "xRot": 0.25985, "yRot": -0.0, "zRot": 0.01899}, "12": {"x": 0.364, "y": -5.405, "z": -5.393, "xRot": 0.39906, "yRot": -0.0, "zRot": 0.0329}, "13": {"x": 0.419, "y": -4.557, "z": -5.534, "xRot": 0.41414, "yRot": 0.0, "zRot": 0.03818}, "14": {"x": 0.347, "y": -3.125, "z": -5.154, "xRot": 0.3806, "yRot": -0.0, "zRot": 0.03119}, "15": {"x": 0.272, "y": -2.004, "z": -4.673, "xRot": 0.33789, "yRot": -0.0, "zRot": 0.024}, "16": {"x": 0.267, "y": -1.45, "z": -3.858, "xRot": 0.27294, "yRot": -0.0, "zRot": 0.02306}, "17": {"x": 0.258, "y": -0.971, "z": -2.603, "xRot": 0.18034, "yRot": -0.0, "zRot": 0.02186}, "18": {"x": 0.181, "y": -0.513, "z": -1.338, "xRot": 0.0912, "yRot": 0.0, "zRot": 0.01517}, "19": {"x": 0.063, "y": -0.148, "z": -0.381, "xRot": 0.02569, "yRot": -0.0, "zRot": 0.00527}, "20": {"x": 0.0, "y": -0.0, "z": -0.0, "xRot": 0.0, "yRot": -0.0, "zRot": -0.0}}}, {"name": "rightLeg", "keyframes": {"0": {"x": 0.0, "y": -0.0, "z": -0.0, "xRot": 0.0, "yRot": -0.0, "zRot": -0.0}, "1": {"x": -0.006, "y": -0.355, "z": -0.515, "xRot": 0.04934, "yRot": -0.0, "zRot": -0.00047}, "2": {"x": 0.013, "y": -0.99, "z": -1.895, "xRot": 0.17925, "yRot": -0.0, "zRot": 0.00106}, "3": {"x": 0.114, "y": -1.251, "z": -3.746, "xRot": 0.35396, "yRot": 0.0, "zRot": 0.01014}, "4": {"x": 0.291, "y": -0.867, "z": -5.308, "xRot": 0.50426, "yRot": -0.0, "zRot": 0.0277}, "5": {"x": 0.41, "y": -0.1, "z": -5.804, "xRot": 0.54967, "yRot": 0.0, "zRot": 0.04009}, "6": {"x": 0.418, "y": 0.733, "z": -5.55, "xRot": 0.50956, "yRot": -0.0, "zRot": 0.03991}, "7": {"x": 0.402, "y": 1.441, "z": -5.26, "xRot": 0.44269, "yRot": -0.0, "zRot": 0.0371}, "8": {"x": 0.393, "y": 1.538, "z": -5.148, "xRot": 0.35897, "yRot": 0.0, "zRot": 0.03502}, "9": {"x": 0.419, "y": 0.425, "z": -5.257, "xRot": 0.26952, "yRot": -0.0, "zRot": 0.03621}, "10": {"x": 0.434, "y": -0.576, "z": -5.058, "xRot": 0.18713, "yRot": 0.0, "zRot": 0.03679}, "11": {"x": 0.438, "y": -1.479, "z": -4.651, "xRot": 0.11119, "yRot": -0.0, "zRot": 0.03676}, "12": {"x": 0.439, "y": -2.392, "z": -4.121, "xRot": 0.04077, "yRot": -0.0, "zRot": 0.03666}, "13": {"x": 0.439, "y": -3.292, "z": -3.564, "xRot": -0.01537, "yRot": -0.0, "zRot": 0.03662}, "14": {"x": 0.442, "y": -4.16, "z": -3.117, "xRot": -0.04657, "yRot": -0.0, "zRot": 0.03689}, "15": {"x": 0.456, "y": -4.977, "z": -2.956, "xRot": -0.04051, "yRot": -0.0, "zRot": 0.038}, "16": {"x": 0.42, "y": -4.467, "z": -2.883, "xRot": 0.01591, "yRot": -0.0, "zRot": 0.035}, "17": {"x": 0.343, "y": -3.228, "z": -2.103, "xRot": 0.02618, "yRot": -0.0, "zRot": 0.02856}, "18": {"x": 0.207, "y": -1.755, "z": -1.116, "xRot": 0.01652, "yRot": -0.0, "zRot": 0.01727}, "19": {"x": 0.066, "y": -0.519, "z": -0.321, "xRot": 0.00507, "yRot": -0.0, "zRot": 0.00546}, "20": {"x": 0.0, "y": -0.0, "z": -0.0, "xRot": 0.0, "yRot": -0.0, "zRot": -0.0}}}, {"name": "body", "keyframes": {"0": {"x": 0.0, "y": -0.0, "z": -0.0, "xRot": 0.0, "yRot": -0.0, "zRot": -0.0}, "1": {"x": -0.062, "y": 0.029, "z": -0.321, "xRot": 0.02234, "yRot": -0.01078, "zRot": -0.00456}, "2": {"x": -0.203, "y": 0.123, "z": -1.148, "xRot": 0.07994, "yRot": -0.0386, "zRot": -0.01633}, "3": {"x": -0.353, "y": 0.294, "z": -2.273, "xRot": 0.15871, "yRot": -0.07663, "zRot": -0.03241}, "4": {"x": -0.458, "y": 0.533, "z": -3.483, "xRot": 0.24452, "yRot": -0.11806, "zRot": -0.04994}, "5": {"x": -0.5, "y": 0.797, "z": -4.572, "xRot": 0.32329, "yRot": -0.1561, "zRot": -0.06602}, "6": {"x": -0.499, "y": 1.016, "z": -5.353, "xRot": 0.38089, "yRot": -0.18391, "zRot": -0.07779}, "7": {"x": -0.492, "y": 1.106, "z": -5.651, "xRot": 0.40323, "yRot": -0.19469, "zRot": -0.08235}, "8": {"x": -0.452, "y": 1.095, "z": -5.556, "xRot": 0.39904, "yRot": -0.18062, "zRot": -0.0775}, "9": {"x": -0.343, "y": 1.063, "z": -5.292, "xRot": 0.38729, "yRot": -0.14352, "zRot": -0.06471}, "10": {"x": -0.179, "y": 1.009, "z": -4.889, "xRot": 0.36922, "yRot": -0.09107, "zRot": -0.04663}, "11": {"x": 0.027, "y": 0.936, "z": -4.381, "xRot": 0.34603, "yRot": -0.03094, "zRot": -0.0259}, "12": {"x": 0.257, "y": 0.848, "z": -3.806, "xRot": 0.31897, "yRot": 0.02919, "zRot": -0.00517}, "13": {"x": 0.484, "y": 0.752, "z": -3.211, "xRot": 0.28926, "yRot": 0.08164, "zRot": 0.01291}, "14": {"x": 0.67, "y": 0.655, "z": -2.644, "xRot": 0.25813, "yRot": 0.11875, "zRot": 0.0257}, "15": {"x": 0.768, "y": 0.56, "z": -2.153, "xRot": 0.2268, "yRot": 0.13282, "zRot": 0.03055}, "16": {"x": 0.73, "y": 0.43, "z": -1.653, "xRot": 0.18336, "yRot": 0.11901, "zRot": 0.02737}, "17": {"x": 0.569, "y": 0.267, "z": -1.088, "xRot": 0.12463, "yRot": 0.08607, "zRot": 0.0198}, "18": {"x": 0.332, "y": 0.125, "z": -0.554, "xRot": 0.06495, "yRot": 0.04675, "zRot": 0.01075}, "19": {"x": 0.103, "y": 0.033, "z": -0.156, "xRot": 0.01862, "yRot": 0.01381, "zRot": 0.00318}, "20": {"x": 0.0, "y": -0.0, "z": -0.0, "xRot": 0.0, "yRot": -0.0, "zRot": -0.0}}}, {"name": "cloak", "keyframes": {"0": {"x": 0.0, "y": -0.0, "z": -0.0, "xRot": 0.0, "yRot": -0.0, "zRot": -0.0}, "1": {"x": -0.089, "y": -0.027, "z": -0.322, "xRot": 0.03807, "yRot": -0.0, "zRot": -0.0}, "2": {"x": -0.302, "y": -0.075, "z": -1.158, "xRot": 0.13248, "yRot": -0.0, "zRot": -0.0}, "3": {"x": -0.554, "y": -0.095, "z": -2.311, "xRot": 0.25357, "yRot": -0.0, "zRot": -0.0}, "4": {"x": -0.773, "y": -0.057, "z": -3.574, "xRot": 0.37167, "yRot": -0.0, "zRot": -0.0}, "5": {"x": -0.921, "y": 0.029, "z": -4.731, "xRot": 0.45708, "yRot": -0.0, "zRot": -0.0}, "6": {"x": -0.995, "y": 0.122, "z": -5.571, "xRot": 0.50899, "yRot": -0.0, "zRot": -0.0}, "7": {"x": -1.016, "y": 0.165, "z": -5.895, "xRot": 0.54716, "yRot": -0.0, "zRot": -0.0}, "8": {"x": -0.939, "y": 0.159, "z": -5.79, "xRot": 0.57287, "yRot": -0.0, "zRot": -0.0}, "9": {"x": -0.734, "y": 0.142, "z": -5.501, "xRot": 0.58736, "yRot": -0.0, "zRot": -0.0}, "10": {"x": -0.433, "y": 0.118, "z": -5.067, "xRot": 0.59192, "yRot": -0.0, "zRot": -0.0}, "11": {"x": -0.068, "y": 0.09, "z": -4.53, "xRot": 0.57664, "yRot": -0.0, "zRot": -0.0}, "12": {"x": 0.322, "y": 0.064, "z": -3.933, "xRot": 0.54008, "yRot": -0.0, "zRot": -0.0}, "13": {"x": 0.688, "y": 0.042, "z": -3.323, "xRot": 0.49607, "yRot": -0.0, "zRot": -0.0}, "14": {"x": 0.973, "y": 0.024, "z": -2.744, "xRot": 0.45851, "yRot": -0.0, "zRot": -0.0}, "15": {"x": 1.107, "y": 0.008, "z": -2.239, "xRot": 0.44124, "yRot": -0.0, "zRot": -0.0}, "16": {"x": 1.034, "y": -0.018, "z": -1.713, "xRot": 0.39375, "yRot": -0.0, "zRot": -0.0}, "17": {"x": 0.788, "y": -0.039, "z": -1.117, "xRot": 0.28413, "yRot": -0.0, "zRot": -0.0}, "18": {"x": 0.45, "y": -0.036, "z": -0.562, "xRot": 0.15412, "yRot": -0.0, "zRot": -0.0}, "19": {"x": 0.138, "y": -0.014, "z": -0.156, "xRot": 0.04549, "yRot": -0.0, "zRot": -0.0}, "20": {"x": 0.0, "y": -0.0, "z": -0.0, "xRot": 0.0, "yRot": -0.0, "zRot": -0.0}}}, {"name": "head", "keyframes": {"0": {"x": 0.0, "y": -0.0, "z": -0.0, "xRot": 0.0, "yRot": -0.0,