{"frame_length": 16, "parts": [{"name": "leftLeg", "keyframes": {"0": {"x": -0.012, "y": -0.385, "z": 0.707, "xRot": 0.13776, "yRot": 0.00814, "zRot": -0.04561}, "1": {"x": -0.012, "y": -0.385, "z": 0.707, "xRot": 0.1312, "yRot": 0.00814, "zRot": -0.04561}, "2": {"x": -0.012, "y": -0.385, "z": 0.707, "xRot": 0.12871, "yRot": 0.00814, "zRot": -0.04561}, "3": {"x": -0.012, "y": -0.385, "z": 0.707, "xRot": 0.1312, "yRot": 0.00814, "zRot": -0.04561}, "4": {"x": -0.012, "y": -0.385, "z": 0.707, "xRot": 0.13776, "yRot": 0.00814, "zRot": -0.04561}, "5": {"x": -0.012, "y": -0.385, "z": 0.707, "xRot": 0.14704, "yRot": 0.00814, "zRot": -0.04561}, "6": {"x": -0.012, "y": -0.385, "z": 0.707, "xRot": 0.15767, "yRot": 0.00814, "zRot": -0.04561}, "7": {"x": -0.012, "y": -0.385, "z": 0.707, "xRot": 0.16831, "yRot": 0.00814, "zRot": -0.04561}, "8": {"x": -0.012, "y": -0.385, "z": 0.707, "xRot": 0.17758, "yRot": 0.00814, "zRot": -0.04561}, "9": {"x": -0.012, "y": -0.385, "z": 0.707, "xRot": 0.18415, "yRot": 0.00814, "zRot": -0.04561}, "10": {"x": -0.012, "y": -0.385, "z": 0.707, "xRot": 0.18663, "yRot": 0.00814, "zRot": -0.04561}, "11": {"x": -0.012, "y": -0.385, "z": 0.707, "xRot": 0.18415, "yRot": 0.00814, "zRot": -0.04561}, "12": {"x": -0.012, "y": -0.385, "z": 0.707, "xRot": 0.17758, "yRot": 0.00814, "zRot": -0.04561}, "13": {"x": -0.012, "y": -0.385, "z": 0.707, "xRot": 0.16831, "yRot": 0.00814, "zRot": -0.04561}, "14": {"x": -0.012, "y": -0.385, "z": 0.707, "xRot": 0.15767, "yRot": 0.00814, "zRot": -0.04561}, "15": {"x": -0.012, "y": -0.385, "z": 0.707, "xRot": 0.14704, "yRot": 0.00814, "zRot": -0.04561}, "16": {"x": -0.012, "y": -0.385, "z": 0.707, "xRot": 0.13776, "yRot": 0.00814, "zRot": -0.04561}}}, {"name": "rightLeg", "keyframes": {"0": {"x": -0.0, "y": 0.0, "z": -0.0, "xRot": 0.08607, "yRot": -0.00109, "zRot": 0.02294}, "1": {"x": -0.0, "y": 0.0, "z": -0.0, "xRot": 0.07873, "yRot": -0.00109, "zRot": 0.02294}, "2": {"x": -0.0, "y": -0.0, "z": 0.0, "xRot": 0.07032, "yRot": -0.00109, "zRot": 0.02294}, "3": {"x": -0.0, "y": -0.0, "z": 0.0, "xRot": 0.0619, "yRot": -0.00109, "zRot": 0.02294}, "4": {"x": -0.0, "y": -0.0, "z": 0.0, "xRot": 0.05457, "yRot": -0.00109, "zRot": 0.02294}, "5": {"x": -0.0, "y": -0.0, "z": -0.0, "xRot": 0.04937, "yRot": -0.00109, "zRot": 0.02294}, "6": {"x": -0.0, "y": -0.0, "z": -0.0, "xRot": 0.04741, "yRot": -0.00109, "zRot": 0.02294}, "7": {"x": -0.0, "y": -0.0, "z": -0.0, "xRot": 0.04937, "yRot": -0.00109, "zRot": 0.02294}, "8": {"x": -0.0, "y": -0.0, "z": 0.0, "xRot": 0.05457, "yRot": -0.00109, "zRot": 0.02294}, "9": {"x": -0.0, "y": -0.0, "z": 0.0, "xRot": 0.0619, "yRot": -0.00109, "zRot": 0.02294}, "10": {"x": -0.0, "y": -0.0, "z": 0.0, "xRot": 0.07032, "yRot": -0.00109, "zRot": 0.02294}, "11": {"x": -0.0, "y": 0.0, "z": -0.0, "xRot": 0.07873, "yRot": -0.00109, "zRot": 0.02294}, "12": {"x": -0.0, "y": 0.0, "z": -0.0, "xRot": 0.08607, "yRot": -0.00109, "zRot": 0.02294}, "13": {"x": -0.0, "y": -0.0, "z": 0.0, "xRot": 0.09126, "yRot": -0.00109, "zRot": 0.02294}, "14": {"x": -0.0, "y": 0.0, "z": 0.0, "xRot": 0.09323, "yRot": -0.00109, "zRot": 0.02294}, "15": {"x": -0.0, "y": -0.0, "z": 0.0, "xRot": 0.09126, "yRot": -0.00109, "zRot": 0.02294}, "16": {"x": -0.0, "y": 0.0, "z": -0.0, "xRot": 0.08607, "yRot": -0.00109, "zRot": 0.02294}}}, {"name": "body", "keyframes": {"0": {"x": 0.0, "y": -0.0, "z": -0.0, "xRot": 0.0, "yRot": -0.0, "zRot": -0.0}, "1": {"x": 0.0, "y": -0.0, "z": -0.0, "xRot": 0.0, "yRot": -0.0, "zRot": -0.0}, "2": {"x": 0.0, "y": -0.0, "z": -0.0, "xRot": 0.0, "yRot": -0.0, "zRot": -0.0}, "3": {"x": 0.0, "y": -0.0, "z": -0.0, "xRot": 0.0, "yRot": -0.0, "zRot": -0.0}, "4": {"x": 0.0, "y": -0.0, "z": -0.0, "xRot": 0.0, "yRot": -0.0, "zRot": -0.0}, "5": {"x": 0.0, "y": -0.0, "z": -0.0, "xRot": 0.0, "yRot": -0.0, "zRot": -0.0}, "6": {"x": 0.0, "y": -0.0, "z": -0.0, "xRot": 0.0, "yRot": -0.0, "zRot": -0.0}, "7": {"x": 0.0, "y": -0.0, "z": -0.0, "xRot": 0.0, "yRot": -0.0, "zRot": -0.0}, "8": {"x": 0.0, "y": -0.0, "z": -0.0, "xRot": 0.0, "yRot": -0.0, "zRot": -0.0}, "9": {"x": 0.0, "y": -0.0, "z": -0.0, "xRot": 0.0, "yRot": -0.0, "zRot": -0.0}, "10": {"x": 0.0, "y": -0.0, "z": -0.0, "xRot": 0.0, "yRot": -0.0, "zRot": -0.0}, "11": {"x": 0.0, "y": -0.0, "z": -0.0, "xRot": 0.0, "yRot": -0.0, "zRot": -0.0}, "12": {"x": 0.0, "y": -0.0, "z": -0.0, "xRot": 0.0, "yRot": -0.0, "zRot": -0.0}, "13": {"x": 0.0, "y": -0.0, "z": -0.0, "xRot": 0.0, "yRot": -0.0, "zRot": -0.0}, "14": {"x": 0.0, "y": -0.0, "z": -0.0, "xRot": 0.0, "yRot": -0.0, "zRot": -0.0}, "15": {"x": 0.0, "y": -0.0, "z": -0.0, "xRot": 0.0, "yRot": -0.0, "zRot": -0.0}, "16": {"x": 0.0, "y": -0.0, "z": -0.0, "xRot": 0.0, "yRot": -0.0, "zRot": -0.0}}}, {"name": "cloak", "keyframes": {"0": {"x": 0.0, "y": -0.0, "z": -0.0, "xRot": 1.67607, "yRot": -0.0, "zRot": -0.0}, "1": {"x": 0.0, "y": -0.0, "z": -0.0, "xRot": 1.67607, "yRot": -0.0, "zRot": -0.0}, "2": {"x": 0.0, "y": -0.0, "z": -0.0, "xRot": 1.67607, "yRot": -0.0, "zRot": -0.0}, "3": {"x": 0.0, "y": -0.0, "z": -0.0, "xRot": 1.67607, "yRot": -0.0, "zRot": -0.0}, "4": {"x": 0.0, "y": -0.0, "z": -0.0, "xRot": 1.67607, "yRot": -0.0, "zRot": -0.0}, "5": {"x": 0.0, "y": -0.0, "z": -0.0, "xRot": 1.67607, "yRot": -0.0, "zRot": -0.0}, "6": {"x": 0.0, "y": -0.0, "z": -0.0, "xRot": 1.67607, "yRot": -0.0, "zRot": -0.0}, "7": {"x": 0.0, "y": -0.0, "z": -0.0, "xRot": 1.67607, "yRot": -0.0, "zRot": -0.0}, "8": {"x": 0.0, "y": -0.0, "z": -0.0, "xRot": 1.67607, "yRot": -0.0, "zRot": -0.0}, "9": {"x": 0.0, "y": -0.0, "z": -0.0, "xRot": 1.67607, "yRot": -0.0, "zRot": -0.0}, "10": {"x": 0.0, "y": -0.0, "z": -0.0, "xRot": 1.67607, "yRot": -0.0, "zRot": -0.0}, "11": {"x": 0.0, "y": -0.0, "z": -0.0, "xRot": 1.67607, "yRot": -0.0, "zRot": -0.0}, "12": {"x": 0.0, "y": -0.0, "z": -0.0, "xRot": 1.67607, "yRot": -0.0, "zRot": -0.0}, "13": {"x": 0.0, "y": -0.0, "z": -0.0, "xRot": 1.67607, "yRot": -0.0, "zRot": -0.0}, "14": {"x": 0.0, "y": -0.0, "z": -0.0, "xRot": 1.67607, "yRot": -0.0, "zRot": -0.0}, "15": {"x": 0.0, "y": -0.0, "z": -0.0, "xRot": 1.67607, "yRot": -0.0, "zRot": -0.0}, "16": {"x": 0.0, "y": -0.0, "z": -0.0, "xRot": 1.67607, "yRot": -0.0, "zRot": -0.0}}}, {"name": "head", "keyframes": {"0": {"x": 0.0, "y": -0.0, "z": -0.0, "xRot": 0.08761, "yRot": -0.0, "zRot": -0.0}, "1": {"x": 0.0, "y": -0.0, "z": -0.0, "xRot": 0.0833, "yRot": -0.0, "zRot": -0.0}, "2": {"x": 0.0, "y": -0.0, "z": -0.0, "xRot": 0.07382, "yRot": -0.0, "zRot": -0.0}, "3": {"x": 0.0, "y": -0.0, "z": -0.0, "xRot": 0.06434, "yRot": -0.0, "zRot": -0.0}, "4": {"x": 0.0, "y": -0.0, "z": -0.0, "xRot": 0.06003, "yRot": -0.0, "zRot": -0.0}, "5": {"x": 0.0, "y": -0.0, "z": -0.0, "xRot": 0.06434, "yRot": -0.0, "zRot": -0.0}, "6": {"x": 0.0, "y": -0.0, "z": -0.0, "xRot": 0.07382, "yRot": -0.0, "zRot": -0.0}, "7": {"x": 0.0, "y": -0.0, "z": -0.0, "xRot": 0.0833, "yRot": -0.0, "zRot": -0.0}, "8": {"x": 0.0, "y": -0.0, "z": -0.0, "xRot": 0.08761, "yRot": -0.0, "zRot": -0.0}, "9": {"x": 0.0, "y": -0.0, "z": -0.0, "xRot": 0.0833, "yRot": -0.0, "zRot": -0.0}, "10": {"x": 0.0, "y": -0.0, "z": -0.0, "xRot": 0.07382, "yRot": -0.0, "zRot": -0.0}, "11": {"x": 0.0, "y": -0.0, "z": -0.0, "xRot": 0.06434, "yRot": -0.0, "zRot": -0.0}, "12": {"x": 0.0, "y": -0.0, "z": -0.0, "xRot": 0.06003, "yRot": -0.0, "zRot": -0.0}, "13": {"x": 0.0, "y": -0.0, "z": -0.0, "xRot": 0.06434, "yRot": -0.0, "zRot": -0.0}, "14": {"x": 0.0, "y": -0.0, "z": -0.0, "xRot": 0.07382, "yRot": -0.0, "zRot": -0.0}, "15": {"x": 0.0, "y": -0.0, "z": -0.0, "xRot": 0.0833, "yRot": -0.0, "zRot": -0.0}, "16": {"x": 0.0, "y": -0.0, "z": -0.0, "xRot": 0.08761, "yRot": -0.0, "zRot": -0.0}}}, {"name": "rightArm", "keyframes": {"0": {"x": -0.0, "y": -0.155, "z": 0.914, "xRot": 0.15125, "yRot": 0.08502, "zRot": 0.11164}, "1": {"x": -0.0, "y": -0.155, "z": 0.914, "xRot": 0.15285, "yRot": 0.08502, "zRot": 0.11164}, "2": {"x": -0.0, "y": -0.155, "z": 0.914, "xRot": 0.15709, "yRot": 0.08502, "zRot": 0.11164}, "3": {"x": -0.0, "y": -0.155,