{"frame_length": 20, "parts": [{"name": "leftLeg", "keyframes": {"0": {"x": -0.496, "y": 0.674, "z": 0.185, "xRot": 0.48741, "yRot": -0.02007, "zRot": 0.01602}, "1": {"x": -0.471, "y": 0.619, "z": -0.236, "xRot": 0.64149, "yRot": 0.10597, "zRot": -0.00467}, "2": {"x": -0.459, "y": 0.492, "z": -0.805, "xRot": 0.74168, "yRot": 0.19107, "zRot": -0.03184}, "3": {"x": -0.443, "y": 0.302, "z": -1.437, "xRot": 0.77175, "yRot": 0.24227, "zRot": -0.06377}, "4": {"x": -0.398, "y": 0.05, "z": -2.056, "xRot": 0.72104, "yRot": 0.26668, "zRot": -0.09969}, "5": {"x": -0.331, "y": -0.241, "z": -2.591, "xRot": 0.60259, "yRot": 0.27169, "zRot": -0.13495}, "6": {"x": -0.223, "y": -0.525, "z": -2.965, "xRot": 0.43619, "yRot": 0.25247, "zRot": -0.16387}, "7": {"x": -0.039, "y": -0.77, "z": -3.172, "xRot": 0.2389, "yRot": 0.20401, "zRot": -0.18412}, "8": {"x": 0.214, "y": -0.947, "z": -3.234, "xRot": 0.02549, "yRot": 0.13343, "zRot": -0.19384}, "9": {"x": 0.509, "y": -1.027, "z": -3.165, "xRot": -0.18882, "yRot": 0.04803, "zRot": -0.19086}, "10": {"x": 0.798, "y": -0.999, "z": -2.984, "xRot": -0.3882, "yRot": -0.04476, "zRot": -0.17462}, "11": {"x": 1.015, "y": -0.872, "z": -2.693, "xRot": -0.55562, "yRot": -0.13735, "zRot": -0.14853}, "12": {"x": 1.104, "y": -0.669, "z": -2.301, "xRot": -0.67136, "yRot": -0.22192, "zRot": -0.11628}, "13": {"x": 1.035, "y": -0.426, "z": -1.855, "xRot": -0.71491, "yRot": -0.2907, "zRot": -0.08165}, "14": {"x": 0.811, "y": -0.174, "z": -1.394, "xRot": -0.67188, "yRot": -0.33609, "zRot": -0.04822}, "15": {"x": 0.478, "y": 0.071, "z": -0.944, "xRot": -0.55333, "yRot": -0.35095, "zRot": -0.01827}, "16": {"x": 0.112, "y": 0.286, "z": -0.506, "xRot": -0.37723, "yRot": -0.33607, "zRot": 0.0062}, "17": {"x": -0.207, "y": 0.459, "z": -0.107, "xRot": -0.16382, "yRot": -0.29635, "zRot": 0.02347}, "18": {"x": -0.417, "y": 0.584, "z": 0.19, "xRot": 0.06554, "yRot": -0.23092, "zRot": 0.03179}, "19": {"x": -0.501, "y": 0.658, "z": 0.315, "xRot": 0.2896, "yRot": -0.13905, "zRot": 0.02898}, "20": {"x": -0.496, "y": 0.674, "z": 0.185, "xRot": 0.48741, "yRot": -0.02007, "zRot": 0.01602}}}, {"name": "rightLeg", "keyframes": {"0": {"x": -0.934, "y": -0.845, "z": -2.844, "xRot": -0.3523, "yRot": 0.23468, "zRot": 0.15743}, "1": {"x": -1.245, "y": -0.844, "z": -2.479, "xRot": -0.49445, "yRot": 0.37542, "zRot": 0.14559}, "2": {"x": -1.335, "y": -0.756, "z": -2.114, "xRot": -0.59425, "yRot": 0.47114, "zRot": 0.12499}, "3": {"x": -1.228, "y": -0.598, "z": -1.746, "xRot": -0.63463, "yRot": 0.52706, "zRot": 0.09552}, "4": {"x": -0.963, "y": -0.407, "z": -1.352, "xRot": -0.60346, "yRot": 0.54896, "zRot": 0.05733}, "5": {"x": -0.608, "y": -0.227, "z": -0.892, "xRot": -0.50888, "yRot": 0.54498, "zRot": 0.01621}, "6": {"x": -0.234, "y": -0.075, "z": -0.372, "xRot": -0.36508, "yRot": 0.51164, "zRot": -0.02116}, "7": {"x": 0.086, "y": 0.048, "z": 0.136, "xRot": -0.18875, "yRot": 0.44571, "zRot": -0.05187}, "8": {"x": 0.289, "y": 0.157, "z": 0.557, "xRot": 0.00311, "yRot": 0.35622, "zRot": -0.07282}, "9": {"x": 0.354, "y": 0.258, "z": 0.804, "xRot": 0.19369, "yRot": 0.25221, "zRot": -0.08072}, "10": {"x": 0.301, "y": 0.331, "z": 0.781, "xRot": 0.36628, "yRot": 0.14273, "zRot": -0.0742}, "11": {"x": 0.191, "y": 0.35, "z": 0.454, "xRot": 0.50487, "yRot": 0.03679, "zRot": -0.05592}, "12": {"x": 0.091, "y": 0.301, "z": -0.082, "xRot": 0.59563, "yRot": -0.05659, "zRot": -0.02871}, "13": {"x": 0.036, "y": 0.18, "z": -0.728, "xRot": 0.62514, "yRot": -0.12841, "zRot": 0.00445}, "14": {"x": 0.017, "y": 0.008, "z": -1.389, "xRot": 0.58503, "yRot": -0.17027, "zRot": 0.04041}, "15": {"x": 0.0, "y": -0.182, "z": -1.981, "xRot": 0.48713, "yRot": -0.17609, "zRot": 0.07613}, "16": {"x": -0.049, "y": -0.367, "z": -2.455, "xRot": 0.34758, "yRot": -0.14819, "zRot": 0.10877}, "17": {"x": -0.15, "y": -0.534, "z": -2.803, "xRot": 0.18029, "yRot": -0.09279, "zRot": 0.13566}, "18": {"x": -0.32, "y": -0.675, "z": -3.007, "xRot": -0.00121, "yRot": -0.01027, "zRot": 0.15404}, "19": {"x": -0.583, "y": -0.782, "z": -3.035, "xRot": -0.1833, "yRot": 0.09901, "zRot": 0.16105}, "20": {"x": -0.934, "y": -0.845, "z": -2.844, "xRot": -0.3523, "yRot": 0.23468, "zRot": 0.15743}}}, {"name": "body", "keyframes": {"0": {"x": 1.373, "y": 0.8, "z": 2.394, "xRot": -0.30716, "yRot": 0.14277, "zRot": 0.14434}, "1": {"x": 1.545, "y": 0.816, "z": 2.294, "xRot": -0.30903, "yRot": 0.26713, "zRot": 0.13216}, "2": {"x": 1.569, "y": 0.802, "z": 2.137, "xRot": -0.31349, "yRot": 0.35171, "zRot": 0.11163}, "3": {"x": 1.473, "y": 0.757, "z": 1.977, "xRot": -0.31882, "yRot": 0.40348, "zRot": 0.08255}, "4": {"x": 1.269, "y": 0.671, "z": 1.855, "xRot": -0.32328, "yRot": 0.42942, "zRot": 0.04474}, "5": {"x": 1.0, "y": 0.557, "z": 1.807, "xRot": -0.32515, "yRot": 0.43651, "zRot": 0.00363}, "6": {"x": 0.695, "y": 0.444, "z": 1.865, "xRot": -0.32328, "yRot": 0.41956, "zRot": -0.03407}, "7": {"x": 0.367, "y": 0.363, "z": 2.005, "xRot": -0.31882, "yRot": 0.37356, "zRot": -0.06508}, "8": {"x": 0.06, "y": 0.333, "z": 2.174, "xRot": -0.31349, "yRot": 0.30576, "zRot": -0.0861}, "9": {"x": -0.175, "y": 0.364, "z": 2.32, "xRot": -0.30903, "yRot": 0.22343, "zRot": -0.09384}, "10": {"x": -0.306, "y": 0.433, "z": 2.397, "xRot": -0.30716, "yRot": 0.13383, "zRot": -0.08706}, "11": {"x": -0.349, "y": 0.518, "z": 2.403, "xRot": -0.3089, "yRot": 0.04424, "zRot": -0.06865}, "12": {"x": -0.32, "y": 0.597, "z": 2.372, "xRot": -0.31305, "yRot": -0.03809, "zRot": -0.04153}, "13": {"x": -0.23, "y": 0.65, "z": 2.322, "xRot": -0.318, "yRot": -0.10589, "zRot": -0.00859}, "14": {"x": -0.09, "y": 0.677, "z": 2.275, "xRot": -0.32215, "yRot": -0.1519, "zRot": 0.02726}, "15": {"x": 0.106, "y": 0.694, "z": 2.255, "xRot": -0.32389, "yRot": -0.16885, "zRot": 0.0631}, "16": {"x": 0.351, "y": 0.708, "z": 2.273, "xRot": -0.32215, "yRot": -0.1573, "zRot": 0.09604}, "17": {"x": 0.619, "y": 0.724, "z": 2.318, "xRot": -0.318, "yRot": -0.12172, "zRot": 0.12316}, "18": {"x": 0.9, "y": 0.748, "z": 2.369, "xRot": -0.31305, "yRot": -0.06076, "zRot": 0.14157}, "19": {"x": 1.154, "y": 0.774, "z": 2.405, "xRot": -0.3089, "yRot": 0.02695, "zRot": 0.14835}, "20": {"x": 1.373, "y": 0.8, "z": 2.394, "xRot": -0.30716, "yRot": 0.14277, "zRot": 0.14434}}}, {"name": "cloak", "keyframes": {"0": {"x": 1.6, "y": 1.597, "z": 2.253, "xRot": 2.28146, "yRot": -0.13355, "zRot": 0.00032}, "1": {"x": 2.068, "y": 1.653, "z": 2.091, "xRot": 2.26107, "yRot": -0.12623, "zRot": 0.01411}, "2": {"x": 2.297, "y": 1.659, "z": 1.87, "xRot": 2.22319, "yRot": -0.10637, "zRot": 3e-05}, "3": {"x": 2.337, "y": 1.614, "z": 1.66, "xRot": 2.2071, "yRot": -0.07709, "zRot": -0.03353}, "4": {"x": 2.22, "y": 1.509, "z": 1.51, "xRot": 2.24428, "yRot": -0.04155, "zRot": -0.07359}, "5": {"x": 1.999, "y": 1.359, "z": 1.454, "xRot": 2.28146, "yRot": -0.00287, "zRot": -0.10716}, "6": {"x": 1.688, "y": 1.205, "z": 1.53, "xRot": 2.26107, "yRot": 0.03581, "zRot": -0.12123}, "7": {"x": 1.283, "y": 1.088, "z": 1.715, "xRot": 2.22319, "yRot": 0.07136, "zRot": -0.10464}, "8": {"x": 0.839, "y": 1.04, "z": 1.941, "xRot": 2.2028, "yRot": 0.10063, "zRot": -0.07177}, "9": {"x": 0.422, "y": 1.071, "z": 2.142, "xRot": 2.24428, "yRot": 0.12049, "zRot": -0.03254}, "10": {"x": 0.076, "y": 1.158, "z": 2.259, "xRot": 2.28146, "yRot": 0.12781, "zRot": 0.00032}, "11": {"x": -0.192, "y": 1.269, "z": 2.283, "xRot": 2.26107, "yRot": 0.12049, "zRot": 0.01411}, "12": {"x": -0.378, "y": 1.37, "z": 2.249, "xRot": 2.22319, "yRot": 0.10063, "zRot": 3e-05}, "13": {"x": -0.475, "y": 1.434, "z": 2.184, "xRot": 2.2071, "yRot": 0.07136, "zRot": -0.03353}, "14": {"x": -0.47, "y": 1.459, "z": 2.12, "xRot": 2.24428, "yRot": 0.03581, "zRot": -0.07359}, "15": {"x": -0.341, "y": 1.463, "z": 2.091, "xRot": 2.28146, "yRot": -0.00287, "zRot": -0.10716}, "16": {"x": -0.095, "y": 1.46, "z": 2.115, "xRot": 2.26107, "yRot": -0.04155, "zRot": -0.12123}, "17": {"x": 0.237, "y": 1.465, "z": 2.175, "xRot": 2.22319, "yRot": -0.07709, "zRot": -0.10464}, "18": {"x": 0.649,