{"frame_length": 12, "parts": [{"name": "leftLeg", "keyframes": {"0": {"x": 0.0, "y": -0.0, "z": -0.0, "xRot": 0.0, "yRot": -0.0, "zRot": -0.0}, "1": {"x": -0.341, "y": 0.054, "z": 1.085, "xRot": -0.09055, "yRot": 0.0, "zRot": -0.02854}, "2": {"x": -1.051, "y": 0.434, "z": 3.019, "xRot": -0.25433, "yRot": -0.0, "zRot": -0.09061}, "3": {"x": -1.446, "y": 0.761, "z": 3.948, "xRot": -0.33527, "yRot": 0.0, "zRot": -0.12794}, "4": {"x": -1.361, "y": 0.685, "z": 3.756, "xRot": -0.31837, "yRot": -0.0, "zRot": -0.11969}, "5": {"x": -0.914, "y": 0.337, "z": 2.674, "xRot": -0.2247, "yRot": -0.0, "zRot": -0.0782}, "6": {"x": -0.475, "y": 0.101, "z": 1.479, "xRot": -0.12359, "yRot": -0.0, "zRot": -0.03988}, "7": {"x": -0.259, "y": 0.032, "z": 0.834, "xRot": -0.06957, "yRot": 0.0, "zRot": -0.02161}, "8": {"x": -0.139, "y": 0.009, "z": 0.456, "xRot": -0.03804, "yRot": -0.0, "zRot": -0.01156}, "9": {"x": -0.068, "y": 0.002, "z": 0.226, "xRot": -0.01886, "yRot": -0.0, "zRot": -0.00566}, "10": {"x": -0.027, "y": 0.0, "z": 0.091, "xRot": -0.00754, "yRot": -0.0, "zRot": -0.00224}, "11": {"x": -0.006, "y": 0.0, "z": 0.021, "xRot": -0.00172, "yRot": -0.0, "zRot": -0.00051}, "12": {"x": 0.0, "y": -0.0, "z": -0.0, "xRot": 0.0, "yRot": -0.0, "zRot": -0.0}}}, {"name": "rightLeg", "keyframes": {"0": {"x": 0.0, "y": -0.0, "z": -0.0, "xRot": 0.0, "yRot": -0.0, "zRot": -0.0}, "1": {"x": -0.335, "y": 0.037, "z": 0.882, "xRot": -0.07358, "yRot": -0.0, "zRot": -0.02796}, "2": {"x": -1.007, "y": 0.298, "z": 2.458, "xRot": -0.20625, "yRot": 0.0, "zRot": -0.08583}, "3": {"x": -1.375, "y": 0.524, "z": 3.227, "xRot": -0.27228, "yRot": 0.0, "zRot": -0.11924}, "4": {"x": -1.296, "y": 0.471, "z": 3.067, "xRot": -0.25844, "yRot": -0.0, "zRot": -0.11193}, "5": {"x": -0.879, "y": 0.231, "z": 2.174, "xRot": -0.18221, "yRot": -0.0, "zRot": -0.07451}, "6": {"x": -0.463, "y": 0.069, "z": 1.202, "xRot": -0.10034, "yRot": -0.0, "zRot": -0.0388}, "7": {"x": -0.255, "y": 0.022, "z": 0.679, "xRot": -0.05657, "yRot": 0.0, "zRot": -0.02127}, "8": {"x": -0.137, "y": 0.007, "z": 0.372, "xRot": -0.03097, "yRot": -0.0, "zRot": -0.01146}, "9": {"x": -0.068, "y": 0.002, "z": 0.184, "xRot": -0.01537, "yRot": -0.0, "zRot": -0.00563}, "10": {"x": -0.027, "y": 0.0, "z": 0.074, "xRot": -0.00615, "yRot": 0.0, "zRot": -0.00224}, "11": {"x": -0.006, "y": 0.0, "z": 0.017, "xRot": -0.0014, "yRot": -0.0, "zRot": -0.00051}, "12": {"x": 0.0, "y": -0.0, "z": -0.0, "xRot": 0.0, "yRot": -0.0, "zRot": -0.0}}}, {"name": "body", "keyframes": {"0": {"x": 0.0, "y": -0.0, "z": -0.0, "xRot": 0.0, "yRot": -0.0, "zRot": -0.0}, "1": {"x": -0.123, "y": 0.137, "z": -0.04, "xRot": 0.08516, "yRot": -0.04979, "zRot": 0.01358}, "2": {"x": -0.184, "y": 0.556, "z": -0.08, "xRot": 0.24331, "yRot": -0.14225, "zRot": 0.03881}, "3": {"x": -0.135, "y": 0.875, "z": -0.065, "xRot": 0.32846, "yRot": -0.19203, "zRot": 0.05239}, "4": {"x": -0.15, "y": 0.8, "z": -0.071, "xRot": 0.31005, "yRot": -0.18127, "zRot": 0.04945}, "5": {"x": -0.188, "y": 0.461, "z": -0.078, "xRot": 0.21369, "yRot": -0.12493, "zRot": 0.03408}, "6": {"x": -0.152, "y": 0.202, "z": -0.052, "xRot": 0.11629, "yRot": -0.06799, "zRot": 0.01855}, "7": {"x": -0.101, "y": 0.1, "z": -0.031, "xRot": 0.06546, "yRot": -0.03827, "zRot": 0.01044}, "8": {"x": -0.06, "y": 0.05, "z": -0.017, "xRot": 0.03585, "yRot": -0.02096, "zRot": 0.00572}, "9": {"x": -0.031, "y": 0.024, "z": -0.009, "xRot": 0.01781, "yRot": -0.01041, "zRot": 0.00284}, "10": {"x": -0.013, "y": 0.009, "z": -0.003, "xRot": 0.00713, "yRot": -0.00417, "zRot": 0.00114}, "11": {"x": -0.003, "y": 0.002, "z": -0.001, "xRot": 0.00163, "yRot": -0.00095, "zRot": 0.00026}, "12": {"x": 0.0, "y": -0.0, "z": -0.0, "xRot": 0.0, "yRot": -0.0, "zRot": -0.0}}}, {"name": "cloak", "keyframes": {"0": {"x": 0.0, "y": -0.0, "z": -0.0, "xRot": 0.0, "yRot": -0.0, "zRot": -0.0}, "1": {"x": -0.244, "y": -0.078, "z": -0.052, "xRot": 0.06961, "yRot": -0.01518, "zRot": 0.00842}, "2": {"x": -0.504, "y": -0.059, "z": -0.178, "xRot": 0.23561, "yRot": -0.05139, "zRot": 0.02851}, "3": {"x": -0.544, "y": 0.046, "z": -0.242, "xRot": 0.43374, "yRot": -0.09461, "zRot": 0.05248}, "4": {"x": -0.541, "y": 0.017, "z": -0.229, "xRot": 0.59974, "yRot": -0.13082, "zRot": 0.07256}, "5": {"x": -0.475, "y": -0.079, "z": -0.153, "xRot": 0.66935, "yRot": -0.146, "zRot": 0.08099}, "6": {"x": -0.315, "y": -0.091, "z": -0.075, "xRot": 0.63227, "yRot": -0.13791, "zRot": 0.0765}, "7": {"x": -0.194, "y": -0.065, "z": -0.038, "xRot": 0.53665, "yRot": -0.11706, "zRot": 0.06493}, "8": {"x": -0.112, "y": -0.04, "z": -0.019, "xRot": 0.4059, "yRot": -0.08854, "zRot": 0.04911}, "9": {"x": -0.057, "y": -0.021, "z": -0.009, "xRot": 0.26345, "yRot": -0.05746, "zRot": 0.03188}, "10": {"x": -0.023, "y": -0.009, "z": -0.004, "xRot": 0.1327, "yRot": -0.02895, "zRot": 0.01606}, "11": {"x": -0.005, "y": -0.002, "z": -0.001, "xRot": 0.03708, "yRot": -0.00809, "zRot": 0.00449}, "12": {"x": 0.0, "y": -0.0, "z": -0.0, "xRot": 0.0, "yRot": -0.0, "zRot": -0.0}}}, {"name": "head", "keyframes": {"0": {"x": 0.0, "y": -0.0, "z": -0.0, "xRot": 0.0, "yRot": -0.0, "zRot": -0.0}, "1": {"x": -0.123, "y": 0.137, "z": -0.04, "xRot": 0.16255, "yRot": -0.03168, "zRot": 0.01504}, "2": {"x": -0.184, "y": 0.556, "z": -0.08, "xRot": 0.52015, "yRot": -0.10137, "zRot": 0.04814}, "3": {"x": -0.135, "y": 0.875, "z": -0.065, "xRot": 0.87775, "yRot": -0.17106, "zRot": 0.08123}, "4": {"x": -0.15, "y": 0.8, "z": -0.071, "xRot": 1.04029, "yRot": -0.20274, "zRot": 0.09627}, "5": {"x": -0.188, "y": 0.461, "z": -0.078, "xRot": 0.9435, "yRot": -0.18388, "zRot": 0.08732}, "6": {"x": -0.152, "y": 0.202, "z": -0.052, "xRot": 0.44387, "yRot": -0.0865, "zRot": 0.04108}, "7": {"x": -0.101, "y": 0.1, "z": -0.031, "xRot": 0.22656, "yRot": -0.04415, "zRot": 0.02097}, "8": {"x": -0.06, "y": 0.05, "z": -0.017, "xRot": 0.11943, "yRot": -0.02328, "zRot": 0.01105}, "9": {"x": -0.031, "y": 0.024, "z": -0.009, "xRot": 0.05809, "yRot": -0.01132, "zRot": 0.00538}, "10": {"x": -0.013, "y": 0.009, "z": -0.003, "xRot": 0.02295, "yRot": -0.00447, "zRot": 0.00212}, "11": {"x": -0.003, "y": 0.002, "z": -0.001, "xRot": 0.00519, "yRot": -0.00101, "zRot": 0.00048}, "12": {"x": 0.0, "y": -0.0, "z": -0.0, "xRot": 0.0, "yRot": -0.0, "zRot": -0.0}}}, {"name": "rightArm", "keyframes": {"0": {"x": -0.0, "y": -0.0, "z": -0.0, "xRot": 0.0, "yRot": -0.0, "zRot": -0.0}, "1": {"x": -0.152, "y": 0.061, "z": -0.119, "xRot": -0.02863, "yRot": -0.0075, "zRot": 0.04982}, "2": {"x": -0.273, "y": 0.301, "z": -0.311, "xRot": -0.13406, "yRot": -0.02563, "zRot": 0.17382}, "3": {"x": -0.259, "y": 0.502, "z": -0.386, "xRot": -0.32274, "yRot": -0.0116, "zRot": 0.29326}, "4": {"x": -0.266, "y": 0.454, "z": -0.372, "xRot": -0.45748, "yRot": 0.0386, "zRot": 0.32905}, "5": {"x": -0.266, "y": 0.243, "z": -0.28, "xRot": -0.46505, "yRot": 0.0952, "zRot": 0.26954}, "6": {"x": -0.192, "y": 0.095, "z": -0.16, "xRot": -0.1963, "yRot": 0.04463, "zRot": 0.12059}, "7": {"x": -0.123, "y": 0.043, "z": -0.092, "xRot": -0.09252, "yRot": 0.02166, "zRot": 0.05975}, "8": {"x": -0.072, "y": 0.02, "z": -0.05, "xRot": -0.04697, "yRot": 0.01137, "zRot": 0.0308}, "9": {"x": -0.037, "y": 0.009, "z": -0.025, "xRot": -0.02235, "yRot": 0.00553, "zRot": 0.01476}, "10": {"x": -0.015, "y": 0.003, "z": -0.01, "xRot": -0.00871, "yRot": 0.00218, "zRot": 0.00578}, "11": {"x": -0.004, "y": 0.001, "z": -0.002, "xRot": -0.00195, "yRot": 0.00049, "zRot": 0.0013}, "12": {"x": -0.0, "y": -0.0, "z": -0.0, "xRot": 0.0, "yRot": -0.0, "zRot": -0.0}}}, {"name": "leftArm", "keyframes": {"0": {"x": 0.0, "y": -0.0, "z": -0.0, "xRot": 0.0, "yRot": -0.0, "zRot": -0.0}, "1": {"x": -0.166, "y": 0.197, "z": 0.379, "xRot": -0.01084, "yRot": -0.04605, "zRot": -0.02386}, "2": {"x": -0.382, "y": 0.685, "z": 1.106, "xRot": -0.05476, "yRot": -0.1108, "zRot": -0.07822}, "3": {"x": -0.456, "y": 1.016, "z": 1.523, "xRot": -0.16927, "yRot": -0.12087, "zRot": -0.14008}, "4": {"x": -0.442, "y": 0.94, "z": 1.431, "xRot": -0.28311, "yRot": -0.10073,