{"frame_length": 12, "parts": [{"name": "leftLeg", "keyframes": {"0": {"x": 0.0, "y": -0.0, "z": -0.0, "xRot": 0.0, "yRot": -0.0, "zRot": -0.0}, "1": {"x": -0.019, "y": 0.003, "z": 0.27, "xRot": -0.02251, "yRot": -0.0, "zRot": -0.00156}, "2": {"x": -0.035, "y": 0.027, "z": 0.804, "xRot": -0.06708, "yRot": -0.0, "zRot": -0.0029}, "3": {"x": -0.028, "y": 0.051, "z": 1.109, "xRot": -0.09258, "yRot": -0.0, "zRot": -0.00237}, "4": {"x": -0.031, "y": 0.045, "z": 1.042, "xRot": -0.08698, "yRot": -0.0, "zRot": -0.00258}, "5": {"x": -0.034, "y": 0.021, "z": 0.701, "xRot": -0.05846, "yRot": 0.0, "zRot": -0.00285}, "6": {"x": -0.024, "y": 0.006, "z": 0.372, "xRot": -0.031, "yRot": -0.0, "zRot": -0.00202}, "7": {"x": -0.015, "y": 0.002, "z": 0.207, "xRot": -0.01721, "yRot": -0.0, "zRot": -0.00124}, "8": {"x": -0.008, "y": 0.001, "z": 0.112, "xRot": -0.00935, "yRot": -0.0, "zRot": -0.00071}, "9": {"x": -0.004, "y": 0.0, "z": 0.055, "xRot": -0.00462, "yRot": 0.0, "zRot": -0.00036}, "10": {"x": -0.002, "y": 0.0, "z": 0.022, "xRot": -0.00184, "yRot": -0.0, "zRot": -0.00015}, "11": {"x": -0.0, "y": 0.0, "z": 0.005, "xRot": -0.00042, "yRot": -0.0, "zRot": -3e-05}, "12": {"x": 0.0, "y": -0.0, "z": -0.0, "xRot": 0.0, "yRot": -0.0, "zRot": -0.0}}}, {"name": "rightLeg", "keyframes": {"0": {"x": 0.0, "y": -0.0, "z": -0.0, "xRot": 0.0, "yRot": -0.0, "zRot": -0.0}, "1": {"x": -0.01, "y": 0.001, "z": 0.142, "xRot": -0.01186, "yRot": -0.0, "zRot": -0.00085}, "2": {"x": 0.034, "y": 0.007, "z": 0.412, "xRot": -0.0343, "yRot": 0.0, "zRot": 0.00283}, "3": {"x": 0.095, "y": 0.013, "z": 0.56, "xRot": -0.0467, "yRot": -0.0, "zRot": 0.00791}, "4": {"x": 0.079, "y": 0.012, "z": 0.528, "xRot": -0.044, "yRot": -0.0, "zRot": 0.00662}, "5": {"x": 0.019, "y": 0.005, "z": 0.361, "xRot": -0.03005, "yRot": -0.0, "zRot": 0.00159}, "6": {"x": -0.008, "y": 0.002, "z": 0.195, "xRot": -0.01623, "yRot": 0.0, "zRot": -0.00069}, "7": {"x": -0.01, "y": 0.001, "z": 0.109, "xRot": -0.0091, "yRot": -0.0, "zRot": -0.00082}, "8": {"x": -0.007, "y": 0.0, "z": 0.06, "xRot": -0.00498, "yRot": -0.0, "zRot": -0.00058}, "9": {"x": -0.004, "y": 0.0, "z": 0.03, "xRot": -0.00247, "yRot": -0.0, "zRot": -0.00033}, "10": {"x": -0.002, "y": 0.0, "z": 0.012, "xRot": -0.00099, "yRot": -0.0, "zRot": -0.00014}, "11": {"x": -0.0, "y": 0.0, "z": 0.003, "xRot": -0.00023, "yRot": 0.0, "zRot": -3e-05}, "12": {"x": 0.0, "y": -0.0, "z": -0.0, "xRot": 0.0, "yRot": -0.0, "zRot": -0.0}}}, {"name": "body", "keyframes": {"0": {"x": 0.0, "y": -0.0, "z": -0.0, "xRot": 0.0, "yRot": -0.0, "zRot": -0.0}, "1": {"x": 0.64, "y": 0.191, "z": 0.824, "xRot": -0.05176, "yRot": -0.03059, "zRot": 0.05618}, "2": {"x": 1.745, "y": 0.653, "z": 2.345, "xRot": -0.14789, "yRot": -0.08739, "zRot": 0.16051}, "3": {"x": 2.289, "y": 0.95, "z": 3.156, "xRot": -0.19966, "yRot": -0.11797, "zRot": 0.21668}, "4": {"x": 2.175, "y": 0.884, "z": 2.982, "xRot": -0.18847, "yRot": -0.11136, "zRot": 0.20454}, "5": {"x": 1.547, "y": 0.557, "z": 2.062, "xRot": -0.12989, "yRot": -0.07675, "zRot": 0.14097}, "6": {"x": 0.866, "y": 0.271, "z": 1.124, "xRot": -0.07068, "yRot": -0.04177, "zRot": 0.07671}, "7": {"x": 0.494, "y": 0.143, "z": 0.633, "xRot": -0.03979, "yRot": -0.02351, "zRot": 0.04318}, "8": {"x": 0.273, "y": 0.075, "z": 0.347, "xRot": -0.02179, "yRot": -0.01288, "zRot": 0.02365}, "9": {"x": 0.136, "y": 0.036, "z": 0.172, "xRot": -0.01082, "yRot": -0.0064, "zRot": 0.01175}, "10": {"x": 0.055, "y": 0.014, "z": 0.069, "xRot": -0.00433, "yRot": -0.00256, "zRot": 0.0047}, "11": {"x": 0.012, "y": 0.003, "z": 0.016, "xRot": -0.00099, "yRot": -0.00058, "zRot": 0.00107}, "12": {"x": 0.0, "y": -0.0, "z": -0.0, "xRot": 0.0, "yRot": -0.0, "zRot": -0.0}}}, {"name": "cloak", "keyframes": {"0": {"x": 0.0, "y": -0.0, "z": -0.0, "xRot": 0.0, "yRot": -0.0, "zRot": -0.0}, "1": {"x": 0.556, "y": 0.316, "z": 0.819, "xRot": 0.02105, "yRot": -0.00122, "zRot": -0.02118}, "2": {"x": 1.473, "y": 0.982, "z": 2.309, "xRot": 0.07124, "yRot": -0.00414, "zRot": -0.07167}, "3": {"x": 1.901, "y": 1.373, "z": 3.09, "xRot": 0.13115, "yRot": -0.00763, "zRot": -0.13194}, "4": {"x": 1.812, "y": 1.287, "z": 2.922, "xRot": 0.18134, "yRot": -0.01055, "zRot": -0.18243}, "5": {"x": 1.313, "y": 0.851, "z": 2.033, "xRot": 0.20239, "yRot": -0.01178, "zRot": -0.20361}, "6": {"x": 0.749, "y": 0.439, "z": 1.116, "xRot": 0.19118, "yRot": -0.01112, "zRot": -0.19233}, "7": {"x": 0.431, "y": 0.239, "z": 0.63, "xRot": 0.16227, "yRot": -0.00944, "zRot": -0.16324}, "8": {"x": 0.239, "y": 0.129, "z": 0.346, "xRot": 0.12273, "yRot": -0.00714, "zRot": -0.12347}, "9": {"x": 0.12, "y": 0.063, "z": 0.172, "xRot": 0.07966, "yRot": -0.00463, "zRot": -0.08014}, "10": {"x": 0.048, "y": 0.025, "z": 0.069, "xRot": 0.04012, "yRot": -0.00233, "zRot": -0.04037}, "11": {"x": 0.011, "y": 0.006, "z": 0.016, "xRot": 0.01121, "yRot": -0.00065, "zRot": -0.01128}, "12": {"x": 0.0, "y": -0.0, "z": -0.0, "xRot": 0.0, "yRot": -0.0, "zRot": -0.0}}}, {"name": "head", "keyframes": {"0": {"x": 0.0, "y": -0.0, "z": -0.0, "xRot": 0.0, "yRot": -0.0, "zRot": -0.0}, "1": {"x": 0.64, "y": 0.191, "z": 0.824, "xRot": 0.07188, "yRot": -0.02604, "zRot": -0.03344}, "2": {"x": 1.745, "y": 0.653, "z": 2.345, "xRot": 0.23002, "yRot": -0.08333, "zRot": -0.10701}, "3": {"x": 2.289, "y": 0.95, "z": 3.156, "xRot": 0.38816, "yRot": -0.14062, "zRot": -0.18058}, "4": {"x": 2.175, "y": 0.884, "z": 2.982, "xRot": 0.46004, "yRot": -0.16666, "zRot": -0.21402}, "5": {"x": 1.547, "y": 0.557, "z": 2.062, "xRot": 0.41723, "yRot": -0.15115, "zRot": -0.19411}, "6": {"x": 0.866, "y": 0.271, "z": 1.124, "xRot": 0.19629, "yRot": -0.07111, "zRot": -0.09132}, "7": {"x": 0.494, "y": 0.143, "z": 0.633, "xRot": 0.10019, "yRot": -0.0363, "zRot": -0.04661}, "8": {"x": 0.273, "y": 0.075, "z": 0.347, "xRot": 0.05282, "yRot": -0.01913, "zRot": -0.02457}, "9": {"x": 0.136, "y": 0.036, "z": 0.172, "xRot": 0.02569, "yRot": -0.00931, "zRot": -0.01195}, "10": {"x": 0.055, "y": 0.014, "z": 0.069, "xRot": 0.01015, "yRot": -0.00368, "zRot": -0.00472}, "11": {"x": 0.012, "y": 0.003, "z": 0.016, "xRot": 0.0023, "yRot": -0.00083, "zRot": -0.00107}, "12": {"x": 0.0, "y": -0.0, "z": -0.0, "xRot": 0.0, "yRot": -0.0, "zRot": -0.0}}}, {"name": "rightArm", "keyframes": {"0": {"x": -0.0, "y": -0.0, "z": -0.0, "xRot": 0.0, "yRot": -0.0, "zRot": -0.0}, "1": {"x": 0.533, "y": -0.135, "z": 0.661, "xRot": -0.02316, "yRot": 0.04955, "zRot": 0.11576}, "2": {"x": 1.502, "y": -0.289, "z": 1.923, "xRot": -0.06749, "yRot": 0.18704, "zRot": 0.32253}, "3": {"x": 1.991, "y": -0.346, "z": 2.698, "xRot": -0.07828, "yRot": 0.35979, "zRot": 0.45699}, "4": {"x": 1.868, "y": -0.38, "z": 2.674, "xRot": -0.04619, "yRot": 0.45166, "zRot": 0.49199}, "5": {"x": 1.291, "y": -0.372, "z": 1.976, "xRot": 0.01427, "yRot": 0.41633, "zRot": 0.43797}, "6": {"x": 0.714, "y": -0.226, "z": 1.032, "xRot": 0.00517, "yRot": 0.18044, "zRot": 0.23422}, "7": {"x": 0.404, "y": -0.133, "z": 0.566, "xRot": 0.00063, "yRot": 0.08719, "zRot": 0.12753}, "8": {"x": 0.222, "y": -0.075, "z": 0.307, "xRot": 1e-05, "yRot": 0.04464, "zRot": 0.06923}, "9": {"x": 0.11, "y": -0.038, "z": 0.152, "xRot": -7e-05, "yRot": 0.02133, "zRot": 0.03423}, "10": {"x": 0.044, "y": -0.015, "z": 0.06, "xRot": -5e-05, "yRot": 0.00833, "zRot": 0.01366}, "11": {"x": 0.01, "y": -0.004, "z": 0.014, "xRot": -2e-05, "yRot": 0.00187, "zRot": 0.00311}, "12": {"x": -0.0, "y": -0.0, "z": -0.0, "xRot": 0.0, "yRot": -0.0, "zRot": -0.0}}}, {"name": "leftArm", "keyframes": {"0": {"x": 0.0, "y": -0.0, "z": -0.0, "xRot": 0.0, "yRot": -0.0, "zRot": -0.0}, "1": {"x": 0.526, "y": 0.466, "z": 0.931, "xRot": -0.01583, "yRot": -0.03223, "zRot": -0.00023}, "2": {"x": 1.375, "y": 1.423, "z": 2.674, "xRot": -0.02067, "yRot": -0.10854, "zRot": -0.01961}, "3": {"x": 1.755, "y": 1.986, "z": 3.664, "xRot": 0.02894, "yRot": -0.16563, "zRot": -0.08725}, "4": {"x": 1.677, "y": 1.873, "z": 3.536, "xRot": 0.08122, "yRot": -0.16276, "zRot": -0.15623}, "5": {"x": 1.236, "y": 1.25, "z": 2.525, "xRot": 0.09973,