{"format_version": "0.2", "frame_length": 20, "parts": [{"name": "root", "keyframes": {"0": {"translate": [0.0, -0.0, -0.0], "rotate": [0.0, 0.0, -0.0]}, "1": {"translate": [0.0, -0.0, -0.0], "rotate": [0.0, 0.0, -0.0]}, "2": {"translate": [0.0, -0.0, -0.0], "rotate": [0.0, 0.0, -0.0]}, "3": {"translate": [0.0, -0.0, -0.0], "rotate": [0.0, 0.0, -0.0]}, "4": {"translate": [0.0, -0.0, -0.0], "rotate": [0.0, 0.0, -0.0]}, "5": {"translate": [0.0, -0.0, -0.0], "rotate": [0.0, 0.0, -0.0]}, "6": {"translate": [0.0, -0.0, -0.0], "rotate": [0.0, 0.0, -0.0]}, "7": {"translate": [0.0, -0.0, -0.0], "rotate": [0.0, 0.0, -0.0]}, "8": {"translate": [0.0, -0.0, -0.0], "rotate": [0.0, 0.0, -0.0]}, "9": {"translate": [0.0, -0.0, -0.0], "rotate": [0.0, 0.0, -0.0]}, "10": {"translate": [0.0, -0.0, -0.0], "rotate": [0.0, 0.0, -0.0]}, "11": {"translate": [0.0, -0.0, -0.0], "rotate": [0.0, 0.0, -0.0]}, "12": {"translate": [0.0, -0.0, -0.0], "rotate": [0.0, 0.0, -0.0]}, "13": {"translate": [0.0, -0.0, -0.0], "rotate": [0.0, 0.0, -0.0]}, "14": {"translate": [0.0, -0.0, -0.0], "rotate": [0.0, 0.0, -0.0]}, "15": {"translate": [0.0, -0.0, -0.0], "rotate": [0.0, 0.0, -0.0]}, "16": {"translate": [0.0, -0.0, -0.0], "rotate": [0.0, 0.0, -0.0]}, "17": {"translate": [0.0, -0.0, -0.0], "rotate": [0.0, 0.0, -0.0]}, "18": {"translate": [0.0, -0.0, -0.0], "rotate": [0.0, 0.0, -0.0]}, "19": {"translate": [0.0, -0.0, -0.0], "rotate": [0.0, 0.0, -0.0]}, "20": {"translate": [0.0, -0.0, -0.0], "rotate": [0.0, 0.0, -0.0]}}}, {"name": "leftLeg", "keyframes": {"0": {"translate": [0.0, 0.028, -0.821], "rotate": [0.06847, 0.0, -0.0]}, "1": {"translate": [0.0, 0.02, -0.691], "rotate": [0.0576, 0.0, -0.0]}, "2": {"translate": [0.0, 0.013, -0.563], "rotate": [0.04697, 0.0, -0.0]}, "3": {"translate": [0.0, 0.009, -0.461], "rotate": [0.03846, 0.0, -0.0]}, "4": {"translate": [0.0, 0.006, -0.381], "rotate": [0.03173, 0.0, -0.0]}, "5": {"translate": [0.0, 0.004, -0.304], "rotate": [0.02531, 0.0, -0.0]}, "6": {"translate": [0.0, 0.002, -0.231], "rotate": [0.01926, 0.0, -0.0]}, "7": {"translate": [0.0, 0.001, -0.164], "rotate": [0.01365, 0.0, -0.0]}, "8": {"translate": [0.0, 0.0, -0.102], "rotate": [0.00853, 0.0, -0.0]}, "9": {"translate": [0.0, 0.0, -0.048], "rotate": [0.00396, 0.0, -0.0]}, "10": {"translate": [0.0, -0.0, -0.0], "rotate": [0.0, 0.0, -0.0]}, "11": {"translate": [0.0, 0.0, 0.029], "rotate": [-0.00245, 0.0, -0.0]}, "12": {"translate": [0.0, 0.0, 0.038], "rotate": [-0.00321, 0.0, -0.0]}, "13": {"translate": [0.0, 0.0, 0.039], "rotate": [-0.00328, 0.0, -0.0]}, "14": {"translate": [0.0, 0.0, 0.044], "rotate": [-0.00369, 0.0, -0.0]}, "15": {"translate": [0.0, 0.0, 0.065], "rotate": [-0.00546, 0.0, -0.0]}, "16": {"translate": [0.0, 0.001, 0.115], "rotate": [-0.00958, 0.0, -0.0]}, "17": {"translate": [0.0, 0.002, 0.215], "rotate": [-0.0179, 0.0, -0.0]}, "18": {"translate": [0.0, 0.005, 0.36], "rotate": [-0.03003, 0.0, -0.0]}, "19": {"translate": [0.0, 0.011, 0.524], "rotate": [-0.04371, 0.0, -0.0]}, "20": {"translate": [0.0, 0.019, 0.679], "rotate": [-0.0566, 0.0, -0.0]}}}, {"name": "rightLeg", "keyframes": {"0": {"translate": [0.0, 0.028, -0.821], "rotate": [0.06847, 0.0, -0.0]}, "1": {"translate": [0.0, 0.02, -0.691], "rotate": [0.0576, 0.0, -0.0]}, "2": {"translate": [0.0, 0.013, -0.563], "rotate": [0.04697, 0.0, -0.0]}, "3": {"translate": [0.0, 0.009, -0.461], "rotate": [0.03846, 0.0, -0.0]}, "4": {"translate": [0.0, 0.006, -0.381], "rotate": [0.03173, 0.0, -0.0]}, "5": {"translate": [0.0, 0.004, -0.304], "rotate": [0.02531, 0.0, -0.0]}, "6": {"translate": [0.0, 0.002, -0.231], "rotate": [0.01926, 0.0, -0.0]}, "7": {"translate": [0.0, 0.001, -0.164], "rotate": [0.01365, 0.0, -0.0]}, "8": {"translate": [0.0, 0.0, -0.102], "rotate": [0.00853, 0.0, -0.0]}, "9": {"translate": [0.0, 0.0, -0.048], "rotate": [0.00396, 0.0, -0.0]}, "10": {"translate": [0.0, -0.0, -0.0], "rotate": [0.0, 0.0, -0.0]}, "11": {"translate": [0.0, 0.0, 0.029], "rotate": [-0.00245, 0.0, -0.0]}, "12": {"translate": [0.0, 0.0, 0.038], "rotate": [-0.00321, 0.0, -0.0]}, "13": {"translate": [0.0, 0.0, 0.039], "rotate": [-0.00328, 0.0, -0.0]}, "14": {"translate": [0.0, 0.0, 0.044], "rotate": [-0.00369, 0.0, -0.0]}, "15": {"translate": [0.0, 0.0, 0.065], "rotate": [-0.00546, 0.0, -0.0]}, "16": {"translate": [0.0, 0.001, 0.115], "rotate": [-0.00958, 0.0, -0.0]}, "17": {"translate": [0.0, 0.002, 0.215], "rotate": [-0.0179, 0.0, -0.0]}, "18": {"translate": [0.0, 0.005, 0.36], "rotate": [-0.03003, 0.0, -0.0]}, "19": {"translate": [0.0, 0.011, 0.524], "rotate": [-0.04371, 0.0, -0.0]}, "20": {"translate": [0.0, 0.019, 0.679], "rotate": [-0.0566, 0.0, -0.0]}}}, {"name": "rightHand", "keyframes": {"0": {"translate": [-0.0, 0.0, -0.0], "rotate": [0.0, 0.0, -0.0]}, "1": {"translate": [0.0, 0.0, -0.0], "rotate": [0.0, 0.0, -0.0]}, "2": {"translate": [0.0, 0.0, -0.0], "rotate": [0.0, 0.0, -0.0]}, "3": {"translate": [0.0, 0.0, -0.0], "rotate": [-0.0, 0.0, -0.0]}, "4": {"translate": [0.0, 0.0, 0.0], "rotate": [-0.0, 0.0, -0.0]}, "5": {"translate": [0.0, -0.0, 0.0], "rotate": [-0.0, 0.0, -0.0]}, "6": {"translate": [0.0, 0.0, -0.0], "rotate": [0.0, 0.0, -0.0]}, "7": {"translate": [0.0, -0.0, 0.0], "rotate": [-0.0, 0.0, -0.0]}, "8": {"translate": [0.0, -0.0, 0.0], "rotate": [0.0, 0.0, -0.0]}, "9": {"translate": [-0.0, -0.0, -0.0], "rotate": [-0.0, 0.0, -0.0]}, "10": {"translate": [0.0, -0.0, -0.0], "rotate": [0.0, 0.0, -0.0]}, "11": {"translate": [-0.0, 0.0, 0.0], "rotate": [0.0, 0.0, -0.0]}, "12": {"translate": [0.0, -0.0, 0.0], "rotate": [0.0, 0.0, -0.0]}, "13": {"translate": [0.0, -0.0, -0.0], "rotate": [0.0, 0.0, -0.0]}, "14": {"translate": [0.0, -0.0, 0.0], "rotate": [0.0, 0.0, -0.0]}, "15": {"translate": [0.0, -0.0, 0.0], "rotate": [0.0, 0.0, -0.0]}, "16": {"translate": [0.0, 0.0, 0.0], "rotate": [0.0, 0.0, -0.0]}, "17": {"translate": [0.0, 0.0, -0.0], "rotate": [0.0, 0.0, -0.0]}, "18": {"translate": [0.0, 0.0, -0.0], "rotate": [0.0, 0.0, -0.0]}, "19": {"translate": [0.0, -0.0, -0.0], "rotate": [0.0, 0.0, -0.0]}, "20": {"translate": [0.0, -0.0, 0.0], "rotate": [0.0, 0.0, -0.0]}}}, {"name": "rightArm", "keyframes": {"0": {"translate": [0.0, 1.644, -4.981], "rotate": [0.15245, 0.0, -0.0]}, "1": {"translate": [0.0, 1.423, -4.24], "rotate": [0.14696, 0.0, -0.0]}, "2": {"translate": [0.0, 1.144, -3.462], "rotate": [0.13293, 0.0, -0.0]}, "3": {"translate": [0.0, 0.869, -2.812], "rotate": [0.11403, 0.0, -0.0]}, "4": {"translate": [0.0, 0.624, -2.294], "rotate": [0.09391, 0.0, -0.0]}, "5": {"translate": [0.0, 0.431, -1.816], "rotate": [0.07622, 0.0, -0.0]}, "6": {"translate": [0.0, 0.288, -1.382], "rotate": [0.05854, 0.0, -0.0]}, "7": {"translate": [0.0, 0.169, -0.986], "rotate": [0.03842, 0.0, -0.0]}, "8": {"translate": [0.0, 0.078, -0.625], "rotate": [0.01951, 0.0, -0.0]}, "9": {"translate": [0.0, 0.02, -0.298], "rotate": [0.00549, 0.0, -0.0]}, "10": {"translate": [0.0, -0.0, -0.0], "rotate": [0.0, 0.0, -0.0]}, "11": {"translate": [0.0, -0.001, 0.219], "rotate": [0.0, 0.0, -0.0]}, "12": {"translate": [0.0, -0.003, 0.345], "rotate": [0.0, 0.0, -0.0]}, "13": {"translate": [-0.0, -0.0, 0.431], "rotate": [0.0, 0.0, -0.0]}, "14": {"translate": [-0.0, 0.014, 0.528], "rotate": [0.0, 0.0, -0.0]}, "15": {"translate": [-0.0, 0.045, 0.69], "rotate": [0.0, 0.0, -0.0]}, "16": {"translate": [-0.0, 0.138, 0.984], "rotate": [0.0, 0.0, -0.0]}, "17": {"translate": [-0.0, 0.306, 1.469], "rotate": [0.0, 0.0, -0.0]}, "18": {"translate": [-0.0, 0.505, 2.091], "rotate": [0.0, 0.0, -0.0]}, "19": {"translate": [-0.0, 0.681, 2.738], "rotate": [0.0, 0.0, -0.0]}, "20": {"translate": [-0.0, 0.779, 3.296], "rotate": [0.0, 0.0, -0.0]}}}, {"name": "leftHand", "keyframes": {"0": {"translate": [0.0, 0.0, -0.0], "rotate": [0.0, 0.0, -0.0]}, "1": {"translate": [-0.0, 0.0, -0.0], "rotate": [0.0, 0.0, -0.0]}, "2": {"translate": [-0.0, 0.0, -0.0], "rotate": [0.0, 0.0, -0.0]}, "3": {"translate": [-0.0, 0.0, -0.0], "rotate": [-0.0, 0.0, -0.0]}, "4": {"translate": [-0.0, 0.0, 0.0],