{"frame_length": 10, "parts": [{"name": "leftLeg", "keyframes": {"0": {"x": -0.201, "y": 1.71, "z": -2.839, "xRot": -0.77131, "yRot": -0.00788, "zRot": -0.01567}, "1": {"x": -0.121, "y": 3.069, "z": -1.068, "xRot": -0.4773, "yRot": -0.00276, "zRot": -0.00997}, "2": {"x": 0.123, "y": 5.055, "z": -0.157, "xRot": 0.05948, "yRot": -0.00096, "zRot": 0.01022}, "3": {"x": 0.246, "y": 3.26, "z": -0.506, "xRot": 0.54643, "yRot": -0.01057, "zRot": 0.01757}, "4": {"x": 0.244, "y": 1.883, "z": -0.779, "xRot": 0.94085, "yRot": -0.01563, "zRot": 0.01311}, "5": {"x": 0.197, "y": 1.009, "z": -0.538, "xRot": 1.04011, "yRot": -0.01346, "zRot": 0.00945}, "6": {"x": 0.166, "y": 0.61, "z": -0.304, "xRot": 1.10353, "yRot": -0.01177, "zRot": 0.00729}, "7": {"x": 0.14, "y": 0.45, "z": -0.125, "xRot": 1.13895, "yRot": -0.01013, "zRot": 0.0058}, "8": {"x": 0.123, "y": 0.455, "z": -0.022, "xRot": 1.15587, "yRot": -0.00904, "zRot": 0.00496}, "9": {"x": 0.116, "y": 0.538, "z": 0.019, "xRot": 1.16153, "yRot": -0.00853, "zRot": 0.00461}, "10": {"x": 0.114, "y": 0.605, "z": 0.026, "xRot": 1.16211, "yRot": -0.00842, "zRot": 0.00454}}}, {"name": "rightLeg", "keyframes": {"0": {"x": 0.068, "y": -0.685, "z": 0.679, "xRot": 1.04159, "yRot": -0.00496, "zRot": 0.00268}, "1": {"x": 0.024, "y": 0.853, "z": -2.125, "xRot": 0.98786, "yRot": -0.00161, "zRot": 0.00122}, "2": {"x": 0.027, "y": 1.443, "z": -5.511, "xRot": 0.76467, "yRot": -0.00134, "zRot": 0.00177}, "3": {"x": -0.003, "y": -0.121, "z": -5.86, "xRot": 0.39798, "yRot": 0.00011, "zRot": -0.00027}, "4": {"x": -0.102, "y": -0.725, "z": -4.991, "xRot": 0.00316, "yRot": 0.00096, "zRot": -0.00847}, "5": {"x": 0.01, "y": -0.187, "z": -3.893, "xRot": -0.32631, "yRot": 0.0001, "zRot": 0.00084}, "6": {"x": 0.159, "y": 0.647, "z": -3.207, "xRot": -0.54516, "yRot": 0.00388, "zRot": 0.01317}, "7": {"x": 0.221, "y": 1.199, "z": -3.076, "xRot": -0.66228, "yRot": 0.00721, "zRot": 0.01769}, "8": {"x": 0.23, "y": 1.519, "z": -2.985, "xRot": -0.72932, "yRot": 0.00852, "zRot": 0.01806}, "9": {"x": 0.213, "y": 1.663, "z": -2.889, "xRot": -0.76225, "yRot": 0.00829, "zRot": 0.01665}, "10": {"x": 0.201, "y": 1.71, "z": -2.839, "xRot": -0.77131, "yRot": 0.00788, "zRot": 0.01567}}}, {"name": "body", "keyframes": {"0": {"x": 0.381, "y": 0.123, "z": -4.255, "xRot": 0.24753, "yRot": -0.23766, "zRot": -0.01042}, "1": {"x": 0.218, "y": 2.9, "z": -5.213, "xRot": 0.37941, "yRot": -0.15335, "zRot": -0.03149}, "2": {"x": -0.273, "y": 5.718, "z": -6.133, "xRot": 0.51129, "yRot": -0.02393, "zRot": -0.05257}, "3": {"x": -0.503, "y": 4.661, "z": -5.904, "xRot": 0.47485, "yRot": 0.05231, "zRot": -0.04387}, "4": {"x": -0.524, "y": 2.741, "z": -5.395, "xRot": 0.39834, "yRot": 0.10815, "zRot": -0.0256}, "5": {"x": -0.473, "y": 1.199, "z": -4.912, "xRot": 0.33099, "yRot": 0.15489, "zRot": -0.00951}, "6": {"x": -0.445, "y": 0.468, "z": -4.612, "xRot": 0.29263, "yRot": 0.19293, "zRot": -0.00035}, "7": {"x": -0.415, "y": 0.119, "z": -4.419, "xRot": 0.26822, "yRot": 0.21714, "zRot": 0.00547}, "8": {"x": -0.393, "y": 0.025, "z": -4.312, "xRot": 0.25465, "yRot": 0.2306, "zRot": 0.00872}, "9": {"x": -0.383, "y": 0.066, "z": -4.265, "xRot": 0.24879, "yRot": 0.23642, "zRot": 0.01012}, "10": {"x": -0.381, "y": 0.123, "z": -4.255, "xRot": 0.24753, "yRot": 0.23767, "zRot": 0.01042}}}, {"name": "cloak", "keyframes": {"0": {"x": -0.196, "y": -0.483, "z": -4.4, "xRot": 1.23442, "yRot": -0.06866, "zRot": 0.11494}, "1": {"x": -0.165, "y": 1.986, "z": -5.418, "xRot": 1.18515, "yRot": -0.06139, "zRot": 0.10275}, "2": {"x": -0.389, "y": 4.499, "z": -6.454, "xRot": 1.07675, "yRot": -0.04353, "zRot": 0.07287}, "3": {"x": -0.437, "y": 3.514, "z": -6.183, "xRot": 0.96835, "yRot": -0.02108, "zRot": 0.03528}, "4": {"x": -0.3, "y": 1.765, "z": -5.604, "xRot": 0.91907, "yRot": -0.0, "zRot": -0.0}, "5": {"x": -0.116, "y": 0.383, "z": -5.076, "xRot": 0.96795, "yRot": 0.02065, "zRot": -0.03456}, "6": {"x": 0.014, "y": -0.253, "z": -4.762, "xRot": 1.06874, "yRot": 0.04183, "zRot": -0.07002}, "7": {"x": 0.108, "y": -0.541, "z": -4.565, "xRot": 1.15266, "yRot": 0.05759, "zRot": -0.09641}, "8": {"x": 0.165, "y": -0.6, "z": -4.456, "xRot": 1.19722, "yRot": 0.06538, "zRot": -0.10944}, "9": {"x": 0.191, "y": -0.544, "z": -4.41, "xRot": 1.2249, "yRot": 0.06825, "zRot": -0.11424}, "10": {"x": 0.196, "y": -0.483, "z": -4.4, "xRot": 1.23442, "yRot": 0.06866, "zRot": -0.11493}}}, {"name": "head", "keyframes": {"0": {"x": 0.381, "y": 0.123, "z": -4.255, "xRot": 0.0, "yRot": -0.0, "zRot": -0.0}, "1": {"x": 0.218, "y": 2.9, "z": -5.213, "xRot": 0.0, "yRot": -0.0, "zRot": -0.0}, "2": {"x": -0.273, "y": 5.718, "z": -6.133, "xRot": 0.0, "yRot": -0.0, "zRot": -0.0}, "3": {"x": -0.503, "y": 4.661, "z": -5.904, "xRot": 0.0, "yRot": -0.0, "zRot": -0.0}, "4": {"x": -0.524, "y": 2.741, "z": -5.395, "xRot": 0.0, "yRot": -0.0, "zRot": -0.0}, "5": {"x": -0.473, "y": 1.199, "z": -4.912, "xRot": 0.0, "yRot": -0.0, "zRot": -0.0}, "6": {"x": -0.445, "y": 0.468, "z": -4.612, "xRot": 0.0, "yRot": -0.0, "zRot": -0.0}, "7": {"x": -0.415, "y": 0.119, "z": -4.419, "xRot": 0.0, "yRot": -0.0, "zRot": -0.0}, "8": {"x": -0.393, "y": 0.025, "z": -4.312, "xRot": 0.0, "yRot": -0.0, "zRot": -0.0}, "9": {"x": -0.383, "y": 0.066, "z": -4.265, "xRot": 0.0, "yRot": -0.0, "zRot": -0.0}, "10": {"x": -0.381, "y": 0.123, "z": -4.255, "xRot": 0.0, "yRot": -0.0, "zRot": -0.0}}}, {"name": "rightArm", "keyframes": {"0": {"x": 0.426, "y": 0.084, "z": -6.81, "xRot": -0.94918, "yRot": -0.0, "zRot": -0.0}, "1": {"x": 0.225, "y": 2.829, "z": -6.634, "xRot": -0.7068, "yRot": -0.0, "zRot": -0.0}, "2": {"x": -0.196, "y": 5.507, "z": -5.598, "xRot": -0.15739, "yRot": -0.0, "zRot": -0.0}, "3": {"x": -0.366, "y": 4.298, "z": -3.874, "xRot": 0.43242, "yRot": -0.0, "zRot": -0.0}, "4": {"x": -0.362, "y": 2.261, "z": -2.427, "xRot": 0.79603, "yRot": -0.0, "zRot": -0.0}, "5": {"x": -0.295, "y": 0.651, "z": -1.464, "xRot": 0.93222, "yRot": -0.0, "zRot": -0.0}, "6": {"x": -0.241, "y": -0.126, "z": -0.798, "xRot": 1.02351, "yRot": -0.0, "zRot": -0.0}, "7": {"x": -0.193, "y": -0.505, "z": -0.381, "xRot": 1.07888, "yRot": -0.0, "zRot": -0.0}, "8": {"x": -0.162, "y": -0.615, "z": -0.156, "xRot": 1.10732, "yRot": -0.0, "zRot": -0.0}, "9": {"x": -0.148, "y": -0.58, "z": -0.064, "xRot": 1.11779, "yRot": -0.0, "zRot": -0.0}, "10": {"x": -0.145, "y": -0.524, "z": -0.046, "xRot": 1.11929, "yRot": -0.0, "zRot": -0.0}}}, {"name": "leftArm", "keyframes": {"0": {"x": 0.145, "y": -0.524, "z": -0.047, "xRot": 1.11929, "yRot": -0.0, "zRot": -0.0}, "1": {"x": 0.103, "y": 2.144, "z": -1.654, "xRot": 0.88781, "yRot": -0.0, "zRot": -0.0}, "2": {"x": -0.213, "y": 4.906, "z": -4.094, "xRot": 0.3602, "yRot": -0.0, "zRot": -0.0}, "3": {"x": -0.389, "y": 4.094, "z": -5.531, "xRot": -0.21326, "yRot": -0.0, "zRot": -0.0}, "4": {"x": -0.423, "y": 2.412, "z": -6.229, "xRot": -0.58232, "yRot": -0.0, "zRot": -0.0}, "5": {"x": -0.415, "y": 1.005, "z": -6.439, "xRot": -0.73687, "yRot": -0.0, "zRot": -0.0}, "6": {"x": -0.427, "y": 0.348, "z": -6.624, "xRot": -0.84048, "yRot": -0.0, "zRot": -0.0}, "7": {"x": -0.428, "y": 0.043, "z": -6.734, "xRot": -0.90332, "yRot": -0.0, "zRot": -0.0}, "8": {"x": -0.427, "y": -0.026, "z": -6.788, "xRot": -0.93559, "yRot": -0.0, "zRot": -0.0}, "9": {"x": -0.427, "y": 0.025, "z": -6.807, "xRot": -0.94748, "yRot": -0.0, "zRot": -0.0}, "10": {"x": -0.426, "y": 0.084, "z": -6.81, "xRot": -0.94918, "yRot": -0.0, "zRot": -0.0}}}, {"name": "rightHand", "keyframes": {"0": {"x": 0.0, "y": -0.0, "z": -0.0, "xRot": 0.0, "yRot": -0.0, "zRot": -0.0}, "1": {"x": 0.0, "y": -0.0, "z": -0.0, "xRot": 0.0, "yRot": -0.0, "zRot": -0.0}, "2": {"x": 0.0, "y": -0.0, "z": -0.0, "xRot": 0.0, "yRot": -0.0, "zRot": -0.0}, "3": {"x": 0.0, "y": -0.0, "z": -0.0, "xRot": 0.0, "yRot": -0.0, "zRot": -0.0}, "4": {"x": 0.0, "y": -0.0, "z": -0.0, "xRot": 0.0, "yRot": -0.0, "zRot": -0.0}, "5": {"x": 0.0, "y": -0.0, "z": -0.0, "xRot": 0.0, "yRot": -0.0, "zRot": -0.0}, "6": {"x": 0.0, "y": -0.0, "z": -0.0,