{"frame_length": 20, "parts": [{"name": "leftLeg", "keyframes": {"0": {"x": -0.014, "y": 0.035, "z": 0.052, "xRot": -0.00436, "yRot": -0.0, "zRot": -0.07657}, "1": {"x": -0.049, "y": -0.042, "z": 0.054, "xRot": 0.01266, "yRot": -0.07825, "zRot": -0.08609}, "2": {"x": -0.089, "y": -0.236, "z": 0.052, "xRot": 0.02923, "yRot": -0.15619, "zRot": -0.10715}, "3": {"x": -0.127, "y": -0.481, "z": 0.047, "xRot": 0.04843, "yRot": -0.23355, "zRot": -0.13506}, "4": {"x": -0.155, "y": -0.718, "z": 0.039, "xRot": 0.07206, "yRot": -0.31016, "zRot": -0.16506}, "5": {"x": -0.159, "y": -0.893, "z": 0.034, "xRot": 0.10016, "yRot": -0.38621, "zRot": -0.1916}, "6": {"x": -0.132, "y": -0.957, "z": 0.042, "xRot": 0.1307, "yRot": -0.46245, "zRot": -0.20841}, "7": {"x": -0.064, "y": -0.796, "z": 0.083, "xRot": 0.15712, "yRot": -0.54074, "zRot": -0.20125}, "8": {"x": -0.0, "y": -0.434, "z": 0.151, "xRot": 0.17513, "yRot": -0.621, "zRot": -0.17523}, "9": {"x": 0.023, "y": -0.051, "z": 0.203, "xRot": 0.19101, "yRot": -0.70107, "zRot": -0.15286}, "10": {"x": 0.028, "y": 0.143, "z": 0.207, "xRot": 0.21796, "yRot": -0.77925, "zRot": -0.15652}, "11": {"x": 0.04, "y": 0.125, "z": 0.169, "xRot": 0.18855, "yRot": -0.70223, "zRot": -0.13679}, "12": {"x": 0.046, "y": 0.106, "z": 0.145, "xRot": 0.1612, "yRot": -0.62487, "zRot": -0.12033}, "13": {"x": 0.05, "y": 0.087, "z": 0.136, "xRot": 0.13522, "yRot": -0.54725, "zRot": -0.10642}, "14": {"x": 0.052, "y": 0.071, "z": 0.13, "xRot": 0.11128, "yRot": -0.4694, "zRot": -0.09535}, "15": {"x": 0.052, "y": 0.057, "z": 0.122, "xRot": 0.08929, "yRot": -0.39137, "zRot": -0.08687}, "16": {"x": 0.051, "y": 0.047, "z": 0.11, "xRot": 0.06901, "yRot": -0.3132, "zRot": -0.0807}, "17": {"x": 0.046, "y": 0.04, "z": 0.094, "xRot": 0.0501, "yRot": -0.23495, "zRot": -0.07661}, "18": {"x": 0.035, "y": 0.035, "z": 0.074, "xRot": 0.03207, "yRot": -0.15665, "zRot": -0.07449}, "19": {"x": 0.015, "y": 0.034, "z": 0.056, "xRot": 0.01439, "yRot": -0.07832, "zRot": -0.07454}, "20": {"x": -0.014, "y": 0.035, "z": 0.047, "xRot": -0.00388, "yRot": -0.0, "zRot": -0.07657}}}, {"name": "rightLeg", "keyframes": {"0": {"x": -0.036, "y": 0.025, "z": 0.141, "xRot": -0.01179, "yRot": -0.0, "zRot": 0.06319}, "1": {"x": -0.034, "y": 0.024, "z": 0.14, "xRot": 0.0066, "yRot": 0.07838, "zRot": 0.06311}, "2": {"x": -0.037, "y": 0.026, "z": 0.129, "xRot": 0.02598, "yRot": 0.15676, "zRot": 0.0643}, "3": {"x": -0.044, "y": 0.031, "z": 0.117, "xRot": 0.04589, "yRot": 0.23511, "zRot": 0.06679}, "4": {"x": -0.048, "y": 0.039, "z": 0.108, "xRot": 0.06618, "yRot": 0.31341, "zRot": 0.07126}, "5": {"x": -0.047, "y": 0.051, "z": 0.105, "xRot": 0.08699, "yRot": 0.39163, "zRot": 0.07787}, "6": {"x": -0.041, "y": 0.065, "z": 0.108, "xRot": 0.10867, "yRot": 0.46971, "zRot": 0.08686}, "7": {"x": -0.028, "y": 0.081, "z": 0.112, "xRot": 0.13189, "yRot": 0.54761, "zRot": 0.09862}, "8": {"x": -0.01, "y": 0.1, "z": 0.115, "xRot": 0.15762, "yRot": 0.62524, "zRot": 0.11373}, "9": {"x": 0.011, "y": 0.123, "z": 0.103, "xRot": 0.18789, "yRot": 0.70244, "zRot": 0.13358}, "10": {"x": 0.03, "y": 0.151, "z": 0.077, "xRot": 0.22411, "yRot": 0.77903, "zRot": 0.1592}, "11": {"x": 0.042, "y": 0.049, "z": 0.03, "xRot": 0.20225, "yRot": 0.70138, "zRot": 0.14875}, "12": {"x": 0.064, "y": -0.182, "z": -0.012, "xRot": 0.19041, "yRot": 0.62283, "zRot": 0.15177}, "13": {"x": 0.093, "y": -0.475, "z": -0.038, "xRot": 0.18033, "yRot": 0.54402, "zRot": 0.16068}, "14": {"x": 0.125, "y": -0.767, "z": -0.047, "xRot": 0.16733, "yRot": 0.46539, "zRot": 0.16998}, "15": {"x": 0.147, "y": -0.997, "z": -0.031, "xRot": 0.14791, "yRot": 0.38733, "zRot": 0.17435}, "16": {"x": 0.142, "y": -1.105, "z": 0.011, "xRot": 0.12051, "yRot": 0.30997, "zRot": 0.16901}, "17": {"x": 0.089, "y": -0.955, "z": 0.078, "xRot": 0.08247, "yRot": 0.23327, "zRot": 0.14387}, "18": {"x": 0.017, "y": -0.573, "z": 0.132, "xRot": 0.04243, "yRot": 0.1562, "zRot": 0.10666}, "19": {"x": -0.025, "y": -0.167, "z": 0.148, "xRot": 0.01023, "yRot": 0.07832, "zRot": 0.07556}, "20": {"x": -0.035, "y": 0.025, "z": 0.147, "xRot": -0.01226, "yRot": -0.0, "zRot": 0.06321}}}, {"name": "body", "keyframes": {"0": {"x": 0.051, "y": -0.132, "z": -0.054, "xRot": 0.01265, "yRot": 0.02264, "zRot": 0.00663}, "1": {"x": 0.073, "y": 0.077, "z": -0.054, "xRot": 0.01265, "yRot": 0.02111, "zRot": 0.00944}, "2": {"x": 0.089, "y": 0.173, "z": -0.054, "xRot": 0.01265, "yRot": 0.01697, "zRot": 0.01135}, "3": {"x": 0.096, "y": 0.128, "z": -0.054, "xRot": 0.01265, "yRot": 0.01086, "zRot": 0.0122}, "4": {"x": 0.092, "y": 0.015, "z": -0.054, "xRot": 0.01265, "yRot": 0.00344, "zRot": 0.01149}, "5": {"x": 0.077, "y": -0.131, "z": -0.054, "xRot": 0.01265, "yRot": -0.00463, "zRot": 0.00958}, "6": {"x": 0.055, "y": -0.278, "z": -0.054, "xRot": 0.01265, "yRot": -0.01271, "zRot": 0.00675}, "7": {"x": 0.029, "y": -0.391, "z": -0.054, "xRot": 0.01265, "yRot": -0.02012, "zRot": 0.00332}, "8": {"x": -0.001, "y": -0.436, "z": -0.054, "xRot": 0.01265, "yRot": -0.02623, "zRot": -0.00041}, "9": {"x": -0.03, "y": -0.341, "z": -0.054, "xRot": 0.01265, "yRot": -0.03038, "zRot": -0.00414}, "10": {"x": -0.057, "y": -0.132, "z": -0.053, "xRot": 0.01265, "yRot": -0.03191, "zRot": -0.00757}, "11": {"x": -0.08, "y": 0.077, "z": -0.054, "xRot": 0.01265, "yRot": -0.0303, "zRot": -0.01039}, "12": {"x": -0.096, "y": 0.173, "z": -0.054, "xRot": 0.01265, "yRot": -0.02594, "zRot": -0.01231}, "13": {"x": -0.102, "y": 0.128, "z": -0.054, "xRot": 0.01265, "yRot": -0.0195, "zRot": -0.01301}, "14": {"x": -0.097, "y": 0.015, "z": -0.054, "xRot": 0.01265, "yRot": -0.0117, "zRot": -0.01231}, "15": {"x": -0.083, "y": -0.131, "z": -0.054, "xRot": 0.01265, "yRot": -0.0032, "zRot": -0.01041}, "16": {"x": -0.061, "y": -0.278, "z": -0.054, "xRot": 0.01265, "yRot": 0.0053, "zRot": -0.0076}, "17": {"x": -0.035, "y": -0.391, "z": -0.054, "xRot": 0.01265, "yRot": 0.01311, "zRot": -0.00419}, "18": {"x": -0.006, "y": -0.436, "z": -0.054, "xRot": 0.01265, "yRot": 0.01954, "zRot": -0.00048}, "19": {"x": 0.023, "y": -0.341, "z": -0.054, "xRot": 0.01265, "yRot": 0.0239, "zRot": 0.00323}, "20": {"x": 0.05, "y": -0.132, "z": -0.054, "xRot": 0.01265, "yRot": 0.02551, "zRot": 0.00663}}}, {"name": "cloak", "keyframes": {"0": {"x": 0.108, "y": -0.163, "z": -0.054, "xRot": 0.08534, "yRot": -0.0824, "zRot": 0.0696}, "1": {"x": 0.126, "y": 0.046, "z": -0.054, "xRot": 0.08534, "yRot": -0.0824, "zRot": 0.0696}, "2": {"x": 0.132, "y": 0.141, "z": -0.054, "xRot": 0.08534, "yRot": -0.0824, "zRot": 0.0696}, "3": {"x": 0.124, "y": 0.096, "z": -0.054, "xRot": 0.08534, "yRot": -0.0824, "zRot": 0.0696}, "4": {"x": 0.101, "y": -0.017, "z": -0.054, "xRot": 0.08534, "yRot": -0.0824, "zRot": 0.0696}, "5": {"x": 0.066, "y": -0.163, "z": -0.054, "xRot": 0.08534, "yRot": -0.0824, "zRot": 0.0696}, "6": {"x": 0.024, "y": -0.31, "z": -0.054, "xRot": 0.08534, "yRot": -0.0824, "zRot": 0.0696}, "7": {"x": -0.022, "y": -0.422, "z": -0.054, "xRot": 0.08534, "yRot": -0.0824, "zRot": 0.0696}, "8": {"x": -0.066, "y": -0.467, "z": -0.055, "xRot": 0.08534, "yRot": -0.0824, "zRot": 0.0696}, "9": {"x": -0.106, "y": -0.372, "z": -0.055, "xRot": 0.08534, "yRot": -0.0824, "zRot": 0.0696}, "10": {"x": -0.137, "y": -0.163, "z": -0.055, "xRot": 0.08534, "yRot": -0.0824, "zRot": 0.0696}, "11": {"x": -0.156, "y": 0.047, "z": -0.055, "xRot": 0.08534, "yRot": -0.0824, "zRot": 0.0696}, "12": {"x": -0.161, "y": 0.142, "z": -0.055, "xRot": 0.08534, "yRot": -0.0824, "zRot": 0.0696}, "13": {"x": -0.151, "y": 0.097, "z": -0.054, "xRot": 0.08534, "yRot": -0.0824, "zRot": 0.0696}, "14": {"x": -0.127, "y": -0.016, "z": -0.054, "xRot": 0.08534, "yRot": -0.0824, "zRot": 0.0696}, "15": {"x": -0.091, "y": -0.163, "z": -0.054, "xRot": 0.08534, "yRot": -0.0824, "zRot": 0.0696}, "16": {"x": -0.048, "y": -0.31, "z": -0.054, "xRot": 0.08534, "yRot": -0.0824, "zRot": 0.0696}, "17": {"x": -0.002, "y": -0.422, "z": -0.054, "xRot": 0.08534, "yRot": -0.0824, "zRot": 0.0696}, "18": {"x": 0.043, "y": -0.467, "z": -0.054,