{"frame_length": 20, "parts": [{"name": "leftLeg", "keyframes": {"0": {"x": -0.015, "y": 0.075, "z": 0.034, "xRot": -0.10326, "yRot": 0.39037, "zRot": -0.09789}, "1": {"x": -0.045, "y": -0.013, "z": 0.065, "xRot": -0.08857, "yRot": 0.31205, "zRot": -0.10001}, "2": {"x": -0.084, "y": -0.214, "z": 0.096, "xRot": -0.07953, "yRot": 0.23352, "zRot": -0.11364}, "3": {"x": -0.124, "y": -0.468, "z": 0.12, "xRot": -0.07059, "yRot": 0.15508, "zRot": -0.13295}, "4": {"x": -0.158, "y": -0.717, "z": 0.136, "xRot": -0.05824, "yRot": 0.077, "zRot": -0.15279}, "5": {"x": -0.173, "y": -0.908, "z": 0.14, "xRot": -0.04032, "yRot": -0.00063, "zRot": -0.1678}, "6": {"x": -0.155, "y": -0.99, "z": 0.136, "xRot": -0.01649, "yRot": -0.07801, "zRot": -0.1726}, "7": {"x": -0.086, "y": -0.847, "z": 0.133, "xRot": 0.01249, "yRot": -0.15585, "zRot": -0.15556}, "8": {"x": -0.007, "y": -0.5, "z": 0.148, "xRot": 0.04023, "yRot": -0.23454, "zRot": -0.123}, "9": {"x": 0.031, "y": -0.128, "z": 0.172, "xRot": 0.06316, "yRot": -0.31349, "zRot": -0.09444}, "10": {"x": 0.038, "y": 0.054, "z": 0.178, "xRot": 0.08443, "yRot": -0.39203, "zRot": -0.08615}, "11": {"x": 0.038, "y": 0.045, "z": 0.158, "xRot": 0.06496, "yRot": -0.31385, "zRot": -0.08047}, "12": {"x": 0.04, "y": 0.038, "z": 0.145, "xRot": 0.04582, "yRot": -0.2356, "zRot": -0.07609}, "13": {"x": 0.046, "y": 0.032, "z": 0.135, "xRot": 0.02706, "yRot": -0.15731, "zRot": -0.07282}, "14": {"x": 0.051, "y": 0.03, "z": 0.122, "xRot": 0.009, "yRot": -0.07898, "zRot": -0.07106}, "15": {"x": 0.054, "y": 0.031, "z": 0.103, "xRot": -0.00844, "yRot": -0.00064, "zRot": -0.07085}, "16": {"x": 0.054, "y": 0.033, "z": 0.079, "xRot": -0.02552, "yRot": 0.0777, "zRot": -0.07218}, "17": {"x": 0.047, "y": 0.039, "z": 0.053, "xRot": -0.04269, "yRot": 0.156, "zRot": -0.07517}, "18": {"x": 0.035, "y": 0.047, "z": 0.031, "xRot": -0.06057, "yRot": 0.23425, "zRot": -0.08004}, "19": {"x": 0.012, "y": 0.059, "z": 0.02, "xRot": -0.08029, "yRot": 0.3124, "zRot": -0.08744}, "20": {"x": -0.015, "y": 0.075, "z": 0.029, "xRot": -0.10275, "yRot": 0.39037, "zRot": -0.09769}}}, {"name": "rightLeg", "keyframes": {"0": {"x": -0.035, "y": 0.07, "z": 0.122, "xRot": -0.10512, "yRot": -0.38248, "zRot": 0.08587}, "1": {"x": -0.036, "y": 0.057, "z": 0.14, "xRot": -0.0857, "yRot": -0.30434, "zRot": 0.07828}, "2": {"x": -0.038, "y": 0.044, "z": 0.139, "xRot": -0.0656, "yRot": -0.22611, "zRot": 0.07185}, "3": {"x": -0.044, "y": 0.034, "z": 0.123, "xRot": -0.04511, "yRot": -0.14781, "zRot": 0.06665}, "4": {"x": -0.048, "y": 0.026, "z": 0.104, "xRot": -0.02493, "yRot": -0.06946, "zRot": 0.06335}, "5": {"x": -0.049, "y": 0.023, "z": 0.088, "xRot": -0.00526, "yRot": 0.00893, "zRot": 0.06198}, "6": {"x": -0.047, "y": 0.024, "z": 0.077, "xRot": 0.01396, "yRot": 0.08731, "zRot": 0.06257}, "7": {"x": -0.039, "y": 0.028, "z": 0.072, "xRot": 0.03294, "yRot": 0.16568, "zRot": 0.06513}, "8": {"x": -0.026, "y": 0.035, "z": 0.07, "xRot": 0.05213, "yRot": 0.24399, "zRot": 0.06973}, "9": {"x": -0.004, "y": 0.046, "z": 0.064, "xRot": 0.0724, "yRot": 0.32221, "zRot": 0.07681}, "10": {"x": 0.021, "y": 0.06, "z": 0.05, "xRot": 0.09443, "yRot": 0.4003, "zRot": 0.08643}, "11": {"x": 0.05, "y": -0.038, "z": 0.028, "xRot": 0.07902, "yRot": 0.32193, "zRot": 0.08819}, "12": {"x": 0.088, "y": -0.266, "z": 0.016, "xRot": 0.06713, "yRot": 0.24338, "zRot": 0.10037}, "13": {"x": 0.129, "y": -0.555, "z": 0.021, "xRot": 0.05423, "yRot": 0.16489, "zRot": 0.11792}, "14": {"x": 0.166, "y": -0.839, "z": 0.042, "xRot": 0.03771, "yRot": 0.08667, "zRot": 0.13645}, "15": {"x": 0.185, "y": -1.054, "z": 0.076, "xRot": 0.01624, "yRot": 0.00884, "zRot": 0.15108}, "16": {"x": 0.169, "y": -1.141, "z": 0.117, "xRot": -0.00974, "yRot": -0.06875, "zRot": 0.15678}, "17": {"x": 0.098, "y": -0.965, "z": 0.147, "xRot": -0.03835, "yRot": -0.14665, "zRot": 0.14274}, "18": {"x": 0.016, "y": -0.56, "z": 0.145, "xRot": -0.06397, "yRot": -0.22523, "zRot": 0.11488}, "19": {"x": -0.025, "y": -0.136, "z": 0.129, "xRot": -0.08497, "yRot": -0.30403, "zRot": 0.09114}, "20": {"x": -0.035, "y": 0.07, "z": 0.128, "xRot": -0.10563, "yRot": -0.38247, "zRot": 0.08608}}}, {"name": "body", "keyframes": {"0": {"x": 0.051, "y": -0.132, "z": -0.054, "xRot": 0.01265, "yRot": 0.02264, "zRot": 0.00663}, "1": {"x": 0.073, "y": 0.077, "z": -0.054, "xRot": 0.01265, "yRot": 0.02111, "zRot": 0.00944}, "2": {"x": 0.089, "y": 0.173, "z": -0.054, "xRot": 0.01265, "yRot": 0.01697, "zRot": 0.01135}, "3": {"x": 0.096, "y": 0.128, "z": -0.054, "xRot": 0.01265, "yRot": 0.01086, "zRot": 0.0122}, "4": {"x": 0.092, "y": 0.015, "z": -0.054, "xRot": 0.01265, "yRot": 0.00344, "zRot": 0.01149}, "5": {"x": 0.077, "y": -0.131, "z": -0.054, "xRot": 0.01265, "yRot": -0.00463, "zRot": 0.00958}, "6": {"x": 0.055, "y": -0.278, "z": -0.054, "xRot": 0.01265, "yRot": -0.01271, "zRot": 0.00675}, "7": {"x": 0.029, "y": -0.391, "z": -0.054, "xRot": 0.01265, "yRot": -0.02012, "zRot": 0.00332}, "8": {"x": -0.001, "y": -0.436, "z": -0.054, "xRot": 0.01265, "yRot": -0.02623, "zRot": -0.00041}, "9": {"x": -0.03, "y": -0.341, "z": -0.054, "xRot": 0.01265, "yRot": -0.03038, "zRot": -0.00414}, "10": {"x": -0.057, "y": -0.132, "z": -0.053, "xRot": 0.01265, "yRot": -0.03191, "zRot": -0.00757}, "11": {"x": -0.08, "y": 0.077, "z": -0.054, "xRot": 0.01265, "yRot": -0.0303, "zRot": -0.01039}, "12": {"x": -0.096, "y": 0.173, "z": -0.054, "xRot": 0.01265, "yRot": -0.02594, "zRot": -0.01231}, "13": {"x": -0.102, "y": 0.128, "z": -0.054, "xRot": 0.01265, "yRot": -0.0195, "zRot": -0.01301}, "14": {"x": -0.097, "y": 0.015, "z": -0.054, "xRot": 0.01265, "yRot": -0.0117, "zRot": -0.01231}, "15": {"x": -0.083, "y": -0.131, "z": -0.054, "xRot": 0.01265, "yRot": -0.0032, "zRot": -0.01041}, "16": {"x": -0.061, "y": -0.278, "z": -0.054, "xRot": 0.01265, "yRot": 0.0053, "zRot": -0.0076}, "17": {"x": -0.035, "y": -0.391, "z": -0.054, "xRot": 0.01265, "yRot": 0.01311, "zRot": -0.00419}, "18": {"x": -0.006, "y": -0.436, "z": -0.054, "xRot": 0.01265, "yRot": 0.01954, "zRot": -0.00048}, "19": {"x": 0.023, "y": -0.341, "z": -0.054, "xRot": 0.01265, "yRot": 0.0239, "zRot": 0.00323}, "20": {"x": 0.05, "y": -0.132, "z": -0.054, "xRot": 0.01265, "yRot": 0.02551, "zRot": 0.00663}}}, {"name": "cloak", "keyframes": {"0": {"x": 0.108, "y": -0.163, "z": -0.054, "xRot": 0.08534, "yRot": -0.0824, "zRot": 0.0696}, "1": {"x": 0.126, "y": 0.046, "z": -0.054, "xRot": 0.08534, "yRot": -0.0824, "zRot": 0.0696}, "2": {"x": 0.132, "y": 0.141, "z": -0.054, "xRot": 0.08534, "yRot": -0.0824, "zRot": 0.0696}, "3": {"x": 0.124, "y": 0.096, "z": -0.054, "xRot": 0.08534, "yRot": -0.0824, "zRot": 0.0696}, "4": {"x": 0.101, "y": -0.017, "z": -0.054, "xRot": 0.08534, "yRot": -0.0824, "zRot": 0.0696}, "5": {"x": 0.066, "y": -0.163, "z": -0.054, "xRot": 0.08534, "yRot": -0.0824, "zRot": 0.0696}, "6": {"x": 0.024, "y": -0.31, "z": -0.054, "xRot": 0.08534, "yRot": -0.0824, "zRot": 0.0696}, "7": {"x": -0.022, "y": -0.422, "z": -0.054, "xRot": 0.08534, "yRot": -0.0824, "zRot": 0.0696}, "8": {"x": -0.066, "y": -0.467, "z": -0.055, "xRot": 0.08534, "yRot": -0.0824, "zRot": 0.0696}, "9": {"x": -0.106, "y": -0.372, "z": -0.055, "xRot": 0.08534, "yRot": -0.0824, "zRot": 0.0696}, "10": {"x": -0.137, "y": -0.163, "z": -0.055, "xRot": 0.08534, "yRot": -0.0824, "zRot": 0.0696}, "11": {"x": -0.156, "y": 0.047, "z": -0.055, "xRot": 0.08534, "yRot": -0.0824, "zRot": 0.0696}, "12": {"x": -0.161, "y": 0.142, "z": -0.055, "xRot": 0.08534, "yRot": -0.0824, "zRot": 0.0696}, "13": {"x": -0.151, "y": 0.097, "z": -0.054, "xRot": 0.08534, "yRot": -0.0824, "zRot": 0.0696}, "14": {"x": -0.127, "y": -0.016, "z": -0.054, "xRot": 0.08534, "yRot": -0.0824, "zRot": 0.0696}, "15": {"x": -0.091, "y": -0.163, "z": -0.054, "xRot": 0.08534, "yRot": -0.0824, "zRot": 0.0696}, "16": {"x": -0.048, "y": -0.31, "z": -0.054, "xRot": 0.08534, "yRot": -0.0824, "zRot": 0.0696}, "17": {"x": -0.002, "y": -0.422, "z": -0.054, "xRot": 0.08534, "yRot": -0.0824, "zRot": 0.0696}, "18": {"x": 0.043,