{"format_version": "0.2", "frame_length": 10, "parts": [{"name": "root", "keyframes": {"0": {"translate": [0.0, -0.0, -0.0], "rotate": [0.0, 0.0, -0.0]}, "1": {"translate": [0.0, -0.0, -0.0], "rotate": [0.0, 0.0, -0.0]}, "2": {"translate": [0.0, -0.0, -0.0], "rotate": [0.0, 0.0, -0.0]}, "3": {"translate": [0.0, -0.0, -0.0], "rotate": [0.0, 0.0, -0.0]}, "4": {"translate": [0.0, -0.0, -0.0], "rotate": [0.0, 0.0, -0.0]}, "5": {"translate": [0.0, -0.0, -0.0], "rotate": [0.0, 0.0, -0.0]}, "6": {"translate": [0.0, -0.0, -0.0], "rotate": [0.0, 0.0, -0.0]}, "7": {"translate": [0.0, -0.0, -0.0], "rotate": [0.0, 0.0, -0.0]}, "8": {"translate": [0.0, -0.0, -0.0], "rotate": [0.0, 0.0, -0.0]}, "9": {"translate": [0.0, -0.0, -0.0], "rotate": [0.0, 0.0, -0.0]}, "10": {"translate": [0.0, -0.0, -0.0], "rotate": [0.0, 0.0, -0.0]}}}, {"name": "leftLeg", "keyframes": {"0": {"translate": [0.353, 0.015, -3.541], "rotate": [-0.34965, 0.01331, 0.02648]}, "1": {"translate": [0.328, 3.877, -3.245], "rotate": [-0.23281, 0.00729, 0.02637]}, "2": {"translate": [0.296, 7.774, -2.3], "rotate": [0.10481, -0.00232, 0.02458]}, "3": {"translate": [0.282, 5.045, -1.941], "rotate": [0.4668, -0.01214, 0.02018]}, "4": {"translate": [0.241, 1.11, -2.408], "rotate": [0.65039, -0.01581, 0.01326]}, "5": {"translate": [0.269, -0.75, -1.972], "rotate": [0.64472, -0.01932, 0.01357]}, "6": {"translate": [0.374, -1.591, -1.565], "rotate": [0.62922, -0.02861, 0.01773]}, "7": {"translate": [0.455, -2.106, -1.278], "rotate": [0.61583, -0.03629, 0.02078]}, "8": {"translate": [0.521, -2.406, -1.054], "rotate": [0.60135, -0.04265, 0.02343]}, "9": {"translate": [0.563, -2.548, -0.912], "rotate": [0.59009, -0.0467, 0.02526]}, "10": {"translate": [0.578, -2.601, -0.863], "rotate": [0.58559, -0.04807, 0.02594]}}}, {"name": "rightLeg", "keyframes": {"0": {"translate": [-0.576, -2.44, -1.1], "rotate": [0.60949, 0.04735, -0.02555]}, "1": {"translate": [-0.416, 0.269, -1.687], "rotate": [0.54622, 0.028, -0.02359]}, "2": {"translate": [-0.045, 2.926, -2.233], "rotate": [0.38254, 0.00158, -0.00344]}, "3": {"translate": [0.145, 2.0, -2.423], "rotate": [0.13536, 2e-05, 0.01221]}, "4": {"translate": [0.136, 0.712, -2.751], "rotate": [-0.13326, 0.00356, 0.01097]}, "5": {"translate": [0.095, 0.239, -2.919], "rotate": [-0.29789, 0.00343, 0.00725]}, "6": {"translate": [-0.022, 0.228, -3.075], "rotate": [-0.33604, -0.0008, -0.00165]}, "7": {"translate": [-0.08, 0.162, -3.307], "rotate": [-0.34718, -0.00299, -0.00603]}, "8": {"translate": [-0.073, 0.106, -3.435], "rotate": [-0.35219, -0.00273, -0.00544]}, "9": {"translate": [-0.036, 0.061, -3.486], "rotate": [-0.35368, -0.00137, -0.00273]}, "10": {"translate": [-0.014, 0.026, -3.495], "rotate": [-0.35374, -0.00054, -0.00107]}}}, {"name": "rightHand", "keyframes": {"0": {"translate": [0.0, 0.0, 0.0], "rotate": [-0.0, 0.0, 0.0]}, "1": {"translate": [-0.0, 0.0, 0.0], "rotate": [0.0, 0.0, 0.0]}, "2": {"translate": [0.0, 0.0, -0.0], "rotate": [0.0, 0.0, 0.0]}, "3": {"translate": [0.0, 0.0, 0.0], "rotate": [-0.0, 0.0, -0.0]}, "4": {"translate": [-0.0, 0.0, -0.0], "rotate": [-0.0, 0.0, 0.0]}, "5": {"translate": [0.0, -0.0, 0.0], "rotate": [0.0, -0.0, 0.0]}, "6": {"translate": [-0.0, -0.0, -0.0], "rotate": [-0.0, -0.0, 0.0]}, "7": {"translate": [-0.0, -0.0, -0.0], "rotate": [-0.0, -0.0, -0.0]}, "8": {"translate": [0.0, -0.0, -0.0], "rotate": [0.0, 0.0, -0.0]}, "9": {"translate": [-0.0, -0.0, -0.0], "rotate": [-0.0, -0.0, 0.0]}, "10": {"translate": [0.0, -0.0, -0.0], "rotate": [-0.0, -0.0, 0.0]}}}, {"name": "rightArm", "keyframes": {"0": {"translate": [0.255, -0.089, -4.609], "rotate": [-0.6738, -0.2023, 0.24912]}, "1": {"translate": [0.225, 3.477, -4.83], "rotate": [-0.61998, -0.15823, 0.23313]}, "2": {"translate": [0.108, 7.047, -4.893], "rotate": [-0.47597, -0.05973, 0.19664]}, "3": {"translate": [-0.17, 5.668, -4.045], "rotate": [-0.26792, 0.04265, 0.15686]}, "4": {"translate": [-0.336, 2.911, -2.65], "rotate": [-0.02198, 0.09836, 0.13099]}, "5": {"translate": [-0.204, 0.849, -1.509], "rotate": [0.23568, 0.11261, 0.11989]}, "6": {"translate": [-0.038, 0.063, -0.895], "rotate": [0.4522, 0.12431, 0.11244]}, "7": {"translate": [0.082, -0.394, -0.56], "rotate": [0.60002, 0.13344, 0.10793]}, "8": {"translate": [0.168, -0.625, -0.362], "rotate": [0.69098, 0.13998, 0.10561]}, "9": {"translate": [0.218, -0.715, -0.268], "rotate": [0.73688, 0.14391, 0.10475]}, "10": {"translate": [0.234, -0.746, -0.244], "rotate": [0.74956, 0.14523, 0.10463]}}}, {"name": "leftHand", "keyframes": {"0": {"translate": [-0.0, 0.0, -0.0], "rotate": [-0.0, 0.0, -0.0]}, "1": {"translate": [-0.0, -0.0, -0.0], "rotate": [-0.0, 0.0, -0.0]}, "2": {"translate": [0.0, -0.0, 0.0], "rotate": [0.0, 0.0, -0.0]}, "3": {"translate": [-0.0, 0.0, 0.0], "rotate": [-0.0, -0.0, -0.0]}, "4": {"translate": [-0.0, 0.0, -0.0], "rotate": [-0.0, -0.0, 0.0]}, "5": {"translate": [-0.0, -0.0, -0.0], "rotate": [0.0, -0.0, 0.0]}, "6": {"translate": [-0.0, 0.0, -0.0], "rotate": [-0.0, -0.0, -0.0]}, "7": {"translate": [-0.0, -0.0, -0.0], "rotate": [-0.0, -0.0, -0.0]}, "8": {"translate": [0.0, 0.0, -0.0], "rotate": [0.0, 0.0, 0.0]}, "9": {"translate": [-0.0, 0.0, -0.0], "rotate": [0.0, -0.0, -0.0]}, "10": {"translate": [-0.0, -0.0, -0.0], "rotate": [-0.0, -0.0, -0.0]}}}, {"name": "leftArm", "keyframes": {"0": {"translate": [-0.109, -0.746, -0.06], "rotate": [0.74956, -0.14523, -0.10463]}, "1": {"translate": [-0.091, 2.712, -0.684], "rotate": [0.65835, -0.10261, -0.12012]}, "2": {"translate": [-0.096, 6.299, -1.778], "rotate": [0.43164, -0.00721, -0.15528]}, "3": {"translate": [-0.2, 5.264, -2.777], "rotate": [0.13981, 0.09235, -0.19313]}, "4": {"translate": [-0.382, 2.909, -3.581], "rotate": [-0.14675, 0.1474, -0.21671]}, "5": {"translate": [-0.411, 1.146, -3.864], "rotate": [-0.35768, 0.16298, -0.2266]}, "6": {"translate": [-0.323, 0.538, -3.906], "rotate": [-0.48634, 0.17637, -0.2347]}, "7": {"translate": [-0.265, 0.188, -4.083], "rotate": [-0.57671, 0.18729, -0.241]}, "8": {"translate": [-0.222, 0.011, -4.253], "rotate": [-0.63436, 0.19544, -0.2455]}, "9": {"translate": [-0.196, -0.059, -4.381], "rotate": [-0.66487, 0.20054, -0.24821]}, "10": {"translate": [-0.187, -0.088, -4.431], "rotate": [-0.6738, 0.2023, -0.24911]}}}, {"name": "head", "keyframes": {"0": {"translate": [0.04, -0.106, -2.751], "rotate": [0.0, 0.0, -0.0]}, "1": {"translate": [0.059, 3.337, -3.373], "rotate": [0.0, 0.0, -0.0]}, "2": {"translate": [0.037, 6.792, -4.248], "rotate": [0.0, 0.0, -0.0]}, "3": {"translate": [-0.159, 5.468, -4.428], "rotate": [0.0, 0.0, -0.0]}, "4": {"translate": [-0.364, 2.928, -4.071], "rotate": [0.0, 0.0, -0.0]}, "5": {"translate": [-0.308, 1.127, -3.488], "rotate": [0.0, 0.0, -0.0]}, "6": {"translate": [-0.17, 0.512, -3.061], "rotate": [0.0, 0.0, -0.0]}, "7": {"translate": [-0.093, 0.165, -2.888], "rotate": [0.0, 0.0, -0.0]}, "8": {"translate": [-0.048, -0.009, -2.797], "rotate": [0.0, 0.0, -0.0]}, "9": {"translate": [-0.029, -0.078, -2.762], "rotate": [0.0, 0.0, -0.0]}, "10": {"translate": [-0.025, -0.106, -2.756], "rotate": [0.0, 0.0, -0.0]}}}, {"name": "body", "keyframes": {"0": {"translate": [0.04, -0.106, -2.751], "rotate": [0.05247, -0.29934, -0.01042]}, "1": {"translate": [0.059, 3.337, -3.373], "rotate": [0.1418, -0.27639, -0.03149]}, "2": {"translate": [0.037, 6.792, -4.248], "rotate": [0.26252, -0.21544, -0.05257]}, "3": {"translate": [-0.159, 5.468, -4.428], "rotate": [0.27658, -0.08198, -0.04387]}, "4": {"translate": [-0.364, 2.928, -4.071], "rotate": [0.22298, 0.09326, -0.0256]}, "5": {"translate": [-0.308, 1.127, -3.488], "rotate": [0.14649, 0.20049, -0.00951]}, "6": {"translate": [-0.17, 0.512, -3.061], "rotate": [0.09188, 0.23029, -0.00035]}, "7": {"translate": [-0.093, 0.165, -2.888], "rotate": [0.06954, 0.24836, 0.00547]}, "8": {"translate": [-0.048, -0.009, -2.797], "rotate": [0.0578, 0.25764, 0.00872]}, "9": {"translate": [-0.029, -0.078, -2.762], "rotate": [0.05324, 0.26106, 0.01012]},