{"frame_length": 20, "parts": [{"name": "leftLeg", "keyframes": {"0": {"x": -0.258, "y": 2.459, "z": -0.224, "xRot": 0.01827, "yRot": -0.0, "zRot": -0.02148}, "1": {"x": -0.258, "y": 2.459, "z": -0.224, "xRot": 0.01827, "yRot": -0.0, "zRot": -0.02148}, "2": {"x": -0.258, "y": 2.459, "z": -0.224, "xRot": 0.01827, "yRot": -0.0, "zRot": -0.02148}, "3": {"x": -0.258, "y": 2.459, "z": -0.224, "xRot": 0.01827, "yRot": -0.0, "zRot": -0.02148}, "4": {"x": -0.258, "y": 2.459, "z": -0.224, "xRot": 0.01827, "yRot": -0.0, "zRot": -0.02148}, "5": {"x": -0.258, "y": 2.459, "z": -0.224, "xRot": 0.01827, "yRot": -0.0, "zRot": -0.02148}, "6": {"x": -0.258, "y": 2.459, "z": -0.224, "xRot": 0.01827, "yRot": -0.0, "zRot": -0.02148}, "7": {"x": -0.258, "y": 2.459, "z": -0.224, "xRot": 0.01827, "yRot": -0.0, "zRot": -0.02148}, "8": {"x": -0.258, "y": 2.459, "z": -0.224, "xRot": 0.01827, "yRot": -0.0, "zRot": -0.02148}, "9": {"x": -0.258, "y": 2.459, "z": -0.224, "xRot": 0.01827, "yRot": -0.0, "zRot": -0.02148}, "10": {"x": -0.258, "y": 2.459, "z": -0.224, "xRot": 0.01827, "yRot": -0.0, "zRot": -0.02148}, "11": {"x": -0.258, "y": 2.459, "z": -0.224, "xRot": 0.01827, "yRot": -0.0, "zRot": -0.02148}, "12": {"x": -0.258, "y": 2.459, "z": -0.224, "xRot": 0.01827, "yRot": -0.0, "zRot": -0.02148}, "13": {"x": -0.258, "y": 2.459, "z": -0.224, "xRot": 0.01827, "yRot": -0.0, "zRot": -0.02148}, "14": {"x": -0.258, "y": 2.459, "z": -0.224, "xRot": 0.01827, "yRot": -0.0, "zRot": -0.02148}, "15": {"x": -0.258, "y": 2.459, "z": -0.224, "xRot": 0.01827, "yRot": -0.0, "zRot": -0.02148}, "16": {"x": -0.258, "y": 2.459, "z": -0.224, "xRot": 0.01827, "yRot": -0.0, "zRot": -0.02148}, "17": {"x": -0.258, "y": 2.459, "z": -0.224, "xRot": 0.01827, "yRot": -0.0, "zRot": -0.02148}, "18": {"x": -0.258, "y": 2.459, "z": -0.224, "xRot": 0.01827, "yRot": -0.0, "zRot": -0.02148}, "19": {"x": -0.258, "y": 2.459, "z": -0.224, "xRot": 0.01827, "yRot": -0.0, "zRot": -0.02148}, "20": {"x": -0.258, "y": 2.459, "z": -0.224, "xRot": 0.01827, "yRot": -0.0, "zRot": -0.02148}}}, {"name": "rightLeg", "keyframes": {"0": {"x": -0.411, "y": -2.892, "z": 0.114, "xRot": -0.02144, "yRot": -0.0, "zRot": -0.0343}, "1": {"x": -0.411, "y": -2.892, "z": 0.114, "xRot": -0.02144, "yRot": -0.0, "zRot": -0.0343}, "2": {"x": -0.411, "y": -2.892, "z": 0.114, "xRot": -0.02144, "yRot": -0.0, "zRot": -0.0343}, "3": {"x": -0.411, "y": -2.892, "z": 0.114, "xRot": -0.02144, "yRot": -0.0, "zRot": -0.0343}, "4": {"x": -0.411, "y": -2.892, "z": 0.114, "xRot": -0.02144, "yRot": -0.0, "zRot": -0.0343}, "5": {"x": -0.411, "y": -2.892, "z": 0.114, "xRot": -0.02144, "yRot": -0.0, "zRot": -0.0343}, "6": {"x": -0.411, "y": -2.892, "z": 0.114, "xRot": -0.02144, "yRot": -0.0, "zRot": -0.0343}, "7": {"x": -0.411, "y": -2.892, "z": 0.114, "xRot": -0.02144, "yRot": -0.0, "zRot": -0.0343}, "8": {"x": -0.411, "y": -2.892, "z": 0.114, "xRot": -0.02144, "yRot": -0.0, "zRot": -0.0343}, "9": {"x": -0.411, "y": -2.892, "z": 0.114, "xRot": -0.02144, "yRot": -0.0, "zRot": -0.0343}, "10": {"x": -0.411, "y": -2.892, "z": 0.114, "xRot": -0.02144, "yRot": -0.0, "zRot": -0.0343}, "11": {"x": -0.411, "y": -2.892, "z": 0.114, "xRot": -0.02144, "yRot": -0.0, "zRot": -0.0343}, "12": {"x": -0.411, "y": -2.892, "z": 0.114, "xRot": -0.02144, "yRot": -0.0, "zRot": -0.0343}, "13": {"x": -0.411, "y": -2.892, "z": 0.114, "xRot": -0.02144, "yRot": -0.0, "zRot": -0.0343}, "14": {"x": -0.411, "y": -2.892, "z": 0.114, "xRot": -0.02144, "yRot": -0.0, "zRot": -0.0343}, "15": {"x": -0.411, "y": -2.892, "z": 0.114, "xRot": -0.02144, "yRot": -0.0, "zRot": -0.0343}, "16": {"x": -0.411, "y": -2.892, "z": 0.114, "xRot": -0.02144, "yRot": -0.0, "zRot": -0.0343}, "17": {"x": -0.411, "y": -2.892, "z": 0.114, "xRot": -0.02144, "yRot": -0.0, "zRot": -0.0343}, "18": {"x": -0.411, "y": -2.892, "z": 0.114, "xRot": -0.02144, "yRot": -0.0, "zRot": -0.0343}, "19": {"x": -0.411, "y": -2.892, "z": 0.114, "xRot": -0.02144, "yRot": -0.0, "zRot": -0.0343}, "20": {"x": -0.411, "y": -2.892, "z": 0.114, "xRot": -0.02144, "yRot": -0.0, "zRot": -0.0343}}}, {"name": "body", "keyframes": {"0": {"x": -1.059, "y": 2.889, "z": 4.368, "xRot": -0.09708, "yRot": 0.05728, "zRot": -0.1344}, "1": {"x": -1.059, "y": 2.889, "z": 4.368, "xRot": -0.09708, "yRot": 0.05728, "zRot": -0.1344}, "2": {"x": -1.059, "y": 2.889, "z": 4.368, "xRot": -0.09708, "yRot": 0.05728, "zRot": -0.1344}, "3": {"x": -1.059, "y": 2.889, "z": 4.368, "xRot": -0.09708, "yRot": 0.05728, "zRot": -0.1344}, "4": {"x": -1.059, "y": 2.889, "z": 4.368, "xRot": -0.09708, "yRot": 0.05728, "zRot": -0.1344}, "5": {"x": -1.059, "y": 2.889, "z": 4.368, "xRot": -0.09708, "yRot": 0.05728, "zRot": -0.1344}, "6": {"x": -1.059, "y": 2.889, "z": 4.368, "xRot": -0.09708, "yRot": 0.05728, "zRot": -0.1344}, "7": {"x": -1.059, "y": 2.889, "z": 4.368, "xRot": -0.09708, "yRot": 0.05728, "zRot": -0.1344}, "8": {"x": -1.059, "y": 2.889, "z": 4.368, "xRot": -0.09708, "yRot": 0.05728, "zRot": -0.1344}, "9": {"x": -1.059, "y": 2.889, "z": 4.368, "xRot": -0.09708, "yRot": 0.05728, "zRot": -0.1344}, "10": {"x": -1.059, "y": 2.889, "z": 4.368, "xRot": -0.09708, "yRot": 0.05728, "zRot": -0.1344}, "11": {"x": -1.059, "y": 2.889, "z": 4.368, "xRot": -0.09708, "yRot": 0.05728, "zRot": -0.1344}, "12": {"x": -1.059, "y": 2.889, "z": 4.368, "xRot": -0.09708, "yRot": 0.05728, "zRot": -0.1344}, "13": {"x": -1.059, "y": 2.889, "z": 4.368, "xRot": -0.09708, "yRot": 0.05728, "zRot": -0.1344}, "14": {"x": -1.059, "y": 2.889, "z": 4.368, "xRot": -0.09708, "yRot": 0.05728, "zRot": -0.1344}, "15": {"x": -1.059, "y": 2.889, "z": 4.368, "xRot": -0.09708, "yRot": 0.05728, "zRot": -0.1344}, "16": {"x": -1.059, "y": 2.889, "z": 4.368, "xRot": -0.09708, "yRot": 0.05728, "zRot": -0.1344}, "17": {"x": -1.059, "y": 2.889, "z": 4.368, "xRot": -0.09708, "yRot": 0.05728, "zRot": -0.1344}, "18": {"x": -1.059, "y": 2.889, "z": 4.368, "xRot": -0.09708, "yRot": 0.05728, "zRot": -0.1344}, "19": {"x": -1.059, "y": 2.889, "z": 4.368, "xRot": -0.09708, "yRot": 0.05728, "zRot": -0.1344}, "20": {"x": -1.059, "y": 2.889, "z": 4.368, "xRot": -0.09708, "yRot": 0.05728, "zRot": -0.1344}}}, {"name": "cloak", "keyframes": {"0": {"x": -0.885, "y": 3.11, "z": 4.352, "xRot": 0.0, "yRot": -0.0, "zRot": -0.0}, "1": {"x": -0.885, "y": 3.11, "z": 4.352, "xRot": 0.0, "yRot": -0.0, "zRot": -0.0}, "2": {"x": -0.885, "y": 3.11, "z": 4.352, "xRot": 0.0, "yRot": -0.0, "zRot": -0.0}, "3": {"x": -0.885, "y": 3.11, "z": 4.352, "xRot": 0.0, "yRot": -0.0, "zRot": -0.0}, "4": {"x": -0.885, "y": 3.11, "z": 4.352, "xRot": 0.0, "yRot": -0.0, "zRot": -0.0}, "5": {"x": -0.885, "y": 3.11, "z": 4.352, "xRot": 0.0, "yRot": -0.0, "zRot": -0.0}, "6": {"x": -0.885, "y": 3.11, "z": 4.352, "xRot": 0.0, "yRot": -0.0, "zRot": -0.0}, "7": {"x": -0.885, "y": 3.11, "z": 4.352, "xRot": 0.0, "yRot": -0.0, "zRot": -0.0}, "8": {"x": -0.885, "y": 3.11, "z": 4.352, "xRot": 0.0, "yRot": -0.0, "zRot": -0.0}, "9": {"x": -0.885, "y": 3.11, "z": 4.352, "xRot": 0.0, "yRot": -0.0, "zRot": -0.0}, "10": {"x": -0.885, "y": 3.11, "z": 4.352, "xRot": 0.0, "yRot": -0.0, "zRot": -0.0}, "11": {"x": -0.885, "y": 3.11, "z": 4.352, "xRot": 0.0, "yRot": -0.0, "zRot": -0.0}, "12": {"x": -0.885, "y": 3.11, "z": 4.352, "xRot": 0.0, "yRot": -0.0, "zRot": -0.0}, "13": {"x": -0.885, "y": 3.11, "z": 4.352, "xRot": 0.0, "yRot": -0.0, "zRot": -0.0}, "14": {"x": -0.885, "y": 3.11, "z": 4.352, "xRot": 0.0, "yRot": -0.0, "zRot": -0.0}, "15": {"x": -0.885, "y": 3.11, "z": 4.352, "xRot": 0.0, "yRot": -0.0, "zRot": -0.0}, "16": {"x": -0.885, "y": 3.11, "z": 4.352, "xRot": 0.0, "yRot": -0.0, "zRot": -0.0}, "17": {"x": -0.885, "y": 3.11, "z": 4.352, "xRot": 0.0, "yRot": -0.0, "zRot": -0.0}, "18": {"x": -0.885, "y": 3.11, "z": 4.352, "xRot": 0.0, "yRot": -0.0, "zRot": -0.0}, "19": {"x": -0.885, "y": 3.11, "z": 4.352, "xRot": 0.0, "yRot": -0.0, "zRot": -0.0}, "20": {"x": -0.885, "y": 3.11, "z": 4.352, "xRot": 0.0, "yRot": -0.0, "zRot": -0.0}}}, {"name": "head", "keyframes": {"0": {"x": -1.059,