{"format_version": "0.2", "frame_length": 20, "parts": [{"name": "root", "keyframes": {"0": {"translate": [0.0, -0.0, -0.0], "rotate": [0.0, 0.0, -0.0]}, "1": {"translate": [0.0, 0.028, -0.119], "rotate": [0.01492, 0.0, -0.0]}, "2": {"translate": [0.0, 0.122, -0.449], "rotate": [0.05655, 0.0, -0.0]}, "3": {"translate": [0.0, 0.309, -0.953], "rotate": [0.12017, 0.0, -0.0]}, "4": {"translate": [0.0, 0.617, -1.588], "rotate": [0.20106, 0.0, -0.0]}, "5": {"translate": [0.0, 1.071, -2.309], "rotate": [0.29452, 0.0, -0.0]}, "6": {"translate": [0.0, 1.687, -3.067], "rotate": [0.39584, 0.0, -0.0]}, "7": {"translate": [0.0, 2.463, -3.816], "rotate": [0.5003, 0.0, -0.0]}, "8": {"translate": [0.0, 3.386, -4.514], "rotate": [0.60319, 0.0, -0.0]}, "9": {"translate": [0.0, 4.427, -5.126], "rotate": [0.69979, 0.0, -0.0]}, "10": {"translate": [0.0, 5.547, -5.63], "rotate": [0.7854, 0.0, -0.0]}, "11": {"translate": [0.0, 6.921, -6.093], "rotate": [0.87101, 0.0, -0.0]}, "12": {"translate": [0.0, 8.684, -6.564], "rotate": [0.96761, 0.0, -0.0]}, "13": {"translate": [0.0, 10.727, -6.998], "rotate": [1.0705, 0.0, -0.0]}, "14": {"translate": [0.0, 12.927, -7.364], "rotate": [1.17496, 0.0, -0.0]}, "15": {"translate": [0.0, 15.155, -7.642], "rotate": [1.27627, 0.0, -0.0]}, "16": {"translate": [0.0, 17.274, -7.829], "rotate": [1.36973, 0.0, -0.0]}, "17": {"translate": [0.0, 19.15, -7.936], "rotate": [1.45063, 0.0, -0.0]}, "18": {"translate": [0.0, 20.649, -7.984], "rotate": [1.51425, 0.0, -0.0]}, "19": {"translate": [0.0, 21.641, -7.998], "rotate": [1.55587, 0.0, -0.0]}, "20": {"translate": [0.0, 22.0, -8.0], "rotate": [1.5708, 0.0, -0.0]}}}, {"name": "leftLeg", "keyframes": {"0": {"translate": [0.0, -0.0, -0.0], "rotate": [0.0, 0.0, -0.0]}, "1": {"translate": [-0.009, 0.028, -0.303], "rotate": [0.00422, 0.0, -0.00072]}, "2": {"translate": [-0.026, 0.065, -1.1], "rotate": [0.01236, -0.0, -0.00221]}, "3": {"translate": [-0.036, 0.009, -2.242], "rotate": [0.01948, 0.0, -0.00302]}, "4": {"translate": [-0.026, -0.256, -3.532], "rotate": [0.01794, 0.0, -0.00218]}, "5": {"translate": [-0.014, -0.819, -4.685], "rotate": [-0.00507, 0.0, -0.00118]}, "6": {"translate": [-0.048, -1.703, -5.564], "rotate": [-0.04899, -0.0, -0.00399]}, "7": {"translate": [-0.11, -2.863, -6.191], "rotate": [-0.10007, -0.0, -0.00924]}, "8": {"translate": [-0.132, -4.181, -6.404], "rotate": [-0.16235, 0.0, -0.01118]}, "9": {"translate": [-0.068, -5.32, -5.805], "rotate": [-0.11324, 0.0, -0.00574]}, "10": {"translate": [0.06, -5.993, -5.135], "rotate": [0.0484, 0.0, 0.005]}, "11": {"translate": [0.22, -5.882, -5.023], "rotate": [0.25985, 0.0, 0.01899]}, "12": {"translate": [0.364, -5.405, -5.393], "rotate": [0.39906, -0.0, 0.0329]}, "13": {"translate": [0.419, -4.557, -5.534], "rotate": [0.41414, 0.0, 0.03818]}, "14": {"translate": [0.347, -3.125, -5.154], "rotate": [0.3806, 0.0, 0.03119]}, "15": {"translate": [0.272, -2.004, -4.673], "rotate": [0.33789, 0.0, 0.024]}, "16": {"translate": [0.267, -1.45, -3.858], "rotate": [0.27294, -0.0, 0.02306]}, "17": {"translate": [0.258, -0.971, -2.603], "rotate": [0.18034, 0.0, 0.02186]}, "18": {"translate": [0.181, -0.513, -1.338], "rotate": [0.0912, 0.0, 0.01517]}, "19": {"translate": [0.063, -0.148, -0.381], "rotate": [0.02569, 0.0, 0.00527]}, "20": {"translate": [0.0, -0.0, -0.0], "rotate": [0.0, 0.0, -0.0]}}}, {"name": "rightLeg", "keyframes": {"0": {"translate": [0.0, -0.0, -0.0], "rotate": [0.0, 0.0, -0.0]}, "1": {"translate": [-0.006, -0.355, -0.515], "rotate": [0.04934, -0.0, -0.00047]}, "2": {"translate": [0.013, -0.99, -1.895], "rotate": [0.17925, 0.0, 0.00106]}, "3": {"translate": [0.114, -1.251, -3.746], "rotate": [0.35396, 0.0, 0.01014]}, "4": {"translate": [0.291, -0.867, -5.308], "rotate": [0.50426, 0.0, 0.0277]}, "5": {"translate": [0.41, -0.1, -5.804], "rotate": [0.54967, 0.0, 0.04009]}, "6": {"translate": [0.418, 0.733, -5.55], "rotate": [0.50956, 0.0, 0.03991]}, "7": {"translate": [0.402, 1.441, -5.26], "rotate": [0.44269, 0.0, 0.0371]}, "8": {"translate": [0.393, 1.538, -5.148], "rotate": [0.35897, 0.0, 0.03502]}, "9": {"translate": [0.419, 0.425, -5.257], "rotate": [0.26952, -0.0, 0.03621]}, "10": {"translate": [0.434, -0.576, -5.058], "rotate": [0.18713, 0.0, 0.03679]}, "11": {"translate": [0.438, -1.479, -4.651], "rotate": [0.11119, -0.0, 0.03676]}, "12": {"translate": [0.439, -2.392, -4.121], "rotate": [0.04077, 0.0, 0.03666]}, "13": {"translate": [0.439, -3.292, -3.564], "rotate": [-0.01537, 0.0, 0.03662]}, "14": {"translate": [0.442, -4.16, -3.117], "rotate": [-0.04657, 0.0, 0.03689]}, "15": {"translate": [0.456, -4.977, -2.956], "rotate": [-0.04051, 0.0, 0.038]}, "16": {"translate": [0.42, -4.467, -2.883], "rotate": [0.01591, -0.0, 0.035]}, "17": {"translate": [0.343, -3.228, -2.103], "rotate": [0.02618, 0.0, 0.02856]}, "18": {"translate": [0.207, -1.755, -1.116], "rotate": [0.01652, 0.0, 0.01727]}, "19": {"translate": [0.066, -0.519, -0.321], "rotate": [0.00507, -0.0, 0.00546]}, "20": {"translate": [0.0, -0.0, -0.0], "rotate": [0.0, 0.0, -0.0]}}}, {"name": "rightHand", "keyframes": {"0": {"translate": [0.0, -0.0, -0.0], "rotate": [0.0, 0.0, -0.0]}, "1": {"translate": [0.0, 0.0, -0.0], "rotate": [-0.0, 0.0, 0.0]}, "2": {"translate": [0.0, -0.0, -0.0], "rotate": [-0.0, 0.0, -0.0]}, "3": {"translate": [0.0, 0.0, -0.0], "rotate": [0.0, -0.0, 0.0]}, "4": {"translate": [0.0, -0.0, -0.0], "rotate": [-0.0, 0.0, -0.0]}, "5": {"translate": [0.0, -0.0, -0.0], "rotate": [0.0, 0.0, 0.0]}, "6": {"translate": [-0.0, 0.0, -0.0], "rotate": [0.0, -0.0, 0.0]}, "7": {"translate": [0.0, 0.0, -0.0], "rotate": [0.0, -0.0, 0.0]}, "8": {"translate": [0.0, 0.0, 0.0], "rotate": [0.0, -0.0, -0.0]}, "9": {"translate": [-0.0, -0.0, -0.0], "rotate": [0.0, 0.0, -0.0]}, "10": {"translate": [0.0, 0.0, 0.0], "rotate": [0.0, 0.0, 0.0]}, "11": {"translate": [0.0, 0.0, -0.0], "rotate": [-0.0, 0.0, -0.0]}, "12": {"translate": [-0.0, -0.0, -0.0], "rotate": [0.0, 0.0, -0.0]}, "13": {"translate": [-0.0, 0.0, 0.0], "rotate": [-0.0, 0.0, -0.0]}, "14": {"translate": [-0.0, 0.0, 0.0], "rotate": [-0.0, 0.0, 0.0]}, "15": {"translate": [0.0, 0.0, -0.0], "rotate": [-0.0, 0.0, -0.0]}, "16": {"translate": [-0.0, -0.0, -0.0], "rotate": [-0.0, -0.0, 0.0]}, "17": {"translate": [0.0, -0.0, -0.0], "rotate": [0.0, 0.0, -0.0]}, "18": {"translate": [-0.0, -0.0, -0.0], "rotate": [-0.0, 0.0, -0.0]}, "19": {"translate": [0.0, -0.0, -0.0], "rotate": [0.0, 0.0, -0.0]}, "20": {"translate": [0.0, -0.0, -0.0], "rotate": [0.0, 0.0, -0.0]}}}, {"name": "rightArm", "keyframes": {"0": {"translate": [0.0, -0.0, -0.0], "rotate": [0.0, 0.0, -0.0]}, "1": {"translate": [-0.095, -0.02, -0.365], "rotate": [-0.02459, 0.01846, -0.00231]}, "2": {"translate": [-0.314, -0.033, -1.336], "rotate": [-0.08638, 0.05977, -0.00305]}, "3": {"translate": [-0.545, 0.04, -2.721], "rotate": [-0.16734, 0.102, 0.00612]}, "4": {"translate": [-0.686, 0.259, -4.29], "rotate": [-0.25003, 0.12358, 0.02403]}, "5": {"translate": [-0.676, 0.641, -5.775], "rotate": [-0.31763, 0.10653, 0.03698]}, "6": {"translate": [-0.531, 1.162, -7.026], "rotate": [-0.38769, 0.06878, 0.03774]}, "7": {"translate": [-0.348, 1.665, -7.866], "rotate": [-0.4922, 0.04473, 0.03058]}, "8": {"translate": [-0.2, 2.033, -8.239], "rotate": [-0.61365, 0.04247, 0.01777]}, "9": {"translate": [-0.122, 2.248, -8.233], "rotate": [-0.72779, 0.0587, 3e-05]}, "10": {"translate": [-0.13, 2.204, -7.787], "rotate": [-0.82979, 0.08594, -0.0275]}, "11": {"translate": [-0.194, 1.598, -6.403], "rotate": [-0.9269, 0.12193, -0.07847]}, "12": {"translate": [-0.182, 0.955, -4.607], "rotate": [-1.0267, 0.15486, -0.14634]}, "13": {"translate": [-0.063, 0.22, -2.506], "rotate": [-1.12134, 0.17655, -0.21476]}, "14": {"translate": [0.134, -0.621, -0.298], "rotate": [-1.20054, 0.18205, -0.26717]}, "15": {"translate": [0.196, -1.288, 1.61], "rotate": [-1.25263, 0.17303, -0.29647]}, "16": {"translate": [0.17, -1.113, 1.734], "rotate": [-1.13552, 0.14404, -0.26589]},