{"format_version": "0.2", "frame_length": 20, "parts": [{"name": "root", "keyframes": {"0": {"translate": [0.0, -0.0, -0.0], "rotate": [0.0, 0.0, -0.0]}, "1": {"translate": [0.0, -0.0, -0.0], "rotate": [0.0, 0.0, -0.0]}, "2": {"translate": [0.0, -0.0, -0.0], "rotate": [0.0, 0.0, -0.0]}, "3": {"translate": [0.0, -0.0, -0.0], "rotate": [0.0, 0.0, -0.0]}, "4": {"translate": [0.0, -0.0, -0.0], "rotate": [0.0, 0.0, -0.0]}, "5": {"translate": [0.0, -0.0, -0.0], "rotate": [0.0, 0.0, -0.0]}, "6": {"translate": [0.0, -0.0, -0.0], "rotate": [0.0, 0.0, -0.0]}, "7": {"translate": [0.0, -0.0, -0.0], "rotate": [0.0, 0.0, -0.0]}, "8": {"translate": [0.0, -0.0, -0.0], "rotate": [0.0, 0.0, -0.0]}, "9": {"translate": [0.0, -0.0, -0.0], "rotate": [0.0, 0.0, -0.0]}, "10": {"translate": [0.0, -0.0, -0.0], "rotate": [0.0, 0.0, -0.0]}, "11": {"translate": [0.0, -0.0, -0.0], "rotate": [0.0, 0.0, -0.0]}, "12": {"translate": [0.0, -0.0, -0.0], "rotate": [0.0, 0.0, -0.0]}, "13": {"translate": [0.0, -0.0, -0.0], "rotate": [0.0, 0.0, -0.0]}, "14": {"translate": [0.0, -0.0, -0.0], "rotate": [0.0, 0.0, -0.0]}, "15": {"translate": [0.0, -0.0, -0.0], "rotate": [0.0, 0.0, -0.0]}, "16": {"translate": [0.0, -0.0, -0.0], "rotate": [0.0, 0.0, -0.0]}, "17": {"translate": [0.0, -0.0, -0.0], "rotate": [0.0, 0.0, -0.0]}, "18": {"translate": [0.0, -0.0, -0.0], "rotate": [0.0, 0.0, -0.0]}, "19": {"translate": [0.0, -0.0, -0.0], "rotate": [0.0, 0.0, -0.0]}, "20": {"translate": [0.0, -0.0, -0.0], "rotate": [0.0, 0.0, -0.0]}}}, {"name": "leftLeg", "keyframes": {"0": {"translate": [0.0, -0.0, -0.0], "rotate": [0.0, 0.0, -0.0]}, "1": {"translate": [0.001, 0.064, -1.24], "rotate": [0.10351, -0.0, 8e-05]}, "2": {"translate": [0.01, 0.704, -4.05], "rotate": [0.34426, 0.0, 0.00084]}, "3": {"translate": [0.019, 1.551, -5.901], "rotate": [0.51406, 0.0, 0.00178]}, "4": {"translate": [0.017, 1.534, -5.87], "rotate": [0.51114, 0.0, 0.00166]}, "5": {"translate": [0.015, 1.244, -5.321], "rotate": [0.45944, 0.0, 0.00135]}, "6": {"translate": [0.01, 0.703, -4.046], "rotate": [0.34394, 0.0, 0.00089]}, "7": {"translate": [0.005, 0.267, -2.516], "rotate": [0.21125, 0.0, 0.00047]}, "8": {"translate": [0.002, 0.09, -1.466], "rotate": [0.12249, 0.0, 0.00019]}, "9": {"translate": [0.0, 0.032, -0.877], "rotate": [0.07318, 0.0, 1e-05]}, "10": {"translate": [-0.001, 0.008, -0.447], "rotate": [0.03729, 0.0, -6e-05]}, "11": {"translate": [-0.0, 0.001, -0.137], "rotate": [0.01142, 0.0, -3e-05]}, "12": {"translate": [0.0, 0.0, -0.045], "rotate": [0.00372, 0.0, -0.0]}, "13": {"translate": [0.0, 0.0, -0.06], "rotate": [0.00501, 0.0, -0.0]}, "14": {"translate": [0.0, 0.0, -0.05], "rotate": [0.00419, 0.0, -0.0]}, "15": {"translate": [0.0, 0.0, -0.028], "rotate": [0.00231, 0.0, -0.0]}, "16": {"translate": [0.0, 0.0, -0.008], "rotate": [0.00069, 0.0, -0.0]}, "17": {"translate": [0.0, -0.0, -0.0], "rotate": [0.0, 0.0, -0.0]}, "18": {"translate": [0.0, -0.0, -0.0], "rotate": [0.0, 0.0, -0.0]}, "19": {"translate": [0.0, -0.0, -0.0], "rotate": [0.0, 0.0, -0.0]}, "20": {"translate": [0.0, -0.0, -0.0], "rotate": [0.0, 0.0, -0.0]}}}, {"name": "rightLeg", "keyframes": {"0": {"translate": [0.0, -0.0, -0.0], "rotate": [0.0, 0.0, -0.0]}, "1": {"translate": [0.001, 0.23, -1.021], "rotate": [-0.1961, 0.0, 7e-05]}, "2": {"translate": [0.008, 0.57, -3.064], "rotate": [-0.30947, 0.0, 0.00069]}, "3": {"translate": [0.017, 0.213, -4.469], "rotate": [-0.18857, 0.0, 0.00146]}, "4": {"translate": [0.016, 0.221, -4.426], "rotate": [-0.19224, 0.0, 0.00135]}, "5": {"translate": [0.013, 0.297, -4.065], "rotate": [-0.22296, 0.0, 0.00108]}, "6": {"translate": [0.008, -0.344, -3.442], "rotate": [-0.20865, 0.0, 0.00072]}, "7": {"translate": [0.004, -1.591, -2.45], "rotate": [-0.15023, 0.0, 0.00038]}, "8": {"translate": [0.001, -2.265, -1.456], "rotate": [-0.10459, -0.0, 0.00011]}, "9": {"translate": [-0.001, -1.987, -0.801], "rotate": [-0.05903, 0.0, -5e-05]}, "10": {"translate": [-0.001, -1.168, -0.395], "rotate": [-0.00487, 0.0, -9e-05]}, "11": {"translate": [-0.0, 0.001, -0.119], "rotate": [0.00992, 0.0, -3e-05]}, "12": {"translate": [0.0, 0.0, -0.045], "rotate": [0.00372, 0.0, -0.0]}, "13": {"translate": [0.0, 0.0, -0.06], "rotate": [0.00501, 0.0, -0.0]}, "14": {"translate": [0.0, 0.0, -0.05], "rotate": [0.00419, 0.0, -0.0]}, "15": {"translate": [0.0, 0.0, -0.028], "rotate": [0.00231, 0.0, -0.0]}, "16": {"translate": [0.0, 0.0, -0.008], "rotate": [0.00069, 0.0, -0.0]}, "17": {"translate": [0.0, -0.0, -0.0], "rotate": [0.0, 0.0, -0.0]}, "18": {"translate": [0.0, -0.0, -0.0], "rotate": [0.0, 0.0, -0.0]}, "19": {"translate": [0.0, -0.0, -0.0], "rotate": [0.0, 0.0, -0.0]}, "20": {"translate": [0.0, -0.0, -0.0], "rotate": [0.0, 0.0, -0.0]}}}, {"name": "rightHand", "keyframes": {"0": {"translate": [0.0, -0.0, -0.0], "rotate": [0.0, 0.0, -0.0]}, "1": {"translate": [0.0, 0.0, -0.0], "rotate": [0.0, -0.0, 0.0]}, "2": {"translate": [-0.0, 0.0, -0.0], "rotate": [-0.0, 0.0, -0.0]}, "3": {"translate": [0.0, 0.0, -0.0], "rotate": [-0.0, 0.0, -0.0]}, "4": {"translate": [0.0, 0.0, -0.0], "rotate": [-0.0, 0.0, -0.0]}, "5": {"translate": [0.0, 0.0, 0.0], "rotate": [0.0, -0.0, 0.0]}, "6": {"translate": [0.0, -0.0, -0.0], "rotate": [0.0, -0.0, 0.0]}, "7": {"translate": [0.0, 0.0, -0.0], "rotate": [-0.0, 0.0, -0.0]}, "8": {"translate": [0.0, -0.0, -0.0], "rotate": [0.0, 0.0, -0.0]}, "9": {"translate": [0.0, -0.0, -0.0], "rotate": [0.0, -0.0, -0.0]}, "10": {"translate": [0.0, 0.0, -0.0], "rotate": [-0.0, -0.0, -0.0]}, "11": {"translate": [-0.0, -0.0, -0.0], "rotate": [-0.0, -0.0, -0.0]}, "12": {"translate": [0.0, 0.0, 0.0], "rotate": [0.0, -0.0, 0.0]}, "13": {"translate": [-0.0, 0.0, 0.0], "rotate": [0.0, -0.0, 0.0]}, "14": {"translate": [0.0, -0.0, -0.0], "rotate": [0.0, 0.0, -0.0]}, "15": {"translate": [0.0, -0.0, -0.0], "rotate": [0.0, 0.0, -0.0]}, "16": {"translate": [0.0, -0.0, 0.0], "rotate": [0.0, 0.0, -0.0]}, "17": {"translate": [0.0, -0.0, -0.0], "rotate": [0.0, 0.0, -0.0]}, "18": {"translate": [0.0, -0.0, -0.0], "rotate": [0.0, 0.0, -0.0]}, "19": {"translate": [0.0, -0.0, -0.0], "rotate": [0.0, 0.0, -0.0]}, "20": {"translate": [0.0, -0.0, -0.0], "rotate": [0.0, 0.0, -0.0]}}}, {"name": "rightArm", "keyframes": {"0": {"translate": [0.0, -0.0, -0.0], "rotate": [0.0, 0.0, -0.0]}, "1": {"translate": [0.001, 1.381, -0.886], "rotate": [-0.00522, 0.03059, 0.0402]}, "2": {"translate": [0.005, 4.024, -2.663], "rotate": [-0.02167, 0.0874, 0.11485]}, "3": {"translate": [0.009, 5.56, -4.01], "rotate": [-0.05054, 0.11799, 0.15505]}, "4": {"translate": [0.011, 5.429, -4.501], "rotate": [-0.13367, 0.11187, 0.14526]}, "5": {"translate": [0.012, 4.807, -4.7], "rotate": [-0.28107, 0.09621, 0.12051]}, "6": {"translate": [0.012, 3.133, -4.547], "rotate": [-0.44622, 0.075, 0.08775]}, "7": {"translate": [0.013, 0.908, -4.083], "rotate": [-0.5826, 0.05225, 0.05391]}, "8": {"translate": [0.011, -0.291, -3.436], "rotate": [-0.64367, 0.03196, 0.02593]}, "9": {"translate": [0.008, -0.231, -2.696], "rotate": [-0.58292, 0.01814, 0.01076]}, "10": {"translate": [0.003, 0.146, -2.042], "rotate": [-0.43438, 0.01033, 0.00551]}, "11": {"translate": [0.001, 0.578, -1.554], "rotate": [-0.2786, 0.00509, 0.00232]}, "12": {"translate": [0.0, 0.763, -1.118], "rotate": [-0.1388, 0.00194, 0.00069]}, "13": {"translate": [0.0, 0.666, -0.733], "rotate": [-0.03819, 0.00041, 9e-05]}, "14": {"translate": [0.0, 0.476, -0.424], "rotate": [0.0, 0.0, -0.0]}, "15": {"translate": [0.0, 0.257, -0.196], "rotate": [0.0, 0.0, -0.0]}, "16": {"translate": [0.0, 0.076, -0.051], "rotate": [0.0, 0.0, -0.0]}, "17": {"translate": [0.0, -0.0, -0.0], "rotate": [0.0, 0.0, -0.0]}, "18": {"translate": [0.0, -0.0, -0.0], "rotate": [0.0, 0.0, -0.0]}, "19": {"translate": [0.0, -0.0, -0.0], "rotate": [0.0, 0.0, -0.0]}, "20": {"translate": [0.0, -0.0, -0.0], "rotate": [0.0, 0.0, -0.0]}}}, {"name": "leftHand", "keyframes": {"0": {"translate": [0.0, -0.0, -0.0], "rotate": [0.0, 0.0, -0.0]}, "1": {"translate": [-0.0, -0.0, -0.0],