{"format_version": "0.2", "frame_length": 20, "parts": [{"name": "root", "keyframes": {"0": {"translate": [0.0, -0.0, -0.0], "rotate": [0.0, 0.0, -0.0]}, "1": {"translate": [0.0, -0.0, -0.0], "rotate": [0.0, 0.0, -0.0]}, "2": {"translate": [0.0, -0.0, -0.0], "rotate": [0.0, 0.0, -0.0]}, "3": {"translate": [0.0, -0.0, -0.0], "rotate": [0.0, 0.0, -0.0]}, "4": {"translate": [0.0, -0.0, -0.0], "rotate": [0.0, 0.0, -0.0]}, "5": {"translate": [0.0, -0.0, -0.0], "rotate": [0.0, 0.0, -0.0]}, "6": {"translate": [0.0, -0.0, -0.0], "rotate": [0.0, 0.0, -0.0]}, "7": {"translate": [0.0, -0.0, -0.0], "rotate": [0.0, 0.0, -0.0]}, "8": {"translate": [0.0, -0.0, -0.0], "rotate": [0.0, 0.0, -0.0]}, "9": {"translate": [0.0, -0.0, -0.0], "rotate": [0.0, 0.0, -0.0]}, "10": {"translate": [0.0, -0.0, -0.0], "rotate": [0.0, 0.0, -0.0]}, "11": {"translate": [0.0, -0.0, -0.0], "rotate": [0.0, 0.0, -0.0]}, "12": {"translate": [0.0, -0.0, -0.0], "rotate": [0.0, 0.0, -0.0]}, "13": {"translate": [0.0, -0.0, -0.0], "rotate": [0.0, 0.0, -0.0]}, "14": {"translate": [0.0, -0.0, -0.0], "rotate": [0.0, 0.0, -0.0]}, "15": {"translate": [0.0, -0.0, -0.0], "rotate": [0.0, 0.0, -0.0]}, "16": {"translate": [0.0, -0.0, -0.0], "rotate": [0.0, 0.0, -0.0]}, "17": {"translate": [0.0, -0.0, -0.0], "rotate": [0.0, 0.0, -0.0]}, "18": {"translate": [0.0, -0.0, -0.0], "rotate": [0.0, 0.0, -0.0]}, "19": {"translate": [0.0, -0.0, -0.0], "rotate": [0.0, 0.0, -0.0]}, "20": {"translate": [0.0, -0.0, -0.0], "rotate": [0.0, 0.0, -0.0]}}}, {"name": "leftLeg", "keyframes": {"0": {"translate": [-0.496, 0.674, 0.185], "rotate": [0.48741, -0.02007, 0.01602]}, "1": {"translate": [-0.471, 0.619, -0.236], "rotate": [0.64149, 0.10597, -0.00467]}, "2": {"translate": [-0.459, 0.492, -0.805], "rotate": [0.74168, 0.19107, -0.03184]}, "3": {"translate": [-0.443, 0.302, -1.437], "rotate": [0.77175, 0.24227, -0.06377]}, "4": {"translate": [-0.398, 0.05, -2.056], "rotate": [0.72104, 0.26668, -0.09969]}, "5": {"translate": [-0.331, -0.241, -2.591], "rotate": [0.60259, 0.27169, -0.13495]}, "6": {"translate": [-0.223, -0.525, -2.965], "rotate": [0.43619, 0.25247, -0.16387]}, "7": {"translate": [-0.039, -0.77, -3.172], "rotate": [0.2389, 0.20401, -0.18412]}, "8": {"translate": [0.214, -0.947, -3.234], "rotate": [0.02549, 0.13343, -0.19384]}, "9": {"translate": [0.509, -1.027, -3.165], "rotate": [-0.18882, 0.04803, -0.19086]}, "10": {"translate": [0.798, -0.999, -2.984], "rotate": [-0.3882, -0.04476, -0.17462]}, "11": {"translate": [1.015, -0.872, -2.693], "rotate": [-0.55562, -0.13735, -0.14853]}, "12": {"translate": [1.104, -0.669, -2.301], "rotate": [-0.67136, -0.22192, -0.11628]}, "13": {"translate": [1.035, -0.426, -1.855], "rotate": [-0.71491, -0.2907, -0.08165]}, "14": {"translate": [0.811, -0.174, -1.394], "rotate": [-0.67188, -0.33609, -0.04822]}, "15": {"translate": [0.478, 0.071, -0.944], "rotate": [-0.55333, -0.35095, -0.01827]}, "16": {"translate": [0.112, 0.286, -0.506], "rotate": [-0.37723, -0.33607, 0.0062]}, "17": {"translate": [-0.207, 0.459, -0.107], "rotate": [-0.16382, -0.29635, 0.02347]}, "18": {"translate": [-0.417, 0.584, 0.19], "rotate": [0.06554, -0.23092, 0.03179]}, "19": {"translate": [-0.501, 0.658, 0.315], "rotate": [0.2896, -0.13905, 0.02898]}, "20": {"translate": [-0.496, 0.674, 0.185], "rotate": [0.48741, -0.02007, 0.01602]}}}, {"name": "rightLeg", "keyframes": {"0": {"translate": [-0.934, -0.845, -2.844], "rotate": [-0.3523, 0.23468, 0.15743]}, "1": {"translate": [-1.245, -0.844, -2.479], "rotate": [-0.49445, 0.37542, 0.14559]}, "2": {"translate": [-1.335, -0.756, -2.114], "rotate": [-0.59425, 0.47114, 0.12499]}, "3": {"translate": [-1.228, -0.598, -1.746], "rotate": [-0.63463, 0.52706, 0.09552]}, "4": {"translate": [-0.963, -0.407, -1.352], "rotate": [-0.60346, 0.54896, 0.05733]}, "5": {"translate": [-0.608, -0.227, -0.892], "rotate": [-0.50888, 0.54498, 0.01621]}, "6": {"translate": [-0.234, -0.075, -0.372], "rotate": [-0.36508, 0.51164, -0.02116]}, "7": {"translate": [0.086, 0.048, 0.136], "rotate": [-0.18875, 0.44571, -0.05187]}, "8": {"translate": [0.289, 0.157, 0.557], "rotate": [0.00311, 0.35622, -0.07282]}, "9": {"translate": [0.354, 0.258, 0.804], "rotate": [0.19369, 0.25221, -0.08072]}, "10": {"translate": [0.301, 0.331, 0.781], "rotate": [0.36628, 0.14273, -0.0742]}, "11": {"translate": [0.191, 0.35, 0.454], "rotate": [0.50487, 0.03679, -0.05592]}, "12": {"translate": [0.091, 0.301, -0.082], "rotate": [0.59563, -0.05659, -0.02871]}, "13": {"translate": [0.036, 0.18, -0.728], "rotate": [0.62514, -0.12841, 0.00445]}, "14": {"translate": [0.017, 0.008, -1.389], "rotate": [0.58503, -0.17027, 0.04041]}, "15": {"translate": [0.0, -0.182, -1.981], "rotate": [0.48713, -0.17609, 0.07613]}, "16": {"translate": [-0.049, -0.367, -2.455], "rotate": [0.34758, -0.14819, 0.10877]}, "17": {"translate": [-0.15, -0.534, -2.803], "rotate": [0.18029, -0.09279, 0.13566]}, "18": {"translate": [-0.32, -0.675, -3.007], "rotate": [-0.00121, -0.01027, 0.15404]}, "19": {"translate": [-0.583, -0.782, -3.035], "rotate": [-0.1833, 0.09901, 0.16105]}, "20": {"translate": [-0.934, -0.845, -2.844], "rotate": [-0.3523, 0.23468, 0.15743]}}}, {"name": "rightHand", "keyframes": {"0": {"translate": [0.0, 0.0, 0.0], "rotate": [0.0, -0.0, -0.0]}, "1": {"translate": [-0.0, 0.0, -0.0], "rotate": [-0.0, 0.0, -0.0]}, "2": {"translate": [-0.0, 0.0, -0.0], "rotate": [0.0, -0.0, -0.0]}, "3": {"translate": [-0.0, -0.0, -0.0], "rotate": [0.0, 0.0, -0.0]}, "4": {"translate": [0.0, 0.0, 0.0], "rotate": [0.0, -0.0, 0.0]}, "5": {"translate": [-0.0, 0.0, 0.0], "rotate": [0.0, 0.0, 0.0]}, "6": {"translate": [0.0, -0.0, 0.0], "rotate": [0.0, 0.0, 0.0]}, "7": {"translate": [0.0, -0.0, 0.0], "rotate": [0.0, 0.0, 0.0]}, "8": {"translate": [0.0, 0.0, -0.0], "rotate": [-0.0, 0.0, 0.0]}, "9": {"translate": [0.0, 0.0, 0.0], "rotate": [-0.0, 0.0, -0.0]}, "10": {"translate": [0.0, 0.0, 0.0], "rotate": [0.0, 0.0, 0.0]}, "11": {"translate": [-0.0, 0.0, -0.0], "rotate": [-0.0, -0.0, -0.0]}, "12": {"translate": [0.0, -0.0, -0.0], "rotate": [-0.0, 0.0, -0.0]}, "13": {"translate": [0.0, 0.0, 0.0], "rotate": [-0.0, 0.0, -0.0]}, "14": {"translate": [0.0, -0.0, -0.0], "rotate": [0.0, 0.0, -0.0]}, "15": {"translate": [0.0, -0.0, -0.0], "rotate": [0.0, 0.0, 0.0]}, "16": {"translate": [0.0, 0.0, 0.0], "rotate": [-0.0, 0.0, -0.0]}, "17": {"translate": [0.0, 0.0, 0.0], "rotate": [0.0, -0.0, 0.0]}, "18": {"translate": [0.0, 0.0, -0.0], "rotate": [-0.0, 0.0, -0.0]}, "19": {"translate": [0.0, 0.0, -0.0], "rotate": [0.0, -0.0, -0.0]}, "20": {"translate": [0.0, 0.0, 0.0], "rotate": [0.0, -0.0, -0.0]}}}, {"name": "rightArm", "keyframes": {"0": {"translate": [1.116, -0.038, 2.507], "rotate": [-0.70026, 0.48586, 0.84616]}, "1": {"translate": [1.354, 0.048, 3.027], "rotate": [-0.79183, 0.47436, 0.92242]}, "2": {"translate": [1.481, 0.146, 3.281], "rotate": [-0.82556, 0.4913, 1.01503]}, "3": {"translate": [1.488, 0.25, 3.363], "rotate": [-0.79183, 0.5367, 1.1158]}, "4": {"translate": [1.379, 0.351, 3.359], "rotate": [-0.70026, 0.60243, 1.21658]}, "5": {"translate": [1.192, 0.434, 3.342], "rotate": [-0.56532, 0.68036, 1.30918]}, "6": {"translate": [0.938, 0.504, 3.322], "rotate": [-0.40146, 0.76235, 1.38544]}, "7": {"translate": [0.617, 0.575, 3.246], "rotate": [-0.22314, 0.84028, 1.43719]}, "8": {"translate": [0.288, 0.655, 3.091], "rotate": [-0.04483, 0.90601, 1.45626]}, "9": {"translate": [0.015, 0.73, 2.834], "rotate": [0.11903, 0.95141, 1.43719]}, "10": {"translate": [-0.158, 0.77, 2.465], "rotate": [0.25398, 0.96835, 1.38544]}, "11": {"translate": [-0.228, 0.764, 2.017], "rotate": [0.34554, 0.95685, 1.30918]}, "12": {"translate": [-0.209, 0.705, 1.566], "rotate": [0.37928, 0.9253, 1.21658]}, "13": {"translate": [-0.12, 0.592, 1.172], "rotate": [0.34554, 0.87816, 1.1158]}, "14": {"translate": [0.013, 0.441, 0.893], "rotate": [0.25398, 0.81989, 1.01503]}, "15": {"translate": [0.175, 0.282, 0.787], "rotate": [0.11903, 0.75494, 0.92242]},