{"format_version": "0.2", "frame_length": 10, "parts": [{"name": "rightHand", "keyframes": {"0": {"translate": [-0.0, -0.0, 0.0], "rotate": [0.0, -0.0, -0.0]}, "1": {"translate": [0.0, -0.0, 0.0], "rotate": [0.0, -0.0, -0.0]}, "2": {"translate": [0.0, 0.0, -0.0], "rotate": [0.0, -0.0, -0.0]}, "3": {"translate": [0.0, -0.0, -0.0], "rotate": [0.0, -0.0, -0.0]}, "4": {"translate": [0.0, -0.0, -0.0], "rotate": [0.0, -0.0, -0.0]}, "5": {"translate": [0.0, -0.0, -0.0], "rotate": [0.0, -0.0, -0.0]}, "6": {"translate": [0.0, -0.0, 0.0], "rotate": [0.0, -0.0, -0.0]}, "7": {"translate": [0.0, -0.0, -0.0], "rotate": [0.0, -0.0, -0.0]}, "8": {"translate": [0.0, -0.0, -0.0], "rotate": [0.0, -0.0, -0.0]}, "9": {"translate": [0.0, -0.0, -0.0], "rotate": [0.0, -0.0, -0.0]}, "10": {"translate": [0.0, -0.0, -0.0], "rotate": [0.0, -0.0, -0.0]}}}, {"name": "rightArm", "keyframes": {"0": {"translate": [-13.849, 44.977, -11.439], "rotate": [-2.09698, -0.17199, 0.91757]}, "1": {"translate": [-13.601, 37.138, -11.203], "rotate": [-2.10756, -0.11045, 0.91595]}, "2": {"translate": [-13.276, 26.585, -10.902], "rotate": [-2.12099, 0.01065, 0.91144]}, "3": {"translate": [-13.134, 21.335, -10.786], "rotate": [-2.12956, 0.1602, 0.90255]}, "4": {"translate": [-13.023, 16.832, -10.704], "rotate": [-2.13399, 0.33541, 0.88667]}, "5": {"translate": [-12.949, 13.661, -10.656], "rotate": [-2.12832, 0.48179, 0.87094]}, "6": {"translate": [-12.921, 12.406, -10.646], "rotate": [-2.11013, 0.5448, 0.86773]}, "7": {"translate": [-12.917, 12.327, -10.652], "rotate": [-2.07837, 0.53848, 0.87862]}, "8": {"translate": [-12.916, 12.286, -10.655], "rotate": [-2.04135, 0.52034, 0.89263]}, "9": {"translate": [-12.915, 12.271, -10.656], "rotate": [-2.01092, 0.50134, 0.90451]}, "10": {"translate": [-12.915, 12.269, -10.657], "rotate": [-1.99832, 0.49254, 0.9095]}}}, {"name": "leftHand", "keyframes": {"0": {"translate": [-0.0, -0.0, 0.0], "rotate": [-0.0, -0.0, -0.0]}, "1": {"translate": [-0.0, -0.0, 0.0], "rotate": [-0.0, -0.0, -0.0]}, "2": {"translate": [-0.0, -0.0, 0.0], "rotate": [-0.0, -0.0, -0.0]}, "3": {"translate": [-0.0, -0.0, 0.0], "rotate": [-0.0, -0.0, -0.0]}, "4": {"translate": [-0.0, -0.0, 0.0], "rotate": [-0.0, -0.0, -0.0]}, "5": {"translate": [-0.0, -0.0, 0.0], "rotate": [-0.0, -0.0, -0.0]}, "6": {"translate": [-0.0, -0.0, 0.0], "rotate": [-0.0, -0.0, -0.0]}, "7": {"translate": [-0.0, -0.0, 0.0], "rotate": [-0.0, -0.0, -0.0]}, "8": {"translate": [-0.0, -0.0, 0.0], "rotate": [-0.0, -0.0, -0.0]}, "9": {"translate": [-0.0, -0.0, 0.0], "rotate": [-0.0, -0.0, -0.0]}, "10": {"translate": [-0.0, -0.0, 0.0], "rotate": [-0.0, -0.0, -0.0]}}}, {"name": "leftArm", "keyframes": {"0": {"translate": [12.418, 12.269, -10.657], "rotate": [-2.01765, -0.50159, -0.90757]}, "1": {"translate": [12.418, 12.269, -10.657], "rotate": [-2.01765, -0.50159, -0.90757]}, "2": {"translate": [12.418, 12.269, -10.657], "rotate": [-2.01765, -0.50159, -0.90757]}, "3": {"translate": [12.418, 12.269, -10.657], "rotate": [-2.01765, -0.50159, -0.90757]}, "4": {"translate": [12.418, 12.269, -10.657], "rotate": [-2.01765, -0.50159, -0.90757]}, "5": {"translate": [12.418, 12.269, -10.657], "rotate": [-2.01765, -0.50159, -0.90757]}, "6": {"translate": [12.418, 12.269, -10.657], "rotate": [-2.01765, -0.50159, -0.90757]}, "7": {"translate": [12.418, 12.269, -10.657], "rotate": [-2.01765, -0.50159, -0.90757]}, "8": {"translate": [12.418, 12.269, -10.657], "rotate": [-2.01765, -0.50159, -0.90757]}, "9": {"translate": [12.418, 12.269, -10.657], "rotate": [-2.01765, -0.50159, -0.90757]}, "10": {"translate": [12.418, 12.269, -10.657], "rotate": [-2.01765, -0.50159, -0.90757]}}}, {"name": "camera", "keyframes": {"0": {"translate": [0.0, 0.0, -0.0], "rotate": [0.0, -0.0, -0.0]}, "1": {"translate": [0.0, 0.0, -0.0], "rotate": [0.0, -0.0, -0.0]}, "2": {"translate": [0.0, 0.0, -0.0], "rotate": [0.0, -0.0, -0.0]}, "3": {"translate": [0.0, 0.0, -0.0], "rotate": [0.0, -0.0, -0.0]}, "4": {"translate": [0.0, 0.0, -0.0], "rotate": [0.0, -0.0, -0.0]}, "5": {"translate": [0.0, 0.0, -0.0], "rotate": [0.0, -0.0, -0.0]}, "6": {"translate": [0.0, 0.0, -0.0], "rotate": [0.0, -0.0, -0.0]}, "7": {"translate": [0.0, 0.0, -0.0], "rotate": [0.0, -0.0, -0.0]}, "8": {"translate": [0.0, 0.0, -0.0], "rotate": [0.0, -0.0, -0.0]}, "9": {"translate": [0.0, 0.0, -0.0], "rotate": [0.0, -0.0, -0.0]}, "10": {"translate": [0.0, 0.0, -0.0], "rotate": [0.0, -0.0, -0.0]}}}, {"name": "root", "keyframes": {"0": {"translate": [0.0, -0.0, -0.0], "rotate": [0.0, -0.0, -0.0]}, "1": {"translate": [0.0, -0.0, -0.0], "rotate": [0.0, -0.0, -0.0]}, "2": {"translate": [0.0, -0.0, -0.0], "rotate": [0.0, -0.0, -0.0]}, "3": {"translate": [0.0, -0.0, -0.0], "rotate": [0.0, -0.0, -0.0]}, "4": {"translate": [0.0, -0.0, -0.0], "rotate": [0.0, -0.0, -0.0]}, "5": {"translate": [0.0, -0.0, -0.0], "rotate": [0.0, -0.0, -0.0]}, "6": {"translate": [0.0, -0.0, -0.0], "rotate": [0.0, -0.0, -0.0]}, "7": {"translate": [0.0, -0.0, -0.0], "rotate": [0.0, -0.0, -0.0]}, "8": {"translate": [0.0, -0.0, -0.0], "rotate": [0.0, -0.0, -0.0]}, "9": {"translate": [0.0, -0.0, -0.0], "rotate": [0.0, -0.0, -0.0]}, "10": {"translate": [0.0, -0.0, -0.0], "rotate": [0.0, -0.0, -0.0]}}}]}