{"format_version": "0.2", "frame_length": 10, "parts": [{"name": "root", "keyframes": {"0": {"translate": [0.0, -0.0, -0.0], "rotate": [0.0, 0.0, -0.0]}, "1": {"translate": [0.0, -0.0, -0.0], "rotate": [0.0, 0.0, -0.0]}, "2": {"translate": [0.0, -0.0, -0.0], "rotate": [0.0, 0.0, -0.0]}, "3": {"translate": [0.0, -0.0, -0.0], "rotate": [0.0, 0.0, -0.0]}, "4": {"translate": [0.0, -0.0, -0.0], "rotate": [0.0, 0.0, -0.0]}, "5": {"translate": [0.0, -0.0, -0.0], "rotate": [0.0, 0.0, -0.0]}, "6": {"translate": [0.0, -0.0, -0.0], "rotate": [0.0, 0.0, -0.0]}, "7": {"translate": [0.0, -0.0, -0.0], "rotate": [0.0, 0.0, -0.0]}, "8": {"translate": [0.0, -0.0, -0.0], "rotate": [0.0, 0.0, -0.0]}, "9": {"translate": [0.0, -0.0, -0.0], "rotate": [0.0, 0.0, -0.0]}, "10": {"translate": [0.0, -0.0, -0.0], "rotate": [0.0, 0.0, -0.0]}}}, {"name": "leftLeg", "keyframes": {"0": {"translate": [0.0, -0.0, -0.0], "rotate": [0.0, 0.0, -0.0]}, "1": {"translate": [-0.0, 0.0, -0.014], "rotate": [0.00117, 0.0, -0.0]}, "2": {"translate": [-0.0, 0.0, -0.028], "rotate": [0.00234, -0.0, -2e-05]}, "3": {"translate": [0.0, 0.0, -0.014], "rotate": [0.00117, 0.0, 1e-05]}, "4": {"translate": [0.0, 0.0, 0.021], "rotate": [-0.00176, 0.0, 3e-05]}, "5": {"translate": [-0.001, 0.0, 0.067], "rotate": [-0.00556, 0.0, -7e-05]}, "6": {"translate": [-0.004, 0.001, 0.112], "rotate": [-0.00936, 0.0, -0.00031]}, "7": {"translate": [-0.007, 0.001, 0.147], "rotate": [-0.01227, 0.0, -0.00058]}, "8": {"translate": [-0.009, 0.001, 0.161], "rotate": [-0.01344, 0.0, -0.00072]}, "9": {"translate": [-0.009, 0.001, 0.161], "rotate": [-0.01344, 0.0, -0.00072]}, "10": {"translate": [-0.009, 0.001, 0.161], "rotate": [-0.01344, 0.0, -0.00072]}}}, {"name": "rightLeg", "keyframes": {"0": {"translate": [0.0, -0.0, -0.0], "rotate": [0.0, 0.0, -0.0]}, "1": {"translate": [0.0, 0.0, 0.014], "rotate": [-0.00117, 0.0, 0.0]}, "2": {"translate": [0.0, 0.0, 0.028], "rotate": [-0.00234, -0.0, 2e-05]}, "3": {"translate": [0.0, 0.0, 0.007], "rotate": [-0.00054, -0.0, 2e-05]}, "4": {"translate": [0.001, 0.0, -0.047], "rotate": [0.00394, 0.0, 8e-05]}, "5": {"translate": [0.003, 0.001, -0.117], "rotate": [0.00976, 0.0, 0.00028]}, "6": {"translate": [0.008, 0.001, -0.187], "rotate": [0.01558, 0.0, 0.00063]}, "7": {"translate": [0.012, 0.002, -0.24], "rotate": [0.02004, 0.0, 0.00099]}, "8": {"translate": [0.014, 0.003, -0.262], "rotate": [0.02183, 0.0, 0.00115]}, "9": {"translate": [0.014, 0.003, -0.262], "rotate": [0.02183, 0.0, 0.00115]}, "10": {"translate": [0.014, 0.003, -0.262], "rotate": [0.02183, 0.0, 0.00115]}}}, {"name": "rightHand", "keyframes": {"0": {"translate": [0.0, -0.0, -0.0], "rotate": [0.0, 0.0, -0.0]}, "1": {"translate": [0.0, 0.0, 0.0], "rotate": [-0.0, -0.0, -0.0]}, "2": {"translate": [0.0, 0.0, 0.0], "rotate": [-0.0, 0.0, 0.0]}, "3": {"translate": [0.0, 0.0, 0.0], "rotate": [-0.0, 0.0, 0.0]}, "4": {"translate": [-0.0, -0.0, -0.0], "rotate": [0.01458, 0.0, 0.0]}, "5": {"translate": [0.0, 0.0, -0.0], "rotate": [0.04666, 0.0, -0.0]}, "6": {"translate": [-0.0, -0.0, 0.0], "rotate": [0.07874, 0.0, 0.0]}, "7": {"translate": [0.0, 0.0, -0.0], "rotate": [0.09332, -0.0, 0.0]}, "8": {"translate": [0.0, 0.0, -0.0], "rotate": [0.06912, -0.0, 0.0]}, "9": {"translate": [0.0, 0.0, -0.0], "rotate": [0.02419, 0.0, -0.0]}, "10": {"translate": [0.0, 0.0, -0.0], "rotate": [0.0, 0.0, -0.0]}}}, {"name": "rightArm", "keyframes": {"0": {"translate": [0.0, -0.0, -0.0], "rotate": [0.0, 0.0, -0.0]}, "1": {"translate": [0.0, -0.0, 0.035], "rotate": [0.01897, 0.0, 0.00537]}, "2": {"translate": [0.0, -0.0, 0.07], "rotate": [0.05421, 0.0, 0.01685]}, "3": {"translate": [0.0, -0.0, 0.022], "rotate": [0.07318, -0.0, 0.0275]}, "4": {"translate": [0.001, -0.0, -0.099], "rotate": [0.04418, 0.0, 0.03466]}, "5": {"translate": [0.007, -0.0, -0.255], "rotate": [-0.02629, 0.0, 0.04036]}, "6": {"translate": [0.016, -0.0, -0.411], "rotate": [-0.11343, 0.0, 0.04473]}, "7": {"translate": [0.026, -0.0, -0.531], "rotate": [-0.19242, 0.0, 0.04791]}, "8": {"translate": [0.031, -0.0, -0.579], "rotate": [-0.23846, 0.0, 0.05002]}, "9": {"translate": [0.031, -0.0, -0.579], "rotate": [-0.25493, 0.0, 0.05118]}, "10": {"translate": [0.031, -0.0, -0.579], "rotate": [-0.26076, 0.0, 0.05155]}}}, {"name": "leftHand", "keyframes": {"0": {"translate": [0.0, -0.0, -0.0], "rotate": [0.0, 0.0, -0.0]}, "1": {"translate": [-0.0, -0.0, -0.0], "rotate": [0.0, 0.0, -0.0]}, "2": {"translate": [0.0, -0.0, -0.0], "rotate": [0.0, 0.0, -0.0]}, "3": {"translate": [0.0, -0.0, -0.0], "rotate": [0.0, 0.0, -0.0]}, "4": {"translate": [-0.0, -0.0, 0.0], "rotate": [0.0, 0.0, -0.0]}, "5": {"translate": [-0.0, -0.0, 0.0], "rotate": [0.0, 0.0, -0.0]}, "6": {"translate": [-0.0, -0.0, -0.0], "rotate": [0.0, 0.0, -0.0]}, "7": {"translate": [0.0, -0.0, 0.0], "rotate": [0.0, 0.0, -0.0]}, "8": {"translate": [-0.0, -0.0, 0.0], "rotate": [0.0, 0.0, -0.0]}, "9": {"translate": [-0.0, -0.0, 0.0], "rotate": [0.0, 0.0, -0.0]}, "10": {"translate": [-0.0, -0.0, 0.0], "rotate": [0.0, 0.0, -0.0]}}}, {"name": "leftArm", "keyframes": {"0": {"translate": [0.0, -0.0, -0.0], "rotate": [0.0, 0.0, -0.0]}, "1": {"translate": [-0.0, -0.0, -0.035], "rotate": [0.0, 0.0, -0.0]}, "2": {"translate": [-0.0, -0.0, -0.07], "rotate": [0.0, 0.0, -0.0]}, "3": {"translate": [0.0, -0.0, -0.029], "rotate": [0.0, 0.0, -0.0]}, "4": {"translate": [-0.0, -0.0, 0.072], "rotate": [0.0, 0.0, -0.0]}, "5": {"translate": [-0.004, -0.0, 0.205], "rotate": [0.0, 0.0, -0.0]}, "6": {"translate": [-0.012, -0.0, 0.337], "rotate": [0.0, 0.0, -0.0]}, "7": {"translate": [-0.021, -0.0, 0.438], "rotate": [0.0, 0.0, -0.0]}, "8": {"translate": [-0.025, -0.0, 0.479], "rotate": [0.0, 0.0, -0.0]}, "9": {"translate": [-0.025, -0.0, 0.479], "rotate": [0.0, 0.0, -0.0]}, "10": {"translate": [-0.025, -0.0, 0.479], "rotate": [0.0, 0.0, -0.0]}}}, {"name": "head", "keyframes": {"0": {"translate": [0.0, -0.0, -0.0], "rotate": [0.0, 0.0, -0.0]}, "1": {"translate": [0.0, -0.0, -0.0], "rotate": [0.0, 0.0, -0.0]}, "2": {"translate": [0.0, -0.0, -0.0], "rotate": [0.0, 0.0, -0.0]}, "3": {"translate": [0.0, -0.0, -0.004], "rotate": [0.0, 0.0, -0.0]}, "4": {"translate": [0.001, -0.0, -0.013], "rotate": [0.0, 0.0, -0.0]}, "5": {"translate": [0.001, -0.0, -0.025], "rotate": [0.0, 0.0, -0.0]}, "6": {"translate": [0.002, -0.0, -0.037], "rotate": [0.0, 0.0, -0.0]}, "7": {"translate": [0.002, -0.0, -0.047], "rotate": [0.0, 0.0, -0.0]}, "8": {"translate": [0.003, -0.0, -0.05], "rotate": [0.0, 0.0, -0.0]}, "9": {"translate": [0.003, -0.0, -0.05], "rotate": [0.0, 0.0, -0.0]}, "10": {"translate": [0.003, -0.0, -0.05], "rotate": [0.0, 0.0, -0.0]}}}, {"name": "body", "keyframes": {"0": {"translate": [0.0, -0.0, -0.0], "rotate": [0.0, 0.0, -0.0]}, "1": {"translate": [0.0, -0.0, -0.0], "rotate": [0.0, 0.00701, -0.0]}, "2": {"translate": [0.0, -0.0, -0.0], "rotate": [0.0, 0.01402, -0.0]}, "3": {"translate": [0.0, -0.0, -0.004], "rotate": [0.0, 0.00513, -0.0]}, "4": {"translate": [0.001, -0.0, -0.013], "rotate": [0.0, -0.01709, -0.0]}, "5": {"translate": [0.001, -0.0, -0.025], "rotate": [0.0, -0.04599, -0.0]}, "6": {"translate": [0.002, -0.0, -0.037], "rotate": [0.0, -0.07489, -0.0]}, "7": {"translate": [0.002, -0.0, -0.047], "rotate": [0.0, -0.09711, -0.0]}, "8": {"translate": [0.003, -0.0, -0.05], "rotate": [0.0, -0.106, -0.0]}, "9": {"translate": [0.003, -0.0, -0.05], "rotate": [0.0, -0.106, -0.0]}, "10": {"translate": [0.003, -0.0, -0.05], "rotate": [0.0, -0.106, -0.0]}}}, {"name": "cape", "keyframes": {"0": {"translate": [0.0, -0.0, -0.0], "rotate": [0.0, 0.0, -0.0]}, "1": {"translate": [0.018, -0.0, -0.0], "rotate": [0.0, -0.0, -0.0]}, "2": {"translate": [0.035, -0.0, -0.0], "rotate": [0.0, 0.0, -0.0]}, "3": {"translate": [0.013, -0.0, -0.004], "rotate": [0.0, -0.0, -0.0]}, "4": {"translate": [-0.042, -0.0, -0.013], "rotate": [0.0, 0.0, -0.0]}, "5": {"translate": [-0.114, -0.0, -0.028], "rotate": [0.0, 0.0, -0.0]}, "6": {"translate": [-0.185, -0.0, -0.044], "rotate": [0.0, 0.0, -0.0]},