{"format_version": "0.2", "frame_length": 10, "parts": [{"name": "root", "keyframes": {"0": {"translate": [0.0, -0.0, -0.0], "rotate": [0.0, 0.0, -0.0]}, "1": {"translate": [0.0, -0.0, -0.0], "rotate": [0.0, 0.0, -0.0]}, "2": {"translate": [0.0, -0.0, -0.0], "rotate": [0.0, 0.0, -0.0]}, "3": {"translate": [0.0, -0.0, -0.0], "rotate": [0.0, 0.0, -0.0]}, "4": {"translate": [0.0, -0.0, -0.0], "rotate": [0.0, 0.0, -0.0]}, "5": {"translate": [0.0, -0.0, -0.0], "rotate": [0.0, 0.0, -0.0]}, "6": {"translate": [0.0, -0.0, -0.0], "rotate": [0.0, 0.0, -0.0]}, "7": {"translate": [0.0, -0.0, -0.0], "rotate": [0.0, 0.0, -0.0]}, "8": {"translate": [0.0, -0.0, -0.0], "rotate": [0.0, 0.0, -0.0]}, "9": {"translate": [0.0, -0.0, -0.0], "rotate": [0.0, 0.0, -0.0]}, "10": {"translate": [0.0, -0.0, -0.0], "rotate": [0.0, 0.0, -0.0]}}}, {"name": "leftLeg", "keyframes": {"0": {"translate": [0.0, -0.0, -0.0], "rotate": [0.0, 0.0, -0.0]}, "1": {"translate": [0.384, 0.025, 0.671], "rotate": [-0.05597, 0.0, 0.03204]}, "2": {"translate": [0.595, 0.066, 1.11], "rotate": [-0.09264, 0.0, 0.04979]}, "3": {"translate": [0.482, 0.043, 0.897], "rotate": [-0.07484, 0.0, 0.04027]}, "4": {"translate": [0.245, 0.01, 0.428], "rotate": [-0.03568, -0.0, 0.0204]}, "5": {"translate": [0.037, 0.0, -0.043], "rotate": [0.00359, 0.0, 0.00308]}, "6": {"translate": [-0.044, 0.003, -0.258], "rotate": [0.02154, 0.0, -0.00364]}, "7": {"translate": [-0.037, 0.002, -0.218], "rotate": [0.01817, 0.0, -0.00308]}, "8": {"translate": [-0.022, 0.001, -0.129], "rotate": [0.01075, 0.0, -0.00183]}, "9": {"translate": [-0.007, 0.0, -0.04], "rotate": [0.00336, 0.0, -0.00058]}, "10": {"translate": [0.0, -0.0, -0.0], "rotate": [0.0, 0.0, -0.0]}}}, {"name": "rightLeg", "keyframes": {"0": {"translate": [0.0, -0.0, -0.0], "rotate": [0.0, 0.0, -0.0]}, "1": {"translate": [0.406, 0.013, 0.372], "rotate": [-0.03102, 0.0, 0.03388]}, "2": {"translate": [0.657, 0.033, 0.593], "rotate": [-0.04941, 0.0, 0.05486]}, "3": {"translate": [0.525, 0.02, 0.455], "rotate": [-0.03795, 0.0, 0.04382]}, "4": {"translate": [0.259, 0.004, 0.166], "rotate": [-0.01385, -0.0, 0.02155]}, "5": {"translate": [0.038, 0.001, -0.11], "rotate": [0.00919, -0.0, 0.00315]}, "6": {"translate": [-0.044, 0.002, -0.234], "rotate": [0.01949, 0.0, -0.00363]}, "7": {"translate": [-0.037, 0.002, -0.197], "rotate": [0.01644, 0.0, -0.00307]}, "8": {"translate": [-0.022, 0.001, -0.117], "rotate": [0.00974, 0.0, -0.00183]}, "9": {"translate": [-0.007, 0.0, -0.036], "rotate": [0.00304, -0.0, -0.00058]}, "10": {"translate": [0.0, -0.0, -0.0], "rotate": [0.0, 0.0, -0.0]}}}, {"name": "rightHand", "keyframes": {"0": {"translate": [0.0, -0.0, -0.0], "rotate": [0.0, 0.0, -0.0]}, "1": {"translate": [0.0, 0.0, 0.0], "rotate": [0.0, -0.0, 0.0]}, "2": {"translate": [-0.0, 0.0, 0.0], "rotate": [0.0, -0.0, -0.0]}, "3": {"translate": [0.0, 0.0, -0.0], "rotate": [-0.0, 0.0, 0.0]}, "4": {"translate": [0.0, -0.0, 0.0], "rotate": [0.0, 0.0, 0.0]}, "5": {"translate": [-0.0, 0.0, 0.0], "rotate": [0.0, 0.0, 0.0]}, "6": {"translate": [0.0, 0.0, 0.0], "rotate": [0.0, -0.0, -0.0]}, "7": {"translate": [-0.0, 0.0, 0.0], "rotate": [0.0, 0.0, 0.0]}, "8": {"translate": [-0.0, -0.0, 0.0], "rotate": [0.0, -0.0, -0.0]}, "9": {"translate": [0.0, -0.0, 0.0], "rotate": [0.0, -0.0, -0.0]}, "10": {"translate": [0.0, -0.0, -0.0], "rotate": [0.0, 0.0, -0.0]}}}, {"name": "rightArm", "keyframes": {"0": {"translate": [0.0, -0.0, -0.0], "rotate": [0.0, 0.0, -0.0]}, "1": {"translate": [-0.216, 0.373, 2.604], "rotate": [0.0898, -0.00829, 0.14717]}, "2": {"translate": [-0.44, 0.718, 3.758], "rotate": [0.306, 0.04907, 0.29598]}, "3": {"translate": [-0.345, 0.54, 3.106], "rotate": [0.53295, 0.0857, 0.40398]}, "4": {"translate": [-0.167, 0.236, 1.64], "rotate": [0.57348, 0.05648, 0.41186]}, "5": {"translate": [-0.042, 0.054, 0.149], "rotate": [0.47143, 0.0291, 0.34711]}, "6": {"translate": [-0.006, 0.011, -0.532], "rotate": [0.24224, 0.02169, 0.23243]}, "7": {"translate": [-0.005, 0.009, -0.449], "rotate": [-0.01107, 0.01471, 0.11443]}, "8": {"translate": [-0.003, 0.005, -0.266], "rotate": [-0.12635, 0.00822, 0.0428]}, "9": {"translate": [-0.001, 0.001, -0.083], "rotate": [-0.06619, 0.00282, 0.01234]}, "10": {"translate": [0.0, -0.0, -0.0], "rotate": [0.0, 0.0, -0.0]}}}, {"name": "leftHand", "keyframes": {"0": {"translate": [0.0, -0.0, -0.0], "rotate": [0.0, 0.0, -0.0]}, "1": {"translate": [0.0, -0.0, 0.0], "rotate": [0.0, -0.0, 0.0]}, "2": {"translate": [0.0, -0.0, -0.0], "rotate": [0.0, 0.0, -0.0]}, "3": {"translate": [0.0, 0.0, 0.0], "rotate": [-0.0, -0.0, 0.0]}, "4": {"translate": [-0.0, 0.0, 0.0], "rotate": [0.0, 0.0, -0.0]}, "5": {"translate": [0.0, 0.0, -0.0], "rotate": [-0.0, 0.0, 0.0]}, "6": {"translate": [0.0, -0.0, 0.0], "rotate": [0.0, 0.0, -0.0]}, "7": {"translate": [-0.0, 0.0, 0.0], "rotate": [-0.0, -0.0, -0.0]}, "8": {"translate": [-0.0, 0.0, -0.0], "rotate": [0.0, 0.0, 0.0]}, "9": {"translate": [0.0, -0.0, -0.0], "rotate": [0.0, 0.0, -0.0]}, "10": {"translate": [0.0, -0.0, -0.0], "rotate": [0.0, 0.0, -0.0]}}}, {"name": "leftArm", "keyframes": {"0": {"translate": [0.0, -0.0, -0.0], "rotate": [0.0, 0.0, -0.0]}, "1": {"translate": [-0.257, -0.085, 3.386], "rotate": [-0.07789, -0.05404, -0.13585]}, "2": {"translate": [-0.561, 0.033, 5.15], "rotate": [-0.01041, -0.11092, -0.25417]}, "3": {"translate": [-0.43, -0.035, 4.272], "rotate": [0.12793, -0.06746, -0.28112]}, "4": {"translate": [-0.195, -0.09, 2.308], "rotate": [0.17023, -0.00331, -0.21955]}, "5": {"translate": [-0.044, -0.021, 0.316], "rotate": [0.12312, 0.0318, -0.12686]}, "6": {"translate": [-0.006, 0.05, -0.593], "rotate": [0.01086, 0.01922, -0.05257]}, "7": {"translate": [-0.005, 0.042, -0.5], "rotate": [-0.07212, -0.00151, -0.0152]}, "8": {"translate": [-0.003, 0.024, -0.296], "rotate": [-0.05733, -0.00215, -0.00355]}, "9": {"translate": [-0.001, 0.007, -0.093], "rotate": [-0.02066, -0.00089, -8e-05]}, "10": {"translate": [0.0, -0.0, -0.0], "rotate": [0.0, 0.0, -0.0]}}}, {"name": "head", "keyframes": {"0": {"translate": [0.0, -0.0, -0.0], "rotate": [0.0, 0.0, -0.0]}, "1": {"translate": [-0.364, 0.21, 3.487], "rotate": [-0.26795, 0.14687, -0.05805]}, "2": {"translate": [-0.73, 0.521, 5.168], "rotate": [-0.5359, 0.29374, -0.1161]}, "3": {"translate": [-0.568, 0.353, 4.288], "rotate": [-0.65769, 0.3605, -0.14248]}, "4": {"translate": [-0.268, 0.103, 2.309], "rotate": [-0.5315, 0.31382, -0.11466]}, "5": {"translate": [-0.059, 0.018, 0.294], "rotate": [-0.25388, 0.2083, -0.05347]}, "6": {"translate": [0.001, 0.032, -0.626], "rotate": [0.02375, 0.09577, 0.00773]}, "7": {"translate": [0.001, 0.026, -0.528], "rotate": [0.14994, 0.02805, 0.03554]}, "8": {"translate": [0.001, 0.015, -0.313], "rotate": [0.11107, 0.00831, 0.02633]}, "9": {"translate": [0.0, 0.004, -0.098], "rotate": [0.03887, 0.00104, 0.00921]}, "10": {"translate": [0.0, -0.0, -0.0], "rotate": [0.0, 0.0, -0.0]}}}, {"name": "body", "keyframes": {"0": {"translate": [0.0, -0.0, -0.0], "rotate": [0.0, 0.0, -0.0]}, "1": {"translate": [-0.364, 0.21, 3.487], "rotate": [-0.24964, -0.07825, -0.04597]}, "2": {"translate": [-0.73, 0.521, 5.168], "rotate": [-0.36887, -0.13968, -0.06931]}, "3": {"translate": [-0.568, 0.353, 4.288], "rotate": [-0.30628, -0.11691, -0.05787]}, "4": {"translate": [-0.268, 0.103, 2.309], "rotate": [-0.16858, -0.06681, -0.0327]}, "5": {"translate": [-0.059, 0.018, 0.294], "rotate": [-0.03088, -0.01672, -0.00753]}, "6": {"translate": [0.001, 0.032, -0.626], "rotate": [0.03171, 0.00606, 0.00392]}, "7": {"translate": [0.001, 0.026, -0.528], "rotate": [0.02675, 0.00511, 0.0033]}, "8": {"translate": [0.001, 0.015, -0.313], "rotate": [0.01585, 0.00303, 0.00196]}, "9": {"translate": [0.0, 0.004, -0.098], "rotate": [0.00495, 0.00095, 0.00061]}, "10": {"translate": [0.0, -0.0, -0.0], "rotate": [0.0, 0.0, -0.0]}}}, {"name": "cape", "keyframes": {"0": {"translate": [0.0, -0.0, -0.0], "rotate": [0.0, 0.0, -0.0]}, "1": {"translate": [-0.525, 0.835, 3.403],