{"format_version": "0.2", "frame_length": 10, "parts": [{"name": "root", "keyframes": {"0": {"translate": [0.0, -0.0, -0.0], "rotate": [0.0, 0.0, -0.0]}, "1": {"translate": [0.0, -0.0, -0.0], "rotate": [0.0, 0.0, -0.0]}, "2": {"translate": [0.0, -0.0, -0.0], "rotate": [0.0, 0.0, -0.0]}, "3": {"translate": [0.0, -0.0, -0.0], "rotate": [0.0, 0.0, -0.0]}, "4": {"translate": [0.0, -0.0, -0.0], "rotate": [0.0, 0.0, -0.0]}, "5": {"translate": [0.0, -0.0, -0.0], "rotate": [0.0, 0.0, -0.0]}, "6": {"translate": [0.0, -0.0, -0.0], "rotate": [0.0, 0.0, -0.0]}, "7": {"translate": [0.0, -0.0, -0.0], "rotate": [0.0, 0.0, -0.0]}, "8": {"translate": [0.0, -0.0, -0.0], "rotate": [0.0, 0.0, -0.0]}, "9": {"translate": [0.0, -0.0, -0.0], "rotate": [0.0, 0.0, -0.0]}, "10": {"translate": [0.0, -0.0, -0.0], "rotate": [0.0, 0.0, -0.0]}}}, {"name": "leftLeg", "keyframes": {"0": {"translate": [0.0, -0.0, -0.0], "rotate": [0.0, 0.0, -0.0]}, "1": {"translate": [0.266, 0.048, 1.043], "rotate": [-0.08704, -0.0, 0.02226]}, "2": {"translate": [0.301, 0.118, 1.65], "rotate": [-0.13792, 0.0, 0.0253]}, "3": {"translate": [0.272, 0.082, 1.374], "rotate": [-0.11476, -0.0, 0.02282]}, "4": {"translate": [0.174, 0.025, 0.755], "rotate": [-0.06294, 0.0, 0.01457]}, "5": {"translate": [0.034, 0.001, 0.12], "rotate": [-0.01001, 0.0, 0.00286]}, "6": {"translate": [-0.043, 0.001, -0.173], "rotate": [0.01439, 0.0, -0.00355]}, "7": {"translate": [-0.036, 0.001, -0.146], "rotate": [0.01213, 0.0, -0.00302]}, "8": {"translate": [-0.022, 0.0, -0.086], "rotate": [0.00718, -0.0, -0.00181]}, "9": {"translate": [-0.007, 0.0, -0.027], "rotate": [0.00224, 0.0, -0.00057]}, "10": {"translate": [0.0, -0.0, -0.0], "rotate": [0.0, 0.0, -0.0]}}}, {"name": "rightLeg", "keyframes": {"0": {"translate": [0.0, -0.0, -0.0], "rotate": [0.0, 0.0, -0.0]}, "1": {"translate": [0.61, 0.028, -0.542], "rotate": [0.04522, 0.0, 0.05087]}, "2": {"translate": [1.15, 0.079, -0.751], "rotate": [0.06261, 0.0, 0.09614]}, "3": {"translate": [0.854, 0.048, -0.656], "rotate": [0.05466, -0.0, 0.07131]}, "4": {"translate": [0.335, 0.01, -0.345], "rotate": [0.02873, 0.0, 0.02792]}, "5": {"translate": [0.035, 0.0, 0.046], "rotate": [-0.0038, 0.0, 0.00293]}, "6": {"translate": [-0.022, 0.002, 0.228], "rotate": [-0.019, 0.0, -0.00187]}, "7": {"translate": [-0.022, 0.002, 0.193], "rotate": [-0.01605, 0.0, -0.00182]}, "8": {"translate": [-0.017, 0.001, 0.114], "rotate": [-0.00953, 0.0, -0.00139]}, "9": {"translate": [-0.006, 0.0, 0.036], "rotate": [-0.00298, 0.0, -0.00053]}, "10": {"translate": [0.0, -0.0, -0.0], "rotate": [0.0, 0.0, -0.0]}}}, {"name": "rightHand", "keyframes": {"0": {"translate": [0.0, -0.0, -0.0], "rotate": [0.0, 0.0, -0.0]}, "1": {"translate": [-0.0, -0.0, 0.0], "rotate": [0.0, 0.0, 0.0]}, "2": {"translate": [-0.0, 0.0, -0.0], "rotate": [-0.0, 0.0, -0.0]}, "3": {"translate": [-0.0, 0.0, -0.0], "rotate": [-0.0, -0.0, 0.0]}, "4": {"translate": [0.0, -0.0, 0.0], "rotate": [-0.0, -0.0, 0.0]}, "5": {"translate": [0.0, -0.0, 0.0], "rotate": [-0.0, -0.0, 0.0]}, "6": {"translate": [-0.0, 0.0, -0.0], "rotate": [-0.0, -0.0, -0.0]}, "7": {"translate": [0.0, -0.0, 0.0], "rotate": [-0.0, -0.0, -0.0]}, "8": {"translate": [0.0, -0.0, -0.0], "rotate": [0.0, 0.0, -0.0]}, "9": {"translate": [0.0, 0.0, -0.0], "rotate": [-0.0, -0.0, -0.0]}, "10": {"translate": [0.0, -0.0, -0.0], "rotate": [0.0, 0.0, -0.0]}}}, {"name": "rightArm", "keyframes": {"0": {"translate": [0.0, -0.0, -0.0], "rotate": [0.0, 0.0, -0.0]}, "1": {"translate": [0.13, 0.185, -1.113], "rotate": [-0.42736, -0.38476, 0.19155]}, "2": {"translate": [0.43, 0.29, -1.724], "rotate": [-0.93909, -0.53945, 0.44733]}, "3": {"translate": [0.257, 0.249, -1.444], "rotate": [-1.01998, -0.40887, 0.5351]}, "4": {"translate": [0.014, 0.15, -0.784], "rotate": [-0.72267, -0.22063, 0.47689]}, "5": {"translate": [-0.038, 0.052, -0.087], "rotate": [-0.31429, -0.01436, 0.38063]}, "6": {"translate": [0.002, 0.011, 0.233], "rotate": [0.02279, 0.09539, 0.25779]}, "7": {"translate": [0.001, 0.009, 0.197], "rotate": [0.24199, 0.08645, 0.13179]}, "8": {"translate": [-0.001, 0.005, 0.117], "rotate": [0.32332, 0.05509, 0.05344]}, "9": {"translate": [-0.001, 0.001, 0.036], "rotate": [0.15785, 0.01849, 0.01629]}, "10": {"translate": [0.0, -0.0, -0.0], "rotate": [0.0, 0.0, -0.0]}}}, {"name": "leftHand", "keyframes": {"0": {"translate": [0.0, -0.0, -0.0], "rotate": [0.0, 0.0, -0.0]}, "1": {"translate": [0.0, -0.0, 0.0], "rotate": [0.0, 0.0, -0.0]}, "2": {"translate": [-0.0, 0.0, 0.0], "rotate": [0.0, -0.0, 0.0]}, "3": {"translate": [0.0, 0.0, -0.0], "rotate": [-0.0, -0.0, 0.0]}, "4": {"translate": [-0.0, -0.0, 0.0], "rotate": [0.0, 0.0, 0.0]}, "5": {"translate": [-0.0, -0.0, -0.0], "rotate": [0.0, 0.0, 0.0]}, "6": {"translate": [-0.0, 0.0, -0.0], "rotate": [0.0, -0.0, -0.0]}, "7": {"translate": [-0.0, -0.0, -0.0], "rotate": [-0.0, 0.0, 0.0]}, "8": {"translate": [0.0, -0.0, 0.0], "rotate": [0.0, 0.0, 0.0]}, "9": {"translate": [0.0, -0.0, 0.0], "rotate": [-0.0, -0.0, -0.0]}, "10": {"translate": [0.0, -0.0, -0.0], "rotate": [0.0, 0.0, -0.0]}}}, {"name": "leftArm", "keyframes": {"0": {"translate": [0.0, -0.0, -0.0], "rotate": [0.0, 0.0, -0.0]}, "1": {"translate": [-0.719, -0.236, 2.897], "rotate": [0.1648, -0.3724, -0.26371]}, "2": {"translate": [-1.691, -0.257, 4.41], "rotate": [0.47917, -0.55318, -0.55291]}, "3": {"translate": [-1.188, -0.247, 3.71], "rotate": [0.5506, -0.40341, -0.60276]}, "4": {"translate": [-0.381, -0.164, 1.981], "rotate": [0.35677, -0.17913, -0.46255]}, "5": {"translate": [-0.04, -0.024, 0.099], "rotate": [0.11472, 0.03602, -0.2708]}, "6": {"translate": [-0.048, 0.05, -0.767], "rotate": [-0.05405, 0.11402, -0.09886]}, "7": {"translate": [-0.035, 0.042, -0.647], "rotate": [-0.12968, 0.07783, -0.01524]}, "8": {"translate": [-0.013, 0.024, -0.384], "rotate": [-0.09887, 0.04488, -0.00355]}, "9": {"translate": [-0.002, 0.007, -0.12], "rotate": [-0.03507, 0.01381, -8e-05]}, "10": {"translate": [0.0, -0.0, -0.0], "rotate": [0.0, 0.0, -0.0]}}}, {"name": "head", "keyframes": {"0": {"translate": [0.0, -0.0, -0.0], "rotate": [0.0, 0.0, -0.0]}, "1": {"translate": [-0.442, -0.016, 1.019], "rotate": [-0.23993, -0.18345, -0.04913]}, "2": {"translate": [-0.903, 0.043, 1.517], "rotate": [-0.47986, -0.3669, -0.09825]}, "3": {"translate": [-0.672, 0.018, 1.285], "rotate": [-0.58891, -0.45029, -0.12058]}, "4": {"translate": [-0.271, -0.004, 0.676], "rotate": [-0.51763, -0.36575, -0.09627]}, "5": {"translate": [-0.054, 0.014, -0.009], "rotate": [-0.34764, -0.17976, -0.04278]}, "6": {"translate": [-0.021, 0.031, -0.326], "rotate": [-0.14475, 0.00623, 0.0107]}, "7": {"translate": [-0.015, 0.026, -0.275], "rotate": [0.02523, 0.09077, 0.03502]}, "8": {"translate": [-0.005, 0.015, -0.163], "rotate": [0.09652, 0.06724, 0.02594]}, "9": {"translate": [-0.0, 0.004, -0.051], "rotate": [0.04826, 0.02353, 0.00908]}, "10": {"translate": [0.0, -0.0, -0.0], "rotate": [0.0, 0.0, -0.0]}}}, {"name": "body", "keyframes": {"0": {"translate": [0.0, -0.0, -0.0], "rotate": [0.0, 0.0, -0.0]}, "1": {"translate": [-0.442, -0.016, 1.019], "rotate": [-0.06917, -0.41269, -0.04597]}, "2": {"translate": [-0.903, 0.043, 1.517], "rotate": [-0.11067, -0.66031, -0.06931]}, "3": {"translate": [-0.672, 0.018, 1.285], "rotate": [-0.08875, -0.54149, -0.05787]}, "4": {"translate": [-0.271, -0.004, 0.676], "rotate": [-0.04053, -0.28009, -0.0327]}, "5": {"translate": [-0.054, 0.014, -0.009], "rotate": [0.00769, -0.01868, -0.00753]}, "6": {"translate": [-0.021, 0.031, -0.326], "rotate": [0.0296, 0.10014, 0.00392]}, "7": {"translate": [-0.015, 0.026, -0.275], "rotate": [0.02498, 0.08449, 0.0033]}, "8": {"translate": [-0.005, 0.015, -0.163], "rotate": [0.0148, 0.05007, 0.00196]}, "9": {"translate": [-0.0, 0.004, -0.051], "rotate": [0.00463, 0.01565, 0.00061]}, "10": {"translate": [0.0, -0.0, -0.0], "rotate": [0.0, 0.0, -0.0]}}}, {"name": "cape", "keyframes": {"0": {"translate": [0.0, -0.0, -0.0], "rotate": [0.0, 0.0, -0.0]},