{"format_version": "0.2", "frame_length": 10, "parts": [{"name": "root", "keyframes": {"0": {"translate": [0.0, -0.0, -0.0], "rotate": [0.0, 0.0, -0.0]}, "1": {"translate": [0.0, -0.0, -0.0], "rotate": [0.0, 0.0, -0.0]}, "2": {"translate": [0.0, -0.0, -0.0], "rotate": [0.0, 0.0, -0.0]}, "3": {"translate": [0.0, -0.0, -0.0], "rotate": [0.0, 0.0, -0.0]}, "4": {"translate": [0.0, -0.0, -0.0], "rotate": [0.0, 0.0, -0.0]}, "5": {"translate": [0.0, -0.0, -0.0], "rotate": [0.0, 0.0, -0.0]}, "6": {"translate": [0.0, -0.0, -0.0], "rotate": [0.0, 0.0, -0.0]}, "7": {"translate": [0.0, -0.0, -0.0], "rotate": [0.0, 0.0, -0.0]}, "8": {"translate": [0.0, -0.0, -0.0], "rotate": [0.0, 0.0, -0.0]}, "9": {"translate": [0.0, -0.0, -0.0], "rotate": [0.0, 0.0, -0.0]}, "10": {"translate": [0.0, -0.0, -0.0], "rotate": [0.0, 0.0, -0.0]}}}, {"name": "leftLeg", "keyframes": {"0": {"translate": [0.0, -0.0, -0.0], "rotate": [0.0, 0.0, -0.0]}, "1": {"translate": [-0.328, 0.013, -0.464], "rotate": [0.03869, 0.0, -0.02734]}, "2": {"translate": [-0.726, 0.042, -0.69], "rotate": [0.05749, 0.0, -0.06067]}, "3": {"translate": [-0.536, 0.025, -0.566], "rotate": [0.04715, 0.0, -0.04472]}, "4": {"translate": [-0.212, 0.004, -0.242], "rotate": [0.02013, 0.0, -0.01768]}, "5": {"translate": [-0.041, 0.001, 0.118], "rotate": [-0.00986, 0.0, -0.00341]}, "6": {"translate": [-0.017, 0.003, 0.282], "rotate": [-0.02353, 0.0, -0.00144]}, "7": {"translate": [-0.012, 0.002, 0.238], "rotate": [-0.01987, -0.0, -0.00098]}, "8": {"translate": [-0.003, 0.001, 0.141], "rotate": [-0.01179, -0.0, -0.00027]}, "9": {"translate": [0.0, 0.0, 0.044], "rotate": [-0.00369, -0.0, 1e-05]}, "10": {"translate": [0.0, -0.0, -0.0], "rotate": [0.0, 0.0, -0.0]}}}, {"name": "rightLeg", "keyframes": {"0": {"translate": [0.0, -0.0, -0.0], "rotate": [0.0, 0.0, -0.0]}, "1": {"translate": [-0.203, 0.01, 0.457], "rotate": [-0.03805, 0.0, -0.0169]}, "2": {"translate": [-0.408, 0.03, 0.746], "rotate": [-0.06219, 0.0, -0.03411]}, "3": {"translate": [-0.322, 0.02, 0.62], "rotate": [-0.05168, 0.0, -0.02689]}, "4": {"translate": [-0.157, 0.006, 0.359], "rotate": [-0.02996, 0.0, -0.01309]}, "5": {"translate": [-0.04, 0.001, 0.109], "rotate": [-0.00911, 0.0, -0.00337]}, "6": {"translate": [-0.007, 0.0, -0.006], "rotate": [0.00047, 0.0, -0.00057]}, "7": {"translate": [-0.004, 0.0, -0.005], "rotate": [0.00038, 0.0, -0.00035]}, "8": {"translate": [-0.001, 0.0, -0.003], "rotate": [0.00022, 0.0, -5e-05]}, "9": {"translate": [0.0, 0.0, -0.001], "rotate": [7e-05, -0.0, 4e-05]}, "10": {"translate": [0.0, -0.0, -0.0], "rotate": [0.0, 0.0, -0.0]}}}, {"name": "rightHand", "keyframes": {"0": {"translate": [0.0, -0.0, -0.0], "rotate": [0.0, 0.0, -0.0]}, "1": {"translate": [-0.0, -0.0, 0.0], "rotate": [-0.0, 0.0, 0.0]}, "2": {"translate": [0.0, 0.0, 0.0], "rotate": [0.0, -0.0, 0.0]}, "3": {"translate": [-0.0, -0.0, 0.0], "rotate": [0.0, 0.0, 0.0]}, "4": {"translate": [0.0, -0.0, -0.0], "rotate": [-0.0, 0.0, -0.0]}, "5": {"translate": [0.0, -0.0, -0.0], "rotate": [-0.0, -0.0, -0.0]}, "6": {"translate": [0.0, -0.0, -0.0], "rotate": [-0.0, 0.0, 0.0]}, "7": {"translate": [0.0, 0.0, -0.0], "rotate": [0.0, 0.0, -0.0]}, "8": {"translate": [-0.0, -0.0, -0.0], "rotate": [0.0, 0.0, -0.0]}, "9": {"translate": [-0.0, -0.0, -0.0], "rotate": [-0.0, -0.0, -0.0]}, "10": {"translate": [0.0, -0.0, -0.0], "rotate": [0.0, 0.0, -0.0]}}}, {"name": "rightArm", "keyframes": {"0": {"translate": [0.0, -0.0, -0.0], "rotate": [0.0, 0.0, -0.0]}, "1": {"translate": [0.917, -0.33, 2.44], "rotate": [0.16772, 0.24538, 0.14334]}, "2": {"translate": [1.715, -0.382, 3.819], "rotate": [0.40991, 0.40503, 0.26258]}, "3": {"translate": [1.29, -0.372, 3.142], "rotate": [0.5801, 0.33499, 0.27265]}, "4": {"translate": [0.541, -0.258, 1.574], "rotate": [0.56209, 0.16775, 0.21615]}, "5": {"translate": [0.074, -0.042, -0.051], "rotate": [0.43587, 0.00159, 0.1506]}, "6": {"translate": [-0.04, 0.079, -0.792], "rotate": [0.23996, -0.07208, 0.10274]}, "7": {"translate": [-0.039, 0.065, -0.669], "rotate": [0.04173, -0.05859, 0.07294]}, "8": {"translate": [-0.03, 0.037, -0.397], "rotate": [-0.05561, -0.0316, 0.04735]}, "9": {"translate": [-0.011, 0.011, -0.124], "rotate": [-0.03245, -0.00851, 0.01809]}, "10": {"translate": [0.0, -0.0, -0.0], "rotate": [0.0, 0.0, -0.0]}}}, {"name": "leftHand", "keyframes": {"0": {"translate": [0.0, -0.0, -0.0], "rotate": [0.0, 0.0, -0.0]}, "1": {"translate": [-0.0, 0.0, 0.0], "rotate": [0.0, 0.0, 0.0]}, "2": {"translate": [0.0, -0.0, 0.0], "rotate": [0.0, 0.0, 0.0]}, "3": {"translate": [-0.0, 0.0, -0.0], "rotate": [-0.0, 0.0, 0.0]}, "4": {"translate": [0.0, -0.0, -0.0], "rotate": [0.0, 0.0, -0.0]}, "5": {"translate": [0.0, 0.0, -0.0], "rotate": [0.0, 0.0, -0.0]}, "6": {"translate": [0.0, 0.0, -0.0], "rotate": [-0.0, 0.0, 0.0]}, "7": {"translate": [-0.0, 0.0, -0.0], "rotate": [0.0, 0.0, 0.0]}, "8": {"translate": [0.0, 0.0, -0.0], "rotate": [-0.0, 0.0, -0.0]}, "9": {"translate": [-0.0, 0.0, -0.0], "rotate": [0.0, 0.0, 0.0]}, "10": {"translate": [0.0, -0.0, -0.0], "rotate": [0.0, 0.0, -0.0]}}}, {"name": "leftArm", "keyframes": {"0": {"translate": [0.0, -0.0, -0.0], "rotate": [0.0, 0.0, -0.0]}, "1": {"translate": [0.617, 0.386, 0.116], "rotate": [-0.31257, 0.30997, 0.01744]}, "2": {"translate": [0.954, 0.712, 0.153], "rotate": [-0.59721, 0.51494, -0.01765]}, "3": {"translate": [0.781, 0.562, 0.135], "rotate": [-0.62892, 0.48313, -0.05607]}, "4": {"translate": [0.412, 0.284, 0.064], "rotate": [-0.42179, 0.3066, -0.05621]}, "5": {"translate": [0.074, 0.072, -0.03], "rotate": [-0.12775, 0.07889, -0.05577]}, "6": {"translate": [-0.067, -0.004, -0.073], "rotate": [0.10099, -0.07337, -0.04754]}, "7": {"translate": [-0.058, -0.004, -0.062], "rotate": [0.17429, -0.10146, -0.02739]}, "8": {"translate": [-0.036, -0.004, -0.037], "rotate": [0.12134, -0.0666, -0.01312]}, "9": {"translate": [-0.012, -0.002, -0.011], "rotate": [0.0413, -0.02203, -0.0034]}, "10": {"translate": [0.0, -0.0, -0.0], "rotate": [0.0, 0.0, -0.0]}}}, {"name": "head", "keyframes": {"0": {"translate": [0.0, -0.0, -0.0], "rotate": [0.0, 0.0, -0.0]}, "1": {"translate": [0.973, 0.055, 1.533], "rotate": [-0.23993, -0.18345, -0.04913]}, "2": {"translate": [1.717, 0.241, 2.375], "rotate": [-0.47986, -0.3669, -0.09825]}, "3": {"translate": [1.329, 0.143, 1.959], "rotate": [-0.58891, -0.45029, -0.12058]}, "4": {"translate": [0.609, 0.023, 0.97], "rotate": [-0.51763, -0.36575, -0.09627]}, "5": {"translate": [0.097, 0.015, -0.071], "rotate": [-0.34764, -0.17976, -0.04278]}, "6": {"translate": [-0.062, 0.041, -0.547], "rotate": [-0.14475, 0.00623, 0.0107]}, "7": {"translate": [-0.057, 0.033, -0.462], "rotate": [0.02523, 0.09077, 0.03502]}, "8": {"translate": [-0.039, 0.017, -0.274], "rotate": [0.09652, 0.06724, 0.02594]}, "9": {"translate": [-0.014, 0.005, -0.086], "rotate": [0.04826, 0.02353, 0.00908]}, "10": {"translate": [0.0, -0.0, -0.0], "rotate": [0.0, 0.0, -0.0]}}}, {"name": "body", "keyframes": {"0": {"translate": [0.0, -0.0, -0.0], "rotate": [0.0, 0.0, -0.0]}, "1": {"translate": [0.973, 0.055, 1.533], "rotate": [-0.13162, 0.23459, 0.07366]}, "2": {"translate": [1.717, 0.241, 2.375], "rotate": [-0.2106, 0.37534, 0.11786]}, "3": {"translate": [1.329, 0.143, 1.959], "rotate": [-0.16874, 0.30544, 0.09815]}, "4": {"translate": [0.609, 0.023, 0.97], "rotate": [-0.07666, 0.15165, 0.05479]}, "5": {"translate": [0.097, 0.015, -0.071], "rotate": [0.01541, -0.00213, 0.01142]}, "6": {"translate": [-0.062, 0.041, -0.547], "rotate": [0.05727, -0.07204, -0.00829]}, "7": {"translate": [-0.057, 0.033, -0.462], "rotate": [0.04832, -0.06078, -0.00699]}, "8": {"translate": [-0.039, 0.017, -0.274], "rotate": [0.02863, -0.03602, -0.00414]}, "9": {"translate": [-0.014, 0.005, -0.086], "rotate": [0.00895, -0.01126, -0.0013]}, "10": {"translate": [0.0, -0.0, -0.0], "rotate": [0.0, 0.0, -0.0]}}}, {"name": "cape", "keyframes": {"0": {"translate": [0.0, -0.0, -0.0], "rotate": [0.0, 0.0, -0.0]}, "1": {"translate": [1.524, 0.425, 1.444],