{"format_version": "0.2", "frame_length": 10, "parts": [{"name": "root", "keyframes": {"0": {"translate": [0.0, -0.0, -0.0], "rotate": [0.0, 0.0, -0.0]}, "1": {"translate": [0.0, -0.0, -0.0], "rotate": [0.0, 0.0, -0.0]}, "2": {"translate": [0.0, -0.0, -0.0], "rotate": [0.0, 0.0, -0.0]}, "3": {"translate": [0.0, -0.0, -0.0], "rotate": [0.0, 0.0, -0.0]}, "4": {"translate": [0.0, -0.0, -0.0], "rotate": [0.0, 0.0, -0.0]}, "5": {"translate": [0.0, -0.0, -0.0], "rotate": [0.0, 0.0, -0.0]}, "6": {"translate": [0.0, -0.0, -0.0], "rotate": [0.0, 0.0, -0.0]}, "7": {"translate": [0.0, -0.0, -0.0], "rotate": [0.0, 0.0, -0.0]}, "8": {"translate": [0.0, -0.0, -0.0], "rotate": [0.0, 0.0, -0.0]}, "9": {"translate": [0.0, -0.0, -0.0], "rotate": [0.0, 0.0, -0.0]}, "10": {"translate": [0.0, -0.0, -0.0], "rotate": [0.0, 0.0, -0.0]}}}, {"name": "leftLeg", "keyframes": {"0": {"translate": [0.0, -0.0, -0.0], "rotate": [0.0, 0.0, -0.0]}, "1": {"translate": [0.0, 0.001, -0.129], "rotate": [0.01071, 0.0, -0.0]}, "2": {"translate": [0.0, 0.007, -0.415], "rotate": [0.03457, 0.0, -0.0]}, "3": {"translate": [0.0, 0.022, -0.721], "rotate": [0.06015, 0.0, -0.0]}, "4": {"translate": [0.0, 0.03, -0.852], "rotate": [0.07107, 0.0, -0.0]}, "5": {"translate": [0.0, 0.047, -1.062], "rotate": [0.08864, 0.0, -0.0]}, "6": {"translate": [0.0, 0.086, -1.435], "rotate": [0.11984, 0.0, -0.0]}, "7": {"translate": [0.0, 0.098, -1.533], "rotate": [0.1281, 0.0, -0.0]}, "8": {"translate": [0.0, 0.044, -1.026], "rotate": [0.08563, 0.0, -0.0]}, "9": {"translate": [0.0, 0.005, -0.334], "rotate": [0.0278, 0.0, -0.0]}, "10": {"translate": [0.0, -0.0, -0.0], "rotate": [0.0, 0.0, -0.0]}}}, {"name": "rightLeg", "keyframes": {"0": {"translate": [0.0, -0.0, -0.0], "rotate": [0.0, 0.0, -0.0]}, "1": {"translate": [0.0, 0.001, -0.129], "rotate": [0.01071, 0.0, -0.0]}, "2": {"translate": [0.0, 0.007, -0.415], "rotate": [0.03457, 0.0, -0.0]}, "3": {"translate": [0.0, 0.022, -0.721], "rotate": [0.06015, 0.0, -0.0]}, "4": {"translate": [0.0, 0.03, -0.852], "rotate": [0.07107, 0.0, -0.0]}, "5": {"translate": [0.0, 0.047, -1.062], "rotate": [0.08864, 0.0, -0.0]}, "6": {"translate": [0.0, 0.086, -1.435], "rotate": [0.11984, 0.0, -0.0]}, "7": {"translate": [0.0, 0.098, -1.533], "rotate": [0.1281, 0.0, -0.0]}, "8": {"translate": [0.0, 0.044, -1.026], "rotate": [0.08563, 0.0, -0.0]}, "9": {"translate": [0.0, 0.005, -0.334], "rotate": [0.0278, 0.0, -0.0]}, "10": {"translate": [0.0, -0.0, -0.0], "rotate": [0.0, 0.0, -0.0]}}}, {"name": "rightHand", "keyframes": {"0": {"translate": [0.0, -0.0, -0.0], "rotate": [0.0, 0.0, -0.0]}, "1": {"translate": [0.0, -0.0, -0.0], "rotate": [-0.0, 0.0, -0.0]}, "2": {"translate": [0.0, -0.0, 0.0], "rotate": [0.0, 0.0, -0.0]}, "3": {"translate": [0.0, 0.0, 0.0], "rotate": [-0.0, 0.0, -0.0]}, "4": {"translate": [0.0, -0.0, -0.0], "rotate": [0.0, 0.0, -0.0]}, "5": {"translate": [0.0, 0.0, 0.0], "rotate": [0.0, 0.0, -0.0]}, "6": {"translate": [0.0, -0.0, 0.0], "rotate": [0.0, 0.0, -0.0]}, "7": {"translate": [0.0, -0.0, -0.0], "rotate": [-0.0, 0.0, -0.0]}, "8": {"translate": [0.0, -0.0, 0.0], "rotate": [0.0, 0.0, -0.0]}, "9": {"translate": [0.0, 0.0, -0.0], "rotate": [-0.0, 0.0, -0.0]}, "10": {"translate": [0.0, -0.0, -0.0], "rotate": [0.0, 0.0, -0.0]}}}, {"name": "rightArm", "keyframes": {"0": {"translate": [0.0, -0.0, -0.0], "rotate": [0.0, 0.0, -0.0]}, "1": {"translate": [0.0, -0.277, -0.095], "rotate": [0.00678, 0.0, -0.0]}, "2": {"translate": [0.0, -0.443, -0.327], "rotate": [0.01936, 0.0, -0.0]}, "3": {"translate": [0.0, -0.498, -0.614], "rotate": [0.02614, 0.0, -0.0]}, "4": {"translate": [0.0, -0.279, -0.938], "rotate": [0.02517, 0.0, -0.0]}, "5": {"translate": [0.0, 0.212, -1.26], "rotate": [0.0184, 0.0, -0.0]}, "6": {"translate": [0.0, 0.714, -1.462], "rotate": [0.0, 0.0, -0.0]}, "7": {"translate": [0.0, 0.947, -1.431], "rotate": [-0.05433, 0.0, -0.0]}, "8": {"translate": [0.0, 0.694, -0.977], "rotate": [-0.09559, 0.0, -0.0]}, "9": {"translate": [0.0, 0.238, -0.33], "rotate": [-0.04779, 0.0, -0.0]}, "10": {"translate": [0.0, -0.0, -0.0], "rotate": [0.0, 0.0, -0.0]}}}, {"name": "leftHand", "keyframes": {"0": {"translate": [0.0, -0.0, -0.0], "rotate": [0.0, 0.0, -0.0]}, "1": {"translate": [-0.0, -0.0, -0.0], "rotate": [-0.0, 0.0, -0.0]}, "2": {"translate": [0.0, -0.0, 0.0], "rotate": [0.0, 0.0, -0.0]}, "3": {"translate": [0.0, 0.0, 0.0], "rotate": [-0.0, 0.0, -0.0]}, "4": {"translate": [0.0, -0.0, -0.0], "rotate": [0.0, 0.0, -0.0]}, "5": {"translate": [-0.0, 0.0, 0.0], "rotate": [0.0, 0.0, -0.0]}, "6": {"translate": [0.0, -0.0, 0.0], "rotate": [0.0, 0.0, -0.0]}, "7": {"translate": [-0.0, -0.0, -0.0], "rotate": [-0.0, 0.0, -0.0]}, "8": {"translate": [0.0, -0.0, 0.0], "rotate": [0.0, 0.0, -0.0]}, "9": {"translate": [0.0, 0.0, -0.0], "rotate": [-0.0, 0.0, -0.0]}, "10": {"translate": [0.0, -0.0, -0.0], "rotate": [0.0, 0.0, -0.0]}}}, {"name": "leftArm", "keyframes": {"0": {"translate": [0.0, -0.0, -0.0], "rotate": [0.0, 0.0, -0.0]}, "1": {"translate": [0.0, -0.277, -0.095], "rotate": [0.00678, 0.0, -0.0]}, "2": {"translate": [0.0, -0.443, -0.327], "rotate": [0.01936, 0.0, -0.0]}, "3": {"translate": [0.0, -0.498, -0.614], "rotate": [0.02614, 0.0, -0.0]}, "4": {"translate": [0.0, -0.279, -0.938], "rotate": [0.02517, 0.0, -0.0]}, "5": {"translate": [0.0, 0.212, -1.26], "rotate": [0.0184, 0.0, -0.0]}, "6": {"translate": [0.0, 0.714, -1.462], "rotate": [0.0, 0.0, -0.0]}, "7": {"translate": [0.0, 0.947, -1.431], "rotate": [-0.05433, 0.0, -0.0]}, "8": {"translate": [0.0, 0.694, -0.977], "rotate": [-0.09559, 0.0, -0.0]}, "9": {"translate": [0.0, 0.238, -0.33], "rotate": [-0.04779, 0.0, -0.0]}, "10": {"translate": [0.0, -0.0, -0.0], "rotate": [0.0, 0.0, -0.0]}}}, {"name": "head", "keyframes": {"0": {"translate": [0.0, -0.0, -0.0], "rotate": [0.0, 0.0, -0.0]}, "1": {"translate": [0.0, -0.277, -0.088], "rotate": [0.0, 0.0, -0.0]}, "2": {"translate": [0.0, -0.442, -0.307], "rotate": [0.0, 0.0, -0.0]}, "3": {"translate": [0.0, -0.498, -0.586], "rotate": [0.0, 0.0, -0.0]}, "4": {"translate": [0.0, -0.279, -0.951], "rotate": [0.0, 0.0, -0.0]}, "5": {"translate": [0.0, 0.214, -1.361], "rotate": [0.0, 0.0, -0.0]}, "6": {"translate": [0.0, 0.723, -1.653], "rotate": [0.0, 0.0, -0.0]}, "7": {"translate": [0.0, 0.96, -1.662], "rotate": [0.0, 0.0, -0.0]}, "8": {"translate": [0.0, 0.701, -1.148], "rotate": [0.0, 0.0, -0.0]}, "9": {"translate": [0.0, 0.239, -0.39], "rotate": [0.0, 0.0, -0.0]}, "10": {"translate": [0.0, -0.0, -0.0], "rotate": [0.0, 0.0, -0.0]}}}, {"name": "body", "keyframes": {"0": {"translate": [0.0, -0.0, -0.0], "rotate": [0.0, 0.0, -0.0]}, "1": {"translate": [0.0, -0.277, -0.088], "rotate": [-0.0036, 0.0, -0.0]}, "2": {"translate": [0.0, -0.442, -0.307], "rotate": [-0.01029, 0.0, -0.0]}, "3": {"translate": [0.0, -0.498, -0.586], "rotate": [-0.01389, 0.0, -0.0]}, "4": {"translate": [0.0, -0.279, -0.951], "rotate": [0.00637, 0.0, -0.0]}, "5": {"translate": [0.0, 0.214, -1.361], "rotate": [0.05094, 0.0, -0.0]}, "6": {"translate": [0.0, 0.723, -1.653], "rotate": [0.09551, 0.0, -0.0]}, "7": {"translate": [0.0, 0.96, -1.662], "rotate": [0.11577, 0.0, -0.0]}, "8": {"translate": [0.0, 0.701, -1.148], "rotate": [0.08576, 0.0, -0.0]}, "9": {"translate": [0.0, 0.239, -0.39], "rotate": [0.03001, 0.0, -0.0]}, "10": {"translate": [0.0, -0.0, -0.0], "rotate": [0.0, 0.0, -0.0]}}}, {"name": "cape", "keyframes": {"0": {"translate": [0.0, -0.0, -0.0], "rotate": [0.0, 0.0, -0.0]}, "1": {"translate": [0.0, -0.268, -0.088], "rotate": [0.0, 0.0, -0.0]}, "2": {"translate": [0.0, -0.417, -0.307], "rotate": [0.0, 0.0, -0.0]}, "3": {"translate": [0.0, -0.463, -0.586], "rotate": [0.0, 0.0, -0.0]}, "4": {"translate": [0.0, -0.295, -0.951], "rotate": [-0.0, 0.0, -0.0]}, "5": {"translate": [0.0, 0.087, -1.365], "rotate": [0.0, 0.0, -0.0]}, "6": {"translate": [0.0, 0.485, -1.664], "rotate": [-0.0, 0.0, -0.0]}, "7": {"translate": [0.0, 0.671, -1.678], "rotate": [-0.0, 0.0, -0.0]}, "8": {"translate": [0.0, 0.487, -1.158],