{"format_version": "0.2", "frame_length": 20, "parts": [{"name": "root", "keyframes": {"0": {"translate": [0.0, -0.0, -0.0], "rotate": [0.0, 0.0, -0.0]}, "1": {"translate": [0.0, -0.0, -0.0], "rotate": [0.0, 0.0, -0.0]}, "2": {"translate": [0.0, -0.0, -0.0], "rotate": [0.0, 0.0, -0.0]}, "3": {"translate": [0.0, -0.0, -0.0], "rotate": [0.0, 0.0, -0.0]}, "4": {"translate": [0.0, -0.0, -0.0], "rotate": [0.0, 0.0, -0.0]}, "5": {"translate": [0.0, -0.0, -0.0], "rotate": [0.0, 0.0, -0.0]}, "6": {"translate": [0.0, -0.0, -0.0], "rotate": [0.0, 0.0, -0.0]}, "7": {"translate": [0.0, -0.0, -0.0], "rotate": [0.0, 0.0, -0.0]}, "8": {"translate": [0.0, -0.0, -0.0], "rotate": [0.0, 0.0, -0.0]}, "9": {"translate": [0.0, -0.0, -0.0], "rotate": [0.0, 0.0, -0.0]}, "10": {"translate": [0.0, -0.0, -0.0], "rotate": [0.0, 0.0, -0.0]}, "11": {"translate": [0.0, -0.0, -0.0], "rotate": [0.0, 0.0, -0.0]}, "12": {"translate": [0.0, -0.0, -0.0], "rotate": [0.0, 0.0, -0.0]}, "13": {"translate": [0.0, -0.0, -0.0], "rotate": [0.0, 0.0, -0.0]}, "14": {"translate": [0.0, -0.0, -0.0], "rotate": [0.0, 0.0, -0.0]}, "15": {"translate": [0.0, -0.0, -0.0], "rotate": [0.0, 0.0, -0.0]}, "16": {"translate": [0.0, -0.0, -0.0], "rotate": [0.0, 0.0, -0.0]}, "17": {"translate": [0.0, -0.0, -0.0], "rotate": [0.0, 0.0, -0.0]}, "18": {"translate": [0.0, -0.0, -0.0], "rotate": [0.0, 0.0, -0.0]}, "19": {"translate": [0.0, -0.0, -0.0], "rotate": [0.0, 0.0, -0.0]}, "20": {"translate": [0.0, -0.0, -0.0], "rotate": [0.0, 0.0, -0.0]}}}, {"name": "leftLeg", "keyframes": {"0": {"translate": [0.252, -0.543, -3.344], "rotate": [-0.5905, 0.0, 0.02526]}, "1": {"translate": [0.121, 0.406, -3.377], "rotate": [-0.57598, -0.0, 0.01201]}, "2": {"translate": [0.045, 0.915, -2.834], "rotate": [-0.4888, 0.0, 0.00427]}, "3": {"translate": [0.011, 0.453, -1.511], "rotate": [-0.2793, 0.0, 0.00094]}, "4": {"translate": [-0.01, -0.464, -0.165], "rotate": [0.047, 0.0, -0.00087]}, "5": {"translate": [-0.04, -0.689, 0.9], "rotate": [0.35914, 0.0, -0.00356]}, "6": {"translate": [-0.07, -0.514, 1.818], "rotate": [0.54812, 0.0, -0.00681]}, "7": {"translate": [-0.093, -0.381, 2.353], "rotate": [0.63621, 0.0, -0.00964]}, "8": {"translate": [-0.102, -0.299, 2.744], "rotate": [0.69725, -0.0, -0.01106]}, "9": {"translate": [-0.092, -0.302, 2.93], "rotate": [0.73808, 0.0, -0.01036]}, "10": {"translate": [-0.069, -0.404, 2.878], "rotate": [0.76427, 0.0, -0.008]}, "11": {"translate": [-0.184, -0.661, 2.056], "rotate": [0.7675, 0.0, -0.02128]}, "12": {"translate": [-0.361, -1.183, 0.342], "rotate": [0.72606, -0.0, -0.04023]}, "13": {"translate": [-0.352, -2.052, -1.564], "rotate": [0.61901, 0.0, -0.03599]}, "14": {"translate": [-0.105, -3.204, -2.854], "rotate": [0.4268, -0.0, -0.00965]}, "15": {"translate": [0.222, -4.073, -3.079], "rotate": [0.17049, 0.0, 0.01876]}, "16": {"translate": [0.476, -4.114, -2.835], "rotate": [-0.0818, 0.0, 0.0398]}, "17": {"translate": [0.575, -3.475, -2.662], "rotate": [-0.29212, 0.0, 0.05002]}, "18": {"translate": [0.533, -2.56, -2.741], "rotate": [-0.44147, 0.0, 0.04912]}, "19": {"translate": [0.406, -1.549, -3.041], "rotate": [-0.54306, 0.0, 0.03954]}, "20": {"translate": [0.252, -0.543, -3.344], "rotate": [-0.5905, 0.0, 0.02526]}}}, {"name": "rightLeg", "keyframes": {"0": {"translate": [0.036, -0.11, 2.581], "rotate": [0.79912, 0.0, 0.00436]}, "1": {"translate": [0.179, -0.356, 1.75], "rotate": [0.80355, -0.0, 0.02146]}, "2": {"translate": [0.417, -0.894, 0.03], "rotate": [0.76134, -0.0, 0.04805]}, "3": {"translate": [0.471, -1.823, -1.868], "rotate": [0.65055, 0.0, 0.04933]}, "4": {"translate": [0.256, -3.087, -3.098], "rotate": [0.4493, -0.0, 0.02372]}, "5": {"translate": [-0.081, -4.063, -3.146], "rotate": [0.17615, -0.0, -0.00685]}, "6": {"translate": [-0.363, -4.104, -2.677], "rotate": [-0.09499, 0.0, -0.03037]}, "7": {"translate": [-0.486, -3.381, -2.351], "rotate": [-0.31936, 0.0, -0.0427]}, "8": {"translate": [-0.462, -2.379, -2.368], "rotate": [-0.47618, 0.0, -0.04335]}, "9": {"translate": [-0.35, -1.314, -2.654], "rotate": [-0.58122, 0.0, -0.03488]}, "10": {"translate": [-0.205, -0.282, -2.968], "rotate": [-0.62865, -0.0, -0.02113]}, "11": {"translate": [-0.083, 0.659, -3.02], "rotate": [-0.61184, 0.0, -0.00841]}, "12": {"translate": [-0.018, 1.108, -2.495], "rotate": [-0.52109, 0.0, -0.00171]}, "13": {"translate": [0.006, 0.534, -1.242], "rotate": [-0.30273, 0.0, 0.00048]}, "14": {"translate": [0.016, -0.467, -0.109], "rotate": [0.04228, 0.0, 0.0013]}, "15": {"translate": [0.035, -0.627, 0.734], "rotate": [0.37402, -0.0, 0.00312]}, "16": {"translate": [0.055, -0.356, 1.566], "rotate": [0.57294, 0.0, 0.00547]}, "17": {"translate": [0.07, -0.171, 2.081], "rotate": [0.66475, 0.0, 0.00737]}, "18": {"translate": [0.072, -0.053, 2.463], "rotate": [0.72822, 0.0, 0.00801]}, "19": {"translate": [0.059, -0.029, 2.643], "rotate": [0.77099, 0.0, 0.00686]}, "20": {"translate": [0.036, -0.11, 2.581], "rotate": [0.79912, 0.0, 0.00436]}}}, {"name": "rightHand", "keyframes": {"0": {"translate": [0.0, 0.0, -0.0], "rotate": [0.0, -0.0, -0.0]}, "1": {"translate": [0.0, -0.0, -0.0], "rotate": [-0.0, -0.0, -0.0]}, "2": {"translate": [0.0, 0.0, 0.0], "rotate": [0.0, -0.0, -0.0]}, "3": {"translate": [0.0, 0.0, 0.0], "rotate": [-0.0, 0.0, 0.0]}, "4": {"translate": [0.0, 0.0, -0.0], "rotate": [-0.0, 0.0, 0.0]}, "5": {"translate": [0.0, 0.0, 0.0], "rotate": [0.0, -0.0, 0.0]}, "6": {"translate": [-0.0, 0.0, -0.0], "rotate": [-0.0, -0.0, 0.0]}, "7": {"translate": [0.0, -0.0, -0.0], "rotate": [-0.0, -0.0, -0.0]}, "8": {"translate": [0.0, -0.0, -0.0], "rotate": [0.0, -0.0, -0.0]}, "9": {"translate": [0.0, 0.0, -0.0], "rotate": [0.0, -0.0, -0.0]}, "10": {"translate": [0.0, -0.0, -0.0], "rotate": [0.0, 0.0, -0.0]}, "11": {"translate": [0.0, -0.0, -0.0], "rotate": [-0.0, -0.0, 0.0]}, "12": {"translate": [-0.0, 0.0, -0.0], "rotate": [-0.0, 0.0, 0.0]}, "13": {"translate": [-0.0, -0.0, -0.0], "rotate": [0.0, -0.0, -0.0]}, "14": {"translate": [-0.0, 0.0, -0.0], "rotate": [0.0, 0.0, -0.0]}, "15": {"translate": [0.0, -0.0, -0.0], "rotate": [0.0, 0.0, 0.0]}, "16": {"translate": [0.0, -0.0, -0.0], "rotate": [-0.0, -0.0, -0.0]}, "17": {"translate": [0.0, 0.0, 0.0], "rotate": [0.0, 0.0, 0.0]}, "18": {"translate": [0.0, -0.0, -0.0], "rotate": [-0.0, 0.0, 0.0]}, "19": {"translate": [-0.0, 0.0, -0.0], "rotate": [-0.0, 0.0, 0.0]}, "20": {"translate": [0.0, 0.0, -0.0], "rotate": [0.0, -0.0, -0.0]}}}, {"name": "rightArm", "keyframes": {"0": {"translate": [0.612, 0.343, -3.176], "rotate": [-0.59997, -0.32165, 0.18306]}, "1": {"translate": [0.442, 0.788, -2.432], "rotate": [-0.31345, -0.27332, 0.159]}, "2": {"translate": [0.267, 1.011, -1.634], "rotate": [0.09058, -0.21404, 0.12929]}, "3": {"translate": [0.124, 0.794, -0.771], "rotate": [0.4797, -0.14865, 0.09622]}, "4": {"translate": [0.029, 0.318, 0.155], "rotate": [0.73065, -0.08198, 0.0621]}, "5": {"translate": [-0.018, -0.126, 1.021], "rotate": [0.87312, -0.01889, 0.02921]}, "6": {"translate": [-0.036, -0.398, 1.705], "rotate": [0.93683, 0.04627, 0.00922]}, "7": {"translate": [-0.056, -0.463, 2.09], "rotate": [0.95146, 0.10472, 0.00508]}, "8": {"translate": [-0.09, -0.283, 2.084], "rotate": [0.9358, 0.13007, 0.00609]}, "9": {"translate": [-0.138, 0.108, 1.706], "rotate": [0.87003, 0.10472, 0.00508]}, "10": {"translate": [-0.188, 0.636, 1.059], "rotate": [0.72601, 0.04627, 0.00922]}, "11": {"translate": [-0.214, 1.171, 0.257], "rotate": [0.47558, -0.01889, 0.02921]}, "12": {"translate": [-0.19, 1.43, -0.581], "rotate": [0.09058, -0.08198, 0.0621]}, "13": {"translate": [-0.104, 1.192, -1.449], "rotate": [-0.30932, -0.14865, 0.09622]}, "14": {"translate": [0.047, 0.655, -2.345], "rotate": [-0.59533, -0.21404, 0.12929]}, "15": {"translate": [0.246, 0.124, -3.157], "rotate": [-0.78181, -0.27332, 0.159]}, "16": {"translate": [0.459, -0.247, -3.783], "rotate": [-0.88315, -0.32165, 0.18306]}, "17": {"translate": [0.647, -0.409, -4.125], "rotate": [-0.91374, -0.3542, 0.19918]},