{"format_version": "0.2", "frame_length": 10, "parts": [{"name": "root", "keyframes": {"0": {"translate": [0.0, -0.0, -0.0], "rotate": [0.0, 0.0, -0.0]}, "1": {"translate": [0.0, -0.0, -0.0], "rotate": [0.0, 0.0, -0.0]}, "2": {"translate": [0.0, -0.0, -0.0], "rotate": [0.0, 0.0, -0.0]}, "3": {"translate": [0.0, -0.0, -0.0], "rotate": [0.0, 0.0, -0.0]}, "4": {"translate": [0.0, -0.0, -0.0], "rotate": [0.0, 0.0, -0.0]}, "5": {"translate": [0.0, -0.0, -0.0], "rotate": [0.0, 0.0, -0.0]}, "6": {"translate": [0.0, -0.0, -0.0], "rotate": [0.0, 0.0, -0.0]}, "7": {"translate": [0.0, -0.0, -0.0], "rotate": [0.0, 0.0, -0.0]}, "8": {"translate": [0.0, -0.0, -0.0], "rotate": [0.0, 0.0, -0.0]}, "9": {"translate": [0.0, -0.0, -0.0], "rotate": [0.0, 0.0, -0.0]}, "10": {"translate": [0.0, -0.0, -0.0], "rotate": [0.0, 0.0, -0.0]}}}, {"name": "leftLeg", "keyframes": {"0": {"translate": [-0.13, 1.012, -3.62], "rotate": [-0.68404, -0.005, -0.00993]}, "1": {"translate": [-0.075, 2.872, -1.991], "rotate": [-0.39248, -0.00168, -0.00608]}, "2": {"translate": [0.065, 5.567, -0.739], "rotate": [0.10819, -0.00051, 0.00539]}, "3": {"translate": [0.128, 3.712, -0.421], "rotate": [0.5381, -0.0055, 0.00914]}, "4": {"translate": [0.127, 1.886, -0.331], "rotate": [0.8799, -0.00808, 0.00678]}, "5": {"translate": [0.099, 0.884, -0.062], "rotate": [0.96609, -0.00674, 0.00474]}, "6": {"translate": [0.079, 0.33, 0.164], "rotate": [1.02316, -0.00558, 0.00346]}, "7": {"translate": [0.062, -0.024, 0.33], "rotate": [1.05562, -0.00448, 0.00256]}, "8": {"translate": [0.051, -0.218, 0.425], "rotate": [1.07128, -0.00376, 0.00206]}, "9": {"translate": [0.047, -0.299, 0.464], "rotate": [1.07652, -0.00342, 0.00185]}, "10": {"translate": [0.046, -0.314, 0.471], "rotate": [1.07705, -0.00334, 0.0018]}}}, {"name": "rightLeg", "keyframes": {"0": {"translate": [0.107, -1.233, 1.02], "rotate": [0.98779, -0.00787, 0.00424]}, "1": {"translate": [0.051, 0.587, -1.779], "rotate": [0.93738, -0.00339, 0.00258]}, "2": {"translate": [-0.023, 1.675, -5.262], "rotate": [0.73631, 0.00115, -0.00152]}, "3": {"translate": [-0.092, 0.428, -5.961], "rotate": [0.40709, 0.00293, -0.00713]}, "4": {"translate": [-0.18, -0.129, -5.51], "rotate": [0.04642, 0.00169, -0.01492]}, "5": {"translate": [-0.068, 0.21, -4.648], "rotate": [-0.26063, -0.00071, -0.00565]}, "6": {"translate": [0.077, 0.756, -4.025], "rotate": [-0.46724, 0.00185, 0.00627]}, "7": {"translate": [0.142, 1.041, -3.878], "rotate": [-0.5801, 0.00456, 0.01118]}, "8": {"translate": [0.155, 1.111, -3.771], "rotate": [-0.64456, 0.00564, 0.01196]}, "9": {"translate": [0.142, 1.059, -3.67], "rotate": [-0.67572, 0.00539, 0.01082]}, "10": {"translate": [0.13, 1.012, -3.62], "rotate": [-0.68404, 0.005, 0.00993]}}}, {"name": "rightHand", "keyframes": {"0": {"translate": [0.0, -0.0, -0.0], "rotate": [-0.0, -0.0, 0.0]}, "1": {"translate": [0.0, -0.0, -0.0], "rotate": [0.0, -0.0, -0.0]}, "2": {"translate": [0.0, -0.0, -0.0], "rotate": [-0.0, 0.0, 0.0]}, "3": {"translate": [-0.0, -0.0, 0.0], "rotate": [-0.0, 0.0, -0.0]}, "4": {"translate": [0.0, -0.0, 0.0], "rotate": [-0.0, 0.0, 0.0]}, "5": {"translate": [0.0, 0.0, -0.0], "rotate": [-0.0, 0.0, -0.0]}, "6": {"translate": [-0.0, -0.0, -0.0], "rotate": [-0.0, -0.0, 0.0]}, "7": {"translate": [-0.0, 0.0, -0.0], "rotate": [0.0, -0.0, 0.0]}, "8": {"translate": [0.0, 0.0, -0.0], "rotate": [0.0, 0.0, 0.0]}, "9": {"translate": [0.0, -0.0, 0.0], "rotate": [0.0, -0.0, 0.0]}, "10": {"translate": [0.0, -0.0, 0.0], "rotate": [-0.0, -0.0, -0.0]}}}, {"name": "rightArm", "keyframes": {"0": {"translate": [0.426, 0.084, -6.81], "rotate": [-1.0011, -0.29411, 0.26333]}, "1": {"translate": [0.225, 3.061, -6.578], "rotate": [-0.7322, -0.24221, 0.2559]}, "2": {"translate": [-0.196, 5.971, -5.439], "rotate": [-0.12774, -0.12438, 0.23918]}, "3": {"translate": [-0.366, 4.803, -3.668], "rotate": [0.50892, 0.00253, 0.22156]}, "4": {"translate": [-0.362, 2.844, -2.329], "rotate": [0.87444, 0.08169, 0.21142]}, "5": {"translate": [-0.295, 1.275, -1.526], "rotate": [0.98298, 0.11232, 0.20838]}, "6": {"translate": [-0.241, 0.438, -0.921], "rotate": [1.05574, 0.13284, 0.20635]}, "7": {"translate": [-0.193, -0.088, -0.498], "rotate": [1.09987, 0.14529, 0.20511]}, "8": {"translate": [-0.162, -0.377, -0.229], "rotate": [1.12253, 0.15169, 0.20448]}, "9": {"translate": [-0.148, -0.499, -0.088], "rotate": [1.13088, 0.15404, 0.20425]}, "10": {"translate": [-0.145, -0.524, -0.046], "rotate": [1.13207, 0.15438, 0.20421]}}}, {"name": "leftHand", "keyframes": {"0": {"translate": [0.0, 0.0, -0.0], "rotate": [-0.0, 0.0, 0.0]}, "1": {"translate": [-0.0, 0.0, -0.0], "rotate": [0.0, -0.0, -0.0]}, "2": {"translate": [-0.0, -0.0, 0.0], "rotate": [-0.0, -0.0, 0.0]}, "3": {"translate": [-0.0, 0.0, -0.0], "rotate": [-0.0, -0.0, -0.0]}, "4": {"translate": [0.0, 0.0, 0.0], "rotate": [-0.0, -0.0, 0.0]}, "5": {"translate": [-0.0, 0.0, -0.0], "rotate": [-0.0, 0.0, 0.0]}, "6": {"translate": [0.0, 0.0, 0.0], "rotate": [0.0, -0.0, -0.0]}, "7": {"translate": [0.0, -0.0, -0.0], "rotate": [0.0, -0.0, -0.0]}, "8": {"translate": [-0.0, 0.0, 0.0], "rotate": [0.0, -0.0, 0.0]}, "9": {"translate": [-0.0, 0.0, -0.0], "rotate": [0.0, -0.0, -0.0]}, "10": {"translate": [-0.0, 0.0, -0.0], "rotate": [-0.0, 0.0, -0.0]}}}, {"name": "leftArm", "keyframes": {"0": {"translate": [0.145, -0.524, -0.047], "rotate": [1.13207, -0.15437, -0.20422]}, "1": {"translate": [0.103, 2.361, -1.667], "rotate": [0.85154, -0.10322, -0.20987]}, "2": {"translate": [-0.213, 5.324, -4.131], "rotate": [0.22623, 0.01248, -0.22291]}, "3": {"translate": [-0.389, 4.53, -5.578], "rotate": [-0.41942, 0.13607, -0.23748]}, "4": {"translate": [-0.423, 2.928, -6.25], "rotate": [-0.76099, 0.21091, -0.24773]}, "5": {"translate": [-0.415, 1.583, -6.422], "rotate": [-0.8353, 0.239, -0.25314]}, "6": {"translate": [-0.427, 0.881, -6.593], "rotate": [-0.89559, 0.26055, -0.25722]}, "7": {"translate": [-0.428, 0.443, -6.705], "rotate": [-0.94209, 0.27619, -0.26013]}, "8": {"translate": [-0.427, 0.204, -6.77], "rotate": [-0.97502, 0.28657, -0.26201]}, "9": {"translate": [-0.427, 0.104, -6.802], "rotate": [-0.99462, 0.29233, -0.26303]}, "10": {"translate": [-0.426, 0.084, -6.81], "rotate": [-1.0011, 0.29411, -0.26334]}}}, {"name": "head", "keyframes": {"0": {"translate": [0.381, 0.123, -4.255], "rotate": [0.0, 0.0, -0.0]}, "1": {"translate": [0.218, 3.132, -5.213], "rotate": [0.0, 0.0, -0.0]}, "2": {"translate": [-0.273, 6.181, -6.133], "rotate": [0.0, 0.0, -0.0]}, "3": {"translate": [-0.503, 5.166, -5.904], "rotate": [0.0, 0.0, -0.0]}, "4": {"translate": [-0.524, 3.324, -5.395], "rotate": [0.0, 0.0, -0.0]}, "5": {"translate": [-0.473, 1.823, -4.912], "rotate": [0.0, 0.0, -0.0]}, "6": {"translate": [-0.445, 1.032, -4.612], "rotate": [0.0, 0.0, -0.0]}, "7": {"translate": [-0.415, 0.535, -4.419], "rotate": [0.0, 0.0, -0.0]}, "8": {"translate": [-0.393, 0.263, -4.312], "rotate": [0.0, 0.0, -0.0]}, "9": {"translate": [-0.383, 0.147, -4.265], "rotate": [0.0, 0.0, -0.0]}, "10": {"translate": [-0.381, 0.123, -4.255], "rotate": [0.0, 0.0, -0.0]}}}, {"name": "body", "keyframes": {"0": {"translate": [0.381, 0.123, -4.255], "rotate": [0.24753, -0.23766, -0.01042]}, "1": {"translate": [0.218, 3.132, -5.213], "rotate": [0.37941, -0.15335, -0.03149]}, "2": {"translate": [-0.273, 6.181, -6.133], "rotate": [0.51129, -0.02393, -0.05257]}, "3": {"translate": [-0.503, 5.166, -5.904], "rotate": [0.47485, 0.05231, -0.04387]}, "4": {"translate": [-0.524, 3.324, -5.395], "rotate": [0.39834, 0.10815, -0.0256]}, "5": {"translate": [-0.473, 1.823, -4.912], "rotate": [0.33099, 0.15489, -0.00951]}, "6": {"translate": [-0.445, 1.032, -4.612], "rotate": [0.29263, 0.19293, -0.00035]}, "7": {"translate": [-0.415, 0.535, -4.419], "rotate": [0.26822, 0.21714, 0.00547]}, "8": {"translate": [-0.393, 0.263, -4.312], "rotate": [0.25465, 0.2306, 0.00872]}, "9": {"translate": [-0.383, 0.147, -4.265], "rotate": [0.24879, 0.23642, 0.01012]}, "10": {"translate": [-0.381, 0.123, -4.255],