{"frame_length": 20, "parts": [{"name": "leftLeg", "keyframes": {"0": {"x": 0.107, "y": 0.71, "z": -2.904, "xRot": -0.34408, "yRot": 0.0, "zRot": -0.03382}, "1": {"x": 0.303, "y": 0.371, "z": -2.26, "xRot": -0.24873, "yRot": -0.0, "zRot": -0.01599}, "2": {"x": 0.493, "y": 0.115, "z": -1.776, "xRot": -0.13844, "yRot": -0.0, "zRot": 0.00038}, "3": {"x": 0.663, "y": 0.003, "z": -1.436, "xRot": -0.01686, "yRot": -0.0, "zRot": 0.01456}, "4": {"x": 0.786, "y": 0.07, "z": -1.127, "xRot": 0.10518, "yRot": -0.0, "zRot": 0.0249}, "5": {"x": 0.831, "y": 0.291, "z": -0.754, "xRot": 0.21864, "yRot": -0.0, "zRot": 0.0292}, "6": {"x": 0.79, "y": 0.612, "z": -0.294, "xRot": 0.31973, "yRot": -0.0, "zRot": 0.02642}, "7": {"x": 0.683, "y": 0.987, "z": 0.225, "xRot": 0.40796, "yRot": -0.0, "zRot": 0.01761}, "8": {"x": 0.533, "y": 1.262, "z": 0.677, "xRot": 0.48342, "yRot": 0.0, "zRot": 0.00414}, "9": {"x": 0.351, "y": 1.362, "z": 0.868, "xRot": 0.54654, "yRot": 0.0, "zRot": -0.01346}, "10": {"x": 0.139, "y": 1.324, "z": 0.728, "xRot": 0.59119, "yRot": 0.0, "zRot": -0.03508}, "11": {"x": -0.134, "y": 1.211, "z": 0.152, "xRot": 0.63923, "yRot": -0.0, "zRot": -0.06475}, "12": {"x": -0.503, "y": 1.089, "z": -0.985, "xRot": 0.68128, "yRot": 0.0, "zRot": -0.10661}, "13": {"x": -0.898, "y": 0.658, "z": -2.778, "xRot": 0.6634, "yRot": -0.0, "zRot": -0.14717}, "14": {"x": -1.185, "y": -0.269, "z": -4.799, "xRot": 0.56631, "yRot": 0.0, "zRot": -0.16606}, "15": {"x": -1.241, "y": -1.446, "z": -6.134, "xRot": 0.37259, "yRot": 0.0, "zRot": -0.15543}, "16": {"x": -0.995, "y": -2.083, "z": -6.073, "xRot": 0.09946, "yRot": -0.0, "zRot": -0.12456}, "17": {"x": -0.607, "y": -1.616, "z": -5.309, "xRot": -0.16434, "yRot": -0.0, "zRot": -0.0927}, "18": {"x": -0.284, "y": -0.562, "z": -4.619, "xRot": -0.35524, "yRot": 0.0, "zRot": -0.06875}, "19": {"x": -0.069, "y": 0.458, "z": -3.833, "xRot": -0.40958, "yRot": -0.0, "zRot": -0.05065}, "20": {"x": 0.107, "y": 0.71, "z": -2.904, "xRot": -0.34408, "yRot": 0.0, "zRot": -0.03382}}}, {"name": "rightLeg", "keyframes": {"0": {"x": -0.029, "y": 1.318, "z": 0.727, "xRot": 0.59125, "yRot": -0.0, "zRot": -0.0029}, "1": {"x": 0.243, "y": 1.208, "z": 0.133, "xRot": 0.6412, "yRot": -0.0, "zRot": 0.02523}, "2": {"x": 0.623, "y": 1.104, "z": -1.042, "xRot": 0.68741, "yRot": 0.0, "zRot": 0.06723}, "3": {"x": 1.021, "y": 0.694, "z": -2.883, "xRot": 0.67453, "yRot": -0.0, "zRot": 0.10914}, "4": {"x": 1.293, "y": -0.223, "z": -4.956, "xRot": 0.5819, "yRot": -0.0, "zRot": 0.12933}, "5": {"x": 1.318, "y": -1.425, "z": -6.327, "xRot": 0.38985, "yRot": -0.0, "zRot": 0.11907}, "6": {"x": 1.048, "y": -2.112, "z": -6.237, "xRot": 0.11314, "yRot": -0.0, "zRot": 0.08798}, "7": {"x": 0.665, "y": -1.663, "z": -5.4, "xRot": -0.15667, "yRot": 0.0, "zRot": 0.05611}, "8": {"x": 0.365, "y": -0.596, "z": -4.654, "xRot": -0.35208, "yRot": -0.0, "zRot": 0.03241}, "9": {"x": 0.167, "y": 0.441, "z": -3.842, "xRot": -0.40873, "yRot": 0.0, "zRot": 0.01514}, "10": {"x": -0.017, "y": 0.703, "z": -2.906, "xRot": -0.34395, "yRot": -0.0, "zRot": -0.00148}, "11": {"x": -0.235, "y": 0.371, "z": -2.263, "xRot": -0.24844, "yRot": -0.0, "zRot": -0.02022}, "12": {"x": -0.439, "y": 0.122, "z": -1.779, "xRot": -0.13814, "yRot": -0.0, "zRot": -0.03697}, "13": {"x": -0.61, "y": 0.017, "z": -1.438, "xRot": -0.01671, "yRot": -0.0, "zRot": -0.05084}, "14": {"x": -0.723, "y": 0.088, "z": -1.126, "xRot": 0.10507, "yRot": -0.0, "zRot": -0.06065}, "15": {"x": -0.753, "y": 0.309, "z": -0.75, "xRot": 0.21828, "yRot": -0.0, "zRot": -0.06435}, "16": {"x": -0.695, "y": 0.627, "z": -0.288, "xRot": 0.3192, "yRot": 0.0, "zRot": -0.06107}, "17": {"x": -0.572, "y": 0.997, "z": 0.231, "xRot": 0.4074, "yRot": -0.0, "zRot": -0.05198}, "18": {"x": -0.412, "y": 1.267, "z": 0.681, "xRot": 0.48296, "yRot": -0.0, "zRot": -0.03879}, "19": {"x": -0.23, "y": 1.362, "z": 0.871, "xRot": 0.54627, "yRot": -0.0, "zRot": -0.02248}, "20": {"x": -0.029, "y": 1.318, "z": 0.727, "xRot": 0.59125, "yRot": -0.0, "zRot": -0.0029}}}, {"name": "body", "keyframes": {"0": {"x": -0.484, "y": 1.735, "z": -5.588, "xRot": 0.4444, "yRot": -0.15791, "zRot": -0.13954}, "1": {"x": -0.044, "y": 2.322, "z": -5.965, "xRot": 0.5009, "yRot": -0.18813, "zRot": -0.14796}, "2": {"x": 0.528, "y": 2.925, "z": -6.657, "xRot": 0.60582, "yRot": -0.19926, "zRot": -0.13954}, "3": {"x": 0.952, "y": 3.097, "z": -7.024, "xRot": 0.66232, "yRot": -0.18813, "zRot": -0.1167}, "4": {"x": 1.155, "y": 2.841, "z": -6.974, "xRot": 0.65025, "yRot": -0.15791, "zRot": -0.08303}, "5": {"x": 1.23, "y": 2.435, "z": -6.804, "xRot": 0.61912, "yRot": -0.11338, "zRot": -0.04215}, "6": {"x": 1.198, "y": 1.977, "z": -6.545, "xRot": 0.57655, "yRot": -0.0593, "zRot": 0.00234}, "7": {"x": 1.098, "y": 1.573, "z": -6.237, "xRot": 0.53017, "yRot": -0.00045, "zRot": 0.04683}, "8": {"x": 0.951, "y": 1.321, "z": -5.933, "xRot": 0.48761, "yRot": 0.0584, "zRot": 0.08771}, "9": {"x": 0.756, "y": 1.386, "z": -5.695, "xRot": 0.45647, "yRot": 0.11247, "zRot": 0.12138}, "10": {"x": 0.491, "y": 1.738, "z": -5.588, "xRot": 0.4444, "yRot": 0.15701, "zRot": 0.14423}, "11": {"x": 0.051, "y": 2.324, "z": -5.966, "xRot": 0.5009, "yRot": 0.18723, "zRot": 0.15264}, "12": {"x": -0.523, "y": 2.926, "z": -6.658, "xRot": 0.60582, "yRot": 0.19836, "zRot": 0.14423}, "13": {"x": -0.947, "y": 3.097, "z": -7.025, "xRot": 0.66232, "yRot": 0.18723, "zRot": 0.12138}, "14": {"x": -1.15, "y": 2.84, "z": -6.975, "xRot": 0.65025, "yRot": 0.15701, "zRot": 0.08771}, "15": {"x": -1.224, "y": 2.434, "z": -6.805, "xRot": 0.61912, "yRot": 0.11247, "zRot": 0.04683}, "16": {"x": -1.192, "y": 1.976, "z": -6.545, "xRot": 0.57655, "yRot": 0.0584, "zRot": 0.00234}, "17": {"x": -1.091, "y": 1.571, "z": -6.237, "xRot": 0.53017, "yRot": -0.00045, "zRot": -0.04215}, "18": {"x": -0.944, "y": 1.319, "z": -5.933, "xRot": 0.48761, "yRot": -0.0593, "zRot": -0.08303}, "19": {"x": -0.749, "y": 1.383, "z": -5.695, "xRot": 0.45647, "yRot": -0.11338, "zRot": -0.1167}, "20": {"x": -0.484, "y": 1.735, "z": -5.588, "xRot": 0.4444, "yRot": -0.15791, "zRot": -0.13954}}}, {"name": "cloak", "keyframes": {"0": {"x": -0.985, "y": 0.72, "z": -5.859, "xRot": 0.60903, "yRot": 0.03264, "zRot": 0.1242}, "1": {"x": -0.627, "y": 1.195, "z": -6.311, "xRot": 0.63641, "yRot": 0.03264, "zRot": 0.10137}, "2": {"x": -0.073, "y": 1.572, "z": -7.142, "xRot": 0.69666, "yRot": 0.03264, "zRot": 0.06772}, "3": {"x": 0.407, "y": 1.613, "z": -7.588, "xRot": 0.7569, "yRot": 0.03264, "zRot": 0.02685}, "4": {"x": 0.717, "y": 1.359, "z": -7.509, "xRot": 0.78429, "yRot": 0.03264, "zRot": -0.01762}, "5": {"x": 0.938, "y": 0.995, "z": -7.281, "xRot": 0.77131, "yRot": 0.03264, "zRot": -0.06209}, "6": {"x": 1.077, "y": 0.614, "z": -6.953, "xRot": 0.73885, "yRot": 0.03264, "zRot": -0.10295}, "7": {"x": 1.156, "y": 0.31, "z": -6.58, "xRot": 0.69666, "yRot": 0.03264, "zRot": -0.1366}, "8": {"x": 1.182, "y": 0.165, "z": -6.228, "xRot": 0.65447, "yRot": 0.03264, "zRot": -0.15944}, "9": {"x": 1.14, "y": 0.323, "z": -5.966, "xRot": 0.62201, "yRot": 0.03264, "zRot": -0.16785}, "10": {"x": 0.995, "y": 0.725, "z": -5.859, "xRot": 0.60903, "yRot": 0.03264, "zRot": -0.15944}, "11": {"x": 0.637, "y": 1.199, "z": -6.311, "xRot": 0.63641, "yRot": 0.03264, "zRot": -0.1366}, "12": {"x": 0.083, "y": 1.575, "z": -7.143, "xRot": 0.69666, "yRot": 0.03264, "zRot": -0.10295}, "13": {"x": -0.397, "y": 1.615, "z": -7.588, "xRot": 0.7569, "yRot": 0.03264, "zRot": -0.06209}, "14": {"x": -0.707, "y": 1.36, "z": -7.51, "xRot": 0.78429, "yRot": 0.03264, "zRot": -0.01762}, "15": {"x": -0.928, "y": 0.995, "z": -7.282, "xRot": 0.77131, "yRot": 0.03264, "zRot": 0.02685}, "16": {"x": -1.066, "y": 0.614, "z": -6.953, "xRot": 0.73885, "yRot": 0.03264, "zRot": 0.06772}, "17": {"x": -1.145, "y": 0.308, "z": -6.58, "xRot": 0.69666, "yRot": 0.03264, "zRot": 0.10137}, "18": {"x": -1.172, "y": 0.162, "z": -6.228, "xRot": 0.65447, "yRot": 0.03264, "zRot": 0.1242}, "19": {"x": -1.129, "y": 0.318, "z": -5.965, "xRot": 0.62201,