{"format_version": "0.2", "frame_length": 20, "parts": [{"name": "root", "keyframes": {"0": {"translate": [0.0, -0.0, -0.0], "rotate": [0.0, 0.0, -0.0]}, "1": {"translate": [0.0, -0.0, -0.0], "rotate": [0.0, 0.0, -0.0]}, "2": {"translate": [0.0, -0.0, -0.0], "rotate": [0.0, 0.0, -0.0]}, "3": {"translate": [0.0, -0.0, -0.0], "rotate": [0.0, 0.0, -0.0]}, "4": {"translate": [0.0, -0.0, -0.0], "rotate": [0.0, 0.0, -0.0]}, "5": {"translate": [0.0, -0.0, -0.0], "rotate": [0.0, 0.0, -0.0]}, "6": {"translate": [0.0, -0.0, -0.0], "rotate": [0.0, 0.0, -0.0]}, "7": {"translate": [0.0, -0.0, -0.0], "rotate": [0.0, 0.0, -0.0]}, "8": {"translate": [0.0, -0.0, -0.0], "rotate": [0.0, 0.0, -0.0]}, "9": {"translate": [0.0, -0.0, -0.0], "rotate": [0.0, 0.0, -0.0]}, "10": {"translate": [0.0, -0.0, -0.0], "rotate": [0.0, 0.0, -0.0]}, "11": {"translate": [0.0, -0.0, -0.0], "rotate": [0.0, 0.0, -0.0]}, "12": {"translate": [0.0, -0.0, -0.0], "rotate": [0.0, 0.0, -0.0]}, "13": {"translate": [0.0, -0.0, -0.0], "rotate": [0.0, 0.0, -0.0]}, "14": {"translate": [0.0, -0.0, -0.0], "rotate": [0.0, 0.0, -0.0]}, "15": {"translate": [0.0, -0.0, -0.0], "rotate": [0.0, 0.0, -0.0]}, "16": {"translate": [0.0, -0.0, -0.0], "rotate": [0.0, 0.0, -0.0]}, "17": {"translate": [0.0, -0.0, -0.0], "rotate": [0.0, 0.0, -0.0]}, "18": {"translate": [0.0, -0.0, -0.0], "rotate": [0.0, 0.0, -0.0]}, "19": {"translate": [0.0, -0.0, -0.0], "rotate": [0.0, 0.0, -0.0]}, "20": {"translate": [0.0, -0.0, -0.0], "rotate": [0.0, 0.0, -0.0]}}}, {"name": "leftLeg", "keyframes": {"0": {"translate": [-0.021, -0.007, -1.391], "rotate": [-0.49643, 0.0, -0.00201]}, "1": {"translate": [-0.018, 0.553, -1.418], "rotate": [-0.48661, 0.0, -0.00168]}, "2": {"translate": [-0.015, 0.754, -1.185], "rotate": [-0.41616, 0.0, -0.00136]}, "3": {"translate": [-0.015, 0.328, -0.658], "rotate": [-0.24129, 0.0, -0.00129]}, "4": {"translate": [-0.018, -0.144, -0.095], "rotate": [0.01321, -0.0, -0.00152]}, "5": {"translate": [-0.023, -0.11, 0.48], "rotate": [0.23806, 0.0, -0.00196]}, "6": {"translate": [-0.027, 0.011, 0.952], "rotate": [0.37443, -0.0, -0.00238]}, "7": {"translate": [-0.027, -0.05, 1.15], "rotate": [0.44464, 0.0, -0.00246]}, "8": {"translate": [-0.022, -0.21, 1.215], "rotate": [0.50084, 0.0, -0.0021]}, "9": {"translate": [-0.014, -0.488, 1.103], "rotate": [0.54832, -0.0, -0.00132]}, "10": {"translate": [-0.002, -0.889, 0.78], "rotate": [0.59239, 0.0, -0.00017]}, "11": {"translate": [-0.062, -1.218, -0.156], "rotate": [0.63218, -0.0, -0.00642]}, "12": {"translate": [-0.109, -1.514, -1.632], "rotate": [0.63682, 0.0, -0.01125]}, "13": {"translate": [0.005, -2.038, -3.02], "rotate": [0.57465, 0.0, 0.00048]}, "14": {"translate": [0.235, -2.82, -3.819], "rotate": [0.43548, 0.0, 0.02161]}, "15": {"translate": [0.424, -3.523, -3.678], "rotate": [0.23121, 0.0, 0.03634]}, "16": {"translate": [0.466, -3.645, -2.927], "rotate": [0.00766, 0.0, 0.03888]}, "17": {"translate": [0.351, -3.084, -2.058], "rotate": [-0.19808, -0.0, 0.0298]}, "18": {"translate": [0.167, -2.083, -1.473], "rotate": [-0.35316, 0.0, 0.01483]}, "19": {"translate": [0.025, -0.913, -1.306], "rotate": [-0.45395, 0.0, 0.00228]}, "20": {"translate": [-0.021, -0.007, -1.391], "rotate": [-0.49643, 0.0, -0.00201]}}}, {"name": "rightLeg", "keyframes": {"0": {"translate": [0.003, -0.888, 0.779], "rotate": [0.59258, -0.0, 0.00027]}, "1": {"translate": [0.064, -1.217, -0.158], "rotate": [0.63236, 0.0, 0.00658]}, "2": {"translate": [0.111, -1.512, -1.633], "rotate": [0.63701, 0.0, 0.01153]}, "3": {"translate": [-0.001, -2.037, -3.022], "rotate": [0.57485, 0.0, -0.0001]}, "4": {"translate": [-0.231, -2.819, -3.822], "rotate": [0.43571, 0.0, -0.02122]}, "5": {"translate": [-0.42, -3.522, -3.681], "rotate": [0.23145, 0.0, -0.036]}, "6": {"translate": [-0.463, -3.645, -2.93], "rotate": [0.00788, 0.0, -0.03862]}, "7": {"translate": [-0.349, -3.085, -2.06], "rotate": [-0.19791, -0.0, -0.02963]}, "8": {"translate": [-0.166, -2.084, -1.474], "rotate": [-0.35303, 0.0, -0.01474]}, "9": {"translate": [-0.024, -0.914, -1.307], "rotate": [-0.45385, 0.0, -0.00225]}, "10": {"translate": [0.021, -0.007, -1.392], "rotate": [-0.49635, 0.0, 0.00202]}, "11": {"translate": [0.018, 0.552, -1.419], "rotate": [-0.48652, 0.0, 0.0017]}, "12": {"translate": [0.015, 0.753, -1.186], "rotate": [-0.41606, 0.0, 0.0014]}, "13": {"translate": [0.016, 0.327, -0.66], "rotate": [-0.24116, 0.0, 0.00134]}, "14": {"translate": [0.019, -0.144, -0.097], "rotate": [0.01336, 0.0, 0.00158]}, "15": {"translate": [0.024, -0.109, 0.478], "rotate": [0.23822, 0.0, 0.00203]}, "16": {"translate": [0.027, 0.012, 0.95], "rotate": [0.3746, 0.0, 0.00246]}, "17": {"translate": [0.028, -0.049, 1.148], "rotate": [0.44481, 0.0, 0.00255]}, "18": {"translate": [0.023, -0.209, 1.213], "rotate": [0.50101, 0.0, 0.0022]}, "19": {"translate": [0.015, -0.487, 1.102], "rotate": [0.5485, -0.0, 0.00142]}, "20": {"translate": [0.003, -0.888, 0.779], "rotate": [0.59258, -0.0, 0.00027]}}}, {"name": "rightHand", "keyframes": {"0": {"translate": [0.0, -0.0, -0.0], "rotate": [-0.0, -0.0, -0.0]}, "1": {"translate": [0.0, -0.0, 0.0], "rotate": [-0.0, -0.0, -0.0]}, "2": {"translate": [-0.0, -0.0, 0.0], "rotate": [0.0, 0.0, -0.0]}, "3": {"translate": [0.0, -0.0, 0.0], "rotate": [-0.0, -0.0, -0.0]}, "4": {"translate": [-0.0, 0.0, -0.0], "rotate": [-0.0, 0.0, -0.0]}, "5": {"translate": [-0.0, 0.0, -0.0], "rotate": [0.0, -0.0, 0.0]}, "6": {"translate": [0.0, -0.0, -0.0], "rotate": [-0.0, -0.0, -0.0]}, "7": {"translate": [-0.0, 0.0, -0.0], "rotate": [0.0, -0.0, 0.0]}, "8": {"translate": [0.0, -0.0, -0.0], "rotate": [0.0, -0.0, 0.0]}, "9": {"translate": [-0.0, -0.0, -0.0], "rotate": [-0.0, 0.0, -0.0]}, "10": {"translate": [0.0, 0.0, -0.0], "rotate": [-0.0, -0.0, 0.0]}, "11": {"translate": [-0.0, -0.0, -0.0], "rotate": [-0.0, -0.0, -0.0]}, "12": {"translate": [0.0, -0.0, -0.0], "rotate": [-0.0, -0.0, 0.0]}, "13": {"translate": [0.0, -0.0, 0.0], "rotate": [-0.0, 0.0, -0.0]}, "14": {"translate": [0.0, -0.0, -0.0], "rotate": [0.0, 0.0, 0.0]}, "15": {"translate": [-0.0, 0.0, 0.0], "rotate": [0.0, 0.0, 0.0]}, "16": {"translate": [0.0, -0.0, 0.0], "rotate": [-0.0, -0.0, -0.0]}, "17": {"translate": [-0.0, -0.0, -0.0], "rotate": [-0.0, -0.0, -0.0]}, "18": {"translate": [0.0, -0.0, 0.0], "rotate": [0.0, 0.0, 0.0]}, "19": {"translate": [0.0, -0.0, 0.0], "rotate": [-0.0, -0.0, -0.0]}, "20": {"translate": [0.0, -0.0, -0.0], "rotate": [-0.0, -0.0, -0.0]}}}, {"name": "rightArm", "keyframes": {"0": {"translate": [0.165, 0.133, -1.544], "rotate": [-0.5879, -0.17566, 0.159]}, "1": {"translate": [0.146, 0.732, -0.951], "rotate": [-0.36549, -0.13766, 0.12929]}, "2": {"translate": [0.126, 1.038, -0.352], "rotate": [-0.05185, -0.09574, 0.09622]}, "3": {"translate": [0.114, 0.75, 0.279], "rotate": [0.25021, -0.05301, 0.0621]}, "4": {"translate": [0.112, 0.12, 0.96], "rotate": [0.44501, -0.01256, 0.02921]}, "5": {"translate": [0.113, -0.457, 1.595], "rotate": [0.55561, 0.0292, -0.00086]}, "6": {"translate": [0.109, -0.802, 2.088], "rotate": [0.60506, 0.06667, -0.02371]}, "7": {"translate": [0.085, -0.89, 2.344], "rotate": [0.61642, 0.08292, -0.03279]}, "8": {"translate": [0.046, -0.686, 2.29], "rotate": [0.60426, 0.06667, -0.02371]}, "9": {"translate": [0.002, -0.221, 1.96], "rotate": [0.5532, 0.0292, -0.00086]}, "10": {"translate": [-0.045, 0.431, 1.442], "rotate": [0.4414, -0.01256, 0.02921]}, "11": {"translate": [-0.085, 1.117, 0.831], "rotate": [0.247, -0.05301, 0.0621]}, "12": {"translate": [-0.111, 1.459, 0.224], "rotate": [-0.05185, -0.09574, 0.09622]}, "13": {"translate": [-0.116, 1.149, -0.399], "rotate": [-0.36229, -0.13766, 0.12929]}, "14": {"translate": [-0.097, 0.458, -1.063], "rotate": [-0.5843, -0.17566, 0.159]}, "15": {"translate": [-0.053, -0.205, -1.676], "rotate": [-0.72906, -0.20664, 0.18306]}, "16": {"translate": [0.011, -0.648, -2.151], "rotate": [-0.80773, -0.2275, 0.19918]}, "17": {"translate": [0.086, -0.836, -2.399],