{"frame_length": 10, "parts": [{"name": "leftLeg", "keyframes": {"0": {"x": 0.0, "y": -0.0, "z": -0.0, "xRot": 0.0, "yRot": -0.0, "zRot": -0.0}, "1": {"x": -0.001, "y": 0.0, "z": 0.074, "xRot": -0.00621, "yRot": -0.0, "zRot": -5e-05}, "2": {"x": -0.004, "y": 0.003, "z": 0.252, "xRot": -0.021, "yRot": -0.0, "zRot": -0.00037}, "3": {"x": -0.014, "y": -0.277, "z": 0.471, "xRot": -0.02472, "yRot": -0.02197, "zRot": -0.00337}, "4": {"x": -0.031, "y": -0.711, "z": 0.657, "xRot": -0.01044, "yRot": -0.06709, "zRot": -0.0102}, "5": {"x": -0.048, "y": -0.996, "z": 0.736, "xRot": 0.02381, "yRot": -0.12853, "zRot": -0.02289}, "6": {"x": -0.062, "y": -1.188, "z": 0.761, "xRot": 0.07412, "yRot": -0.20549, "zRot": -0.04575}, "7": {"x": -0.074, "y": -1.225, "z": 0.812, "xRot": 0.11988, "yRot": -0.27584, "zRot": -0.07341}, "8": {"x": -0.068, "y": -0.823, "z": 0.917, "xRot": 0.16012, "yRot": -0.34135, "zRot": -0.10261}, "9": {"x": -0.041, "y": -0.134, "z": 1.073, "xRot": 0.19342, "yRot": -0.40013, "zRot": -0.13024}, "10": {"x": -0.024, "y": 0.23, "z": 1.16, "xRot": 0.2069, "yRot": -0.42555, "zRot": -0.14247}}}, {"name": "rightLeg", "keyframes": {"0": {"x": 0.0, "y": -0.0, "z": -0.0, "xRot": 0.0, "yRot": -0.0, "zRot": -0.0}, "1": {"x": -0.0, "y": 0.0, "z": 0.0, "xRot": -0.00373, "yRot": -0.0, "zRot": -1e-05}, "2": {"x": 0.001, "y": 0.001, "z": -0.024, "xRot": -0.01177, "yRot": -0.0, "zRot": 0.00012}, "3": {"x": 0.01, "y": 0.002, "z": -0.112, "xRot": -0.01929, "yRot": -0.0, "zRot": 0.00085}, "4": {"x": 0.034, "y": 0.003, "z": -0.289, "xRot": -0.02258, "yRot": -0.0, "zRot": 0.00281}, "5": {"x": 0.076, "y": 0.003, "z": -0.56, "xRot": -0.01965, "yRot": 0.0, "zRot": 0.00636}, "6": {"x": 0.143, "y": 0.002, "z": -0.856, "xRot": -0.01462, "yRot": -0.0, "zRot": 0.01193}, "7": {"x": 0.236, "y": 0.003, "z": -1.111, "xRot": -0.01138, "yRot": 0.0, "zRot": 0.01964}, "8": {"x": 0.339, "y": 0.005, "z": -1.314, "xRot": -0.00937, "yRot": -0.0, "zRot": 0.02824}, "9": {"x": 0.426, "y": 0.008, "z": -1.445, "xRot": -0.00848, "yRot": -0.0, "zRot": 0.0355}, "10": {"x": 0.462, "y": 0.009, "z": -1.492, "xRot": -0.00833, "yRot": -0.0, "zRot": 0.03853}}}, {"name": "body", "keyframes": {"0": {"x": 0.0, "y": -0.0, "z": -0.0, "xRot": 0.0, "yRot": -0.0, "zRot": -0.0}, "1": {"x": 0.002, "y": 0.022, "z": -0.112, "xRot": 0.01691, "yRot": -0.00732, "zRot": 7e-05}, "2": {"x": 0.015, "y": 0.096, "z": -0.397, "xRot": 0.06014, "yRot": -0.02603, "zRot": 0.00026}, "3": {"x": 0.054, "y": 0.233, "z": -0.78, "xRot": 0.1184, "yRot": -0.05125, "zRot": 0.00051}, "4": {"x": 0.121, "y": 0.433, "z": -1.184, "xRot": 0.18042, "yRot": -0.0781, "zRot": 0.00078}, "5": {"x": 0.202, "y": 0.676, "z": -1.532, "xRot": 0.23492, "yRot": -0.10169, "zRot": 0.00102}, "6": {"x": 0.308, "y": 1.019, "z": -1.875, "xRot": 0.28942, "yRot": -0.12528, "zRot": 0.00125}, "7": {"x": 0.459, "y": 1.485, "z": -2.255, "xRot": 0.35144, "yRot": -0.15213, "zRot": 0.00152}, "8": {"x": 0.624, "y": 1.972, "z": -2.597, "xRot": 0.4097, "yRot": -0.17735, "zRot": 0.00177}, "9": {"x": 0.76, "y": 2.36, "z": -2.841, "xRot": 0.45292, "yRot": -0.19606, "zRot": 0.00196}, "10": {"x": 0.816, "y": 2.518, "z": -2.934, "xRot": 0.46984, "yRot": -0.20338, "zRot": 0.00203}}}, {"name": "cloak", "keyframes": {"0": {"x": 0.0, "y": -0.0, "z": -0.0, "xRot": 0.0, "yRot": -0.0, "zRot": -0.0}, "1": {"x": -0.017, "y": -0.02, "z": -0.112, "xRot": 0.0167, "yRot": -0.0085, "zRot": -0.00136}, "2": {"x": -0.05, "y": -0.054, "z": -0.403, "xRot": 0.06204, "yRot": -0.03158, "zRot": -0.00506}, "3": {"x": -0.073, "y": -0.062, "z": -0.801, "xRot": 0.12884, "yRot": -0.0656, "zRot": -0.01052}, "4": {"x": -0.071, "y": -0.015, "z": -1.232, "xRot": 0.20997, "yRot": -0.1069, "zRot": -0.01714}, "5": {"x": -0.044, "y": 0.094, "z": -1.614, "xRot": 0.29825, "yRot": -0.15184, "zRot": -0.02435}, "6": {"x": 0.01, "y": 0.305, "z": -1.998, "xRot": 0.38653, "yRot": -0.19679, "zRot": -0.03155}, "7": {"x": 0.104, "y": 0.624, "z": -2.435, "xRot": 0.46765, "yRot": -0.23809, "zRot": -0.03817}, "8": {"x": 0.221, "y": 0.975, "z": -2.84, "xRot": 0.53446, "yRot": -0.27211, "zRot": -0.04363}, "9": {"x": 0.324, "y": 1.265, "z": -3.136, "xRot": 0.57979, "yRot": -0.29519, "zRot": -0.04733}, "10": {"x": 0.368, "y": 1.385, "z": -3.251, "xRot": 0.5965, "yRot": -0.30369, "zRot": -0.04869}}}, {"name": "head", "keyframes": {"0": {"x": 0.0, "y": -0.0, "z": -0.0, "xRot": 0.0, "yRot": -0.0, "zRot": -0.0}, "1": {"x": 0.002, "y": 0.022, "z": -0.112, "xRot": 0.0, "yRot": -0.0, "zRot": -0.0}, "2": {"x": 0.015, "y": 0.096, "z": -0.397, "xRot": 0.0, "yRot": -0.0, "zRot": -0.0}, "3": {"x": 0.054, "y": 0.233, "z": -0.78, "xRot": 0.0, "yRot": -0.0, "zRot": -0.0}, "4": {"x": 0.121, "y": 0.433, "z": -1.184, "xRot": 0.0, "yRot": -0.0, "zRot": -0.0}, "5": {"x": 0.202, "y": 0.676, "z": -1.532, "xRot": 0.0, "yRot": -0.0, "zRot": -0.0}, "6": {"x": 0.308, "y": 1.019, "z": -1.875, "xRot": 0.0, "yRot": -0.0, "zRot": -0.0}, "7": {"x": 0.459, "y": 1.485, "z": -2.255, "xRot": 0.0, "yRot": -0.0, "zRot": -0.0}, "8": {"x": 0.624, "y": 1.972, "z": -2.597, "xRot": 0.0, "yRot": -0.0, "zRot": -0.0}, "9": {"x": 0.76, "y": 2.36, "z": -2.841, "xRot": 0.0, "yRot": -0.0, "zRot": -0.0}, "10": {"x": 0.816, "y": 2.518, "z": -2.934, "xRot": 0.0, "yRot": -0.0, "zRot": -0.0}}}, {"name": "rightArm", "keyframes": {"0": {"x": -0.0, "y": -0.0, "z": -0.0, "xRot": 0.0, "yRot": -0.0, "zRot": -0.0}, "1": {"x": 0.001, "y": 0.022, "z": -0.115, "xRot": -0.00715, "yRot": 0.00071, "zRot": 0.00156}, "2": {"x": 0.013, "y": 0.091, "z": -0.407, "xRot": -0.02655, "yRot": 0.00262, "zRot": 0.00581}, "3": {"x": 0.047, "y": 0.216, "z": -0.801, "xRot": -0.05515, "yRot": 0.00544, "zRot": 0.01206}, "4": {"x": 0.106, "y": 0.397, "z": -1.216, "xRot": -0.08987, "yRot": 0.00887, "zRot": 0.01965}, "5": {"x": 0.178, "y": 0.616, "z": -1.577, "xRot": -0.12766, "yRot": 0.0126, "zRot": 0.02791}, "6": {"x": 0.274, "y": 0.93, "z": -1.934, "xRot": -0.16545, "yRot": 0.01633, "zRot": 0.03617}, "7": {"x": 0.409, "y": 1.355, "z": -2.332, "xRot": -0.20017, "yRot": 0.01976, "zRot": 0.04377}, "8": {"x": 0.558, "y": 1.797, "z": -2.695, "xRot": -0.22876, "yRot": 0.02258, "zRot": 0.05002}, "9": {"x": 0.682, "y": 2.148, "z": -2.957, "xRot": -0.24817, "yRot": 0.0245, "zRot": 0.05426}, "10": {"x": 0.733, "y": 2.291, "z": -3.057, "xRot": -0.25532, "yRot": 0.0252, "zRot": 0.05582}}}, {"name": "leftArm", "keyframes": {"0": {"x": 0.0, "y": -0.0, "z": -0.0, "xRot": 0.0, "yRot": -0.0, "zRot": -0.0}, "1": {"x": 0.001, "y": 0.022, "z": -0.041, "xRot": 0.01145, "yRot": -0.01089, "zRot": -0.00947}, "2": {"x": 0.01, "y": 0.094, "z": -0.147, "xRot": 0.04254, "yRot": -0.04044, "zRot": -0.03519}, "3": {"x": 0.034, "y": 0.222, "z": -0.288, "xRot": 0.08836, "yRot": -0.08398, "zRot": -0.07308}, "4": {"x": 0.076, "y": 0.405, "z": -0.436, "xRot": 0.14399, "yRot": -0.13686, "zRot": -0.1191}, "5": {"x": 0.127, "y": 0.626, "z": -0.562, "xRot": 0.20453, "yRot": -0.1944, "zRot": -0.16918}, "6": {"x": 0.196, "y": 0.942, "z": -0.684, "xRot": 0.26507, "yRot": -0.25194, "zRot": -0.21925}, "7": {"x": 0.294, "y": 1.37, "z": -0.816, "xRot": 0.3207, "yRot": -0.30482, "zRot": -0.26527}, "8": {"x": 0.402, "y": 1.815, "z": -0.931, "xRot": 0.36651, "yRot": -0.34837, "zRot": -0.30317}, "9": {"x": 0.49, "y": 2.167, "z": -1.009, "xRot": 0.3976, "yRot": -0.37791, "zRot": -0.32888}, "10": {"x": 0.527, "y": 2.311, "z": -1.037, "xRot": 0.40906, "yRot": -0.3888, "zRot": -0.33835}}}]}