{"frame_length": 20, "parts": [{"name": "leftLeg", "keyframes": {"0": {"x": -0.019, "y": 0.771, "z": 0.98, "xRot": 0.51541, "yRot": -0.26547, "zRot": -0.19486}, "1": {"x": -0.038, "y": 0.707, "z": 0.894, "xRot": 0.51906, "yRot": -0.26481, "zRot": -0.19962}, "2": {"x": -0.037, "y": 0.662, "z": 0.734, "xRot": 0.5235, "yRot": -0.264, "zRot": -0.20548}, "3": {"x": -0.016, "y": 0.652, "z": 0.564, "xRot": 0.5267, "yRot": -0.26336, "zRot": -0.21005}, "4": {"x": 0.018, "y": 0.683, "z": 0.451, "xRot": 0.52654, "yRot": -0.26317, "zRot": -0.21139}, "5": {"x": 0.05, "y": 0.733, "z": 0.443, "xRot": 0.5227, "yRot": -0.2635, "zRot": -0.20906}, "6": {"x": 0.07, "y": 0.783, "z": 0.554, "xRot": 0.51651, "yRot": -0.26429, "zRot": -0.20339}, "7": {"x": 0.076, "y": 0.817, "z": 0.733, "xRot": 0.51021, "yRot": -0.26527, "zRot": -0.19628}, "8": {"x": 0.071, "y": 0.821, "z": 0.915, "xRot": 0.50589, "yRot": -0.26613, "zRot": -0.18999}, "9": {"x": 0.066, "y": 0.784, "z": 1.038, "xRot": 0.5051, "yRot": -0.2667, "zRot": -0.18579}, "10": {"x": 0.071, "y": 0.723, "z": 1.062, "xRot": 0.50746, "yRot": -0.26691, "zRot": -0.18421}, "11": {"x": 0.085, "y": 0.649, "z": 0.991, "xRot": 0.50969, "yRot": -0.26673, "zRot": -0.18557}, "12": {"x": 0.097, "y": 0.574, "z": 0.883, "xRot": 0.50905, "yRot": -0.2663, "zRot": -0.18875}, "13": {"x": 0.1, "y": 0.528, "z": 0.781, "xRot": 0.50558, "yRot": -0.26578, "zRot": -0.1926}, "14": {"x": 0.087, "y": 0.534, "z": 0.719, "xRot": 0.50031, "yRot": -0.26527, "zRot": -0.19634}, "15": {"x": 0.062, "y": 0.588, "z": 0.713, "xRot": 0.49617, "yRot": -0.2649, "zRot": -0.19899}, "16": {"x": 0.036, "y": 0.673, "z": 0.765, "xRot": 0.49575, "yRot": -0.26486, "zRot": -0.19931}, "17": {"x": 0.017, "y": 0.76, "z": 0.848, "xRot": 0.49889, "yRot": -0.26509, "zRot": -0.19762}, "18": {"x": 0.012, "y": 0.817, "z": 0.929, "xRot": 0.50443, "yRot": -0.26549, "zRot": -0.19468}, "19": {"x": 0.005, "y": 0.819, "z": 0.978, "xRot": 0.51087, "yRot": -0.26571, "zRot": -0.19307}, "20": {"x": -0.019, "y": 0.771, "z": 0.98, "xRot": 0.51541, "yRot": -0.26547, "zRot": -0.19486}}}, {"name": "rightLeg", "keyframes": {"0": {"x": -0.6, "y": -1.666, "z": -3.867, "xRot": 0.01941, "yRot": 0.0, "zRot": 0.02983}, "1": {"x": -0.65, "y": -1.541, "z": -3.91, "xRot": 0.02709, "yRot": -0.0, "zRot": 0.02564}, "2": {"x": -0.712, "y": -1.431, "z": -4.014, "xRot": 0.04543, "yRot": 0.0, "zRot": 0.02052}, "3": {"x": -0.761, "y": -1.374, "z": -4.135, "xRot": 0.06716, "yRot": 0.0, "zRot": 0.01641}, "4": {"x": -0.784, "y": -1.401, "z": -4.238, "xRot": 0.08547, "yRot": -0.0, "zRot": 0.0145}, "5": {"x": -0.777, "y": -1.496, "z": -4.284, "xRot": 0.09339, "yRot": -0.0, "zRot": 0.01512}, "6": {"x": -0.743, "y": -1.628, "z": -4.239, "xRot": 0.08558, "yRot": -0.0, "zRot": 0.01796}, "7": {"x": -0.695, "y": -1.748, "z": -4.126, "xRot": 0.0664, "yRot": 0.0, "zRot": 0.02192}, "8": {"x": -0.641, "y": -1.806, "z": -3.991, "xRot": 0.04351, "yRot": -0.0, "zRot": 0.02641}, "9": {"x": -0.579, "y": -1.768, "z": -3.885, "xRot": 0.025, "yRot": -0.0, "zRot": 0.03159}, "10": {"x": -0.506, "y": -1.663, "z": -3.862, "xRot": 0.01901, "yRot": 0.0, "zRot": 0.03762}, "11": {"x": -0.417, "y": -1.532, "z": -3.938, "xRot": 0.02943, "yRot": -0.0, "zRot": 0.0451}, "12": {"x": -0.314, "y": -1.414, "z": -4.066, "xRot": 0.04982, "yRot": -0.0, "zRot": 0.05373}, "13": {"x": -0.222, "y": -1.348, "z": -4.205, "xRot": 0.073, "yRot": -0.0, "zRot": 0.06154}, "14": {"x": -0.165, "y": -1.368, "z": -4.32, "xRot": 0.09236, "yRot": 0.0, "zRot": 0.06636}, "15": {"x": -0.162, "y": -1.462, "z": -4.377, "xRot": 0.10119, "yRot": -0.0, "zRot": 0.0667}, "16": {"x": -0.225, "y": -1.598, "z": -4.34, "xRot": 0.09398, "yRot": -0.0, "zRot": 0.06136}, "17": {"x": -0.332, "y": -1.728, "z": -4.223, "xRot": 0.07446, "yRot": -0.0, "zRot": 0.05227}, "18": {"x": -0.441, "y": -1.795, "z": -4.067, "xRot": 0.04986, "yRot": -0.0, "zRot": 0.04312}, "19": {"x": -0.535, "y": -1.765, "z": -3.928, "xRot": 0.02854, "yRot": -0.0, "zRot": 0.03525}, "20": {"x": -0.6, "y": -1.666, "z": -3.867, "xRot": 0.01941, "yRot": 0.0, "zRot": 0.02983}}}, {"name": "body", "keyframes": {"0": {"x": 0.297, "y": 0.46, "z": 1.568, "xRot": -0.19879, "yRot": 0.12386, "zRot": 0.02117}, "1": {"x": 0.247, "y": 0.452, "z": 1.528, "xRot": -0.20066, "yRot": 0.12937, "zRot": 0.01756}, "2": {"x": 0.178, "y": 0.44, "z": 1.434, "xRot": -0.20512, "yRot": 0.14251, "zRot": 0.00895}, "3": {"x": 0.118, "y": 0.423, "z": 1.321, "xRot": -0.21045, "yRot": 0.15819, "zRot": -0.00132}, "4": {"x": 0.086, "y": 0.383, "z": 1.225, "xRot": -0.21491, "yRot": 0.17134, "zRot": -0.00993}, "5": {"x": 0.089, "y": 0.317, "z": 1.185, "xRot": -0.21678, "yRot": 0.17685, "zRot": -0.01354}, "6": {"x": 0.13, "y": 0.242, "z": 1.225, "xRot": -0.21491, "yRot": 0.17363, "zRot": -0.01072}, "7": {"x": 0.194, "y": 0.178, "z": 1.319, "xRot": -0.21045, "yRot": 0.16508, "zRot": -0.0037}, "8": {"x": 0.265, "y": 0.148, "z": 1.431, "xRot": -0.20512, "yRot": 0.15283, "zRot": 0.00538}, "9": {"x": 0.335, "y": 0.166, "z": 1.526, "xRot": -0.20066, "yRot": 0.13855, "zRot": 0.01439}, "10": {"x": 0.396, "y": 0.221, "z": 1.568, "xRot": -0.19879, "yRot": 0.12386, "zRot": 0.02117}, "11": {"x": 0.437, "y": 0.296, "z": 1.558, "xRot": -0.20053, "yRot": 0.10527, "zRot": 0.02589}, "12": {"x": 0.457, "y": 0.372, "z": 1.531, "xRot": -0.20468, "yRot": 0.0817, "zRot": 0.02997}, "13": {"x": 0.456, "y": 0.429, "z": 1.497, "xRot": -0.20963, "yRot": 0.05838, "zRot": 0.03318}, "14": {"x": 0.431, "y": 0.463, "z": 1.468, "xRot": -0.21378, "yRot": 0.04055, "zRot": 0.03528}, "15": {"x": 0.394, "y": 0.482, "z": 1.455, "xRot": -0.21552, "yRot": 0.03344, "zRot": 0.03603}, "16": {"x": 0.361, "y": 0.488, "z": 1.467, "xRot": -0.21378, "yRot": 0.04284, "zRot": 0.03449}, "17": {"x": 0.337, "y": 0.485, "z": 1.496, "xRot": -0.20963, "yRot": 0.06527, "zRot": 0.0308}, "18": {"x": 0.33, "y": 0.477, "z": 1.529, "xRot": -0.20468, "yRot": 0.09203, "zRot": 0.0264}, "19": {"x": 0.323, "y": 0.469, "z": 1.557, "xRot": -0.20053, "yRot": 0.11445, "zRot": 0.02272}, "20": {"x": 0.297, "y": 0.46, "z": 1.568, "xRot": -0.19879, "yRot": 0.12386, "zRot": 0.02117}}}, {"name": "cloak", "keyframes": {"0": {"x": 0.589, "y": 0.96, "z": 1.5, "xRot": 2.28146, "yRot": -0.13355, "zRot": 0.00032}, "1": {"x": 0.554, "y": 0.956, "z": 1.458, "xRot": 2.26107, "yRot": -0.12623, "zRot": 0.01411}, "2": {"x": 0.521, "y": 0.952, "z": 1.357, "xRot": 2.22319, "yRot": -0.10637, "zRot": 3e-05}, "3": {"x": 0.504, "y": 0.944, "z": 1.235, "xRot": 2.2071, "yRot": -0.07709, "zRot": -0.03353}, "4": {"x": 0.508, "y": 0.912, "z": 1.132, "xRot": 2.24428, "yRot": -0.04155, "zRot": -0.07359}, "5": {"x": 0.526, "y": 0.849, "z": 1.089, "xRot": 2.28146, "yRot": -0.00287, "zRot": -0.10716}, "6": {"x": 0.558, "y": 0.771, "z": 1.13, "xRot": 2.26107, "yRot": 0.03581, "zRot": -0.12123}, "7": {"x": 0.597, "y": 0.699, "z": 1.23, "xRot": 2.22319, "yRot": 0.07136, "zRot": -0.10464}, "8": {"x": 0.634, "y": 0.66, "z": 1.351, "xRot": 2.2028, "yRot": 0.10063, "zRot": -0.07177}, "9": {"x": 0.666, "y": 0.669, "z": 1.453, "xRot": 2.24428, "yRot": 0.12049, "zRot": -0.03254}, "10": {"x": 0.689, "y": 0.721, "z": 1.5, "xRot": 2.28146, "yRot": 0.12781, "zRot": 0.00032}, "11": {"x": 0.681, "y": 0.801, "z": 1.495, "xRot": 2.26107, "yRot": 0.12049, "zRot": 0.01411}, "12": {"x": 0.642, "y": 0.886, "z": 1.471, "xRot": 2.22319, "yRot": 0.10063, "zRot": 3e-05}, "13": {"x": 0.581, "y": 0.954, "z": 1.438, "xRot": 2.2071, "yRot": 0.07136, "zRot": -0.03353}, "14": {"x": 0.511, "y": 0.996, "z": 1.409, "xRot": 2.24428, "yRot": 0.03581, "zRot": -0.07359}, "15": {"x": 0.456, "y": 1.019, "z": 1.396, "xRot": 2.28146, "yRot": -0.00287, "zRot": -0.10716}, "16": {"x": 0.447, "y": 1.022, "z": 1.408, "xRot": 2.26107, "yRot": -0.04155, "zRot": -0.12123}, "17": {"x": 0.48, "y": 1.01, "z": 1.436, "xRot": 2.22319, "yRot": -0.07709, "zRot": -0.10464}, "18": {"x": 0.542, "y": 0.991, "z": 1.467, "xRot": 2.2071, "yRot": -0.10637, "zRot": -0.07177}, "19": {"x": 0.591, "y": 0.973, "z": 1.49,