{"frame_length": 12, "parts": [{"name": "leftLeg", "keyframes": {"0": {"x": 0.0, "y": -0.0, "z": -0.0, "xRot": 0.0, "yRot": -0.0, "zRot": -0.0}, "1": {"x": 0.089, "y": 0.008, "z": 0.425, "xRot": -0.03543, "yRot": -0.0, "zRot": 0.00739}, "2": {"x": 0.253, "y": 0.066, "z": 1.228, "xRot": -0.1025, "yRot": 0.0, "zRot": 0.02122}, "3": {"x": 0.331, "y": 0.12, "z": 1.661, "xRot": -0.1389, "yRot": -0.0, "zRot": 0.02783}, "4": {"x": 0.315, "y": 0.107, "z": 1.568, "xRot": -0.13103, "yRot": -0.0, "zRot": 0.02649}, "5": {"x": 0.224, "y": 0.051, "z": 1.077, "xRot": -0.08986, "yRot": -0.0, "zRot": 0.01873}, "6": {"x": 0.122, "y": 0.015, "z": 0.582, "xRot": -0.04853, "yRot": -0.0, "zRot": 0.01016}, "7": {"x": 0.068, "y": 0.005, "z": 0.326, "xRot": -0.02718, "yRot": 0.0, "zRot": 0.00565}, "8": {"x": 0.037, "y": 0.001, "z": 0.178, "xRot": -0.01484, "yRot": -0.0, "zRot": 0.00306}, "9": {"x": 0.018, "y": 0.0, "z": 0.088, "xRot": -0.00735, "yRot": -0.0, "zRot": 0.00151}, "10": {"x": 0.007, "y": 0.0, "z": 0.035, "xRot": -0.00294, "yRot": -0.0, "zRot": 0.0006}, "11": {"x": 0.002, "y": 0.0, "z": 0.008, "xRot": -0.00067, "yRot": -0.0, "zRot": 0.00014}, "12": {"x": 0.0, "y": -0.0, "z": -0.0, "xRot": 0.0, "yRot": -0.0, "zRot": -0.0}}}, {"name": "rightLeg", "keyframes": {"0": {"x": 0.0, "y": -0.0, "z": -0.0, "xRot": 0.0, "yRot": -0.0, "zRot": -0.0}, "1": {"x": 0.094, "y": 0.006, "z": 0.374, "xRot": -0.03114, "yRot": -0.0, "zRot": 0.00786}, "2": {"x": 0.301, "y": 0.055, "z": 1.112, "xRot": -0.09284, "yRot": -0.0, "zRot": 0.02519}, "3": {"x": 0.418, "y": 0.105, "z": 1.531, "xRot": -0.12794, "yRot": -0.0, "zRot": 0.0351}, "4": {"x": 0.393, "y": 0.093, "z": 1.44, "xRot": -0.12025, "yRot": -0.0, "zRot": 0.03296}, "5": {"x": 0.26, "y": 0.042, "z": 0.97, "xRot": -0.08092, "yRot": -0.0, "zRot": 0.02178}, "6": {"x": 0.132, "y": 0.012, "z": 0.515, "xRot": -0.0429, "yRot": -0.0, "zRot": 0.01105}, "7": {"x": 0.071, "y": 0.004, "z": 0.286, "xRot": -0.0238, "yRot": 0.0, "zRot": 0.00592}, "8": {"x": 0.038, "y": 0.001, "z": 0.155, "xRot": -0.01293, "yRot": -0.0, "zRot": 0.00314}, "9": {"x": 0.018, "y": 0.0, "z": 0.077, "xRot": -0.00639, "yRot": -0.0, "zRot": 0.00153}, "10": {"x": 0.007, "y": 0.0, "z": 0.031, "xRot": -0.00255, "yRot": -0.0, "zRot": 0.0006}, "11": {"x": 0.002, "y": 0.0, "z": 0.007, "xRot": -0.00058, "yRot": 0.0, "zRot": 0.00014}, "12": {"x": 0.0, "y": -0.0, "z": -0.0, "xRot": 0.0, "yRot": -0.0, "zRot": -0.0}}}, {"name": "body", "keyframes": {"0": {"x": 0.0, "y": -0.0, "z": -0.0, "xRot": 0.0, "yRot": -0.0, "zRot": -0.0}, "1": {"x": -0.447, "y": 0.251, "z": 1.472, "xRot": -0.09001, "yRot": -0.01413, "zRot": -0.0437}, "2": {"x": -1.3, "y": 0.934, "z": 4.185, "xRot": -0.25718, "yRot": -0.04038, "zRot": -0.12487}, "3": {"x": -1.752, "y": 1.419, "z": 5.622, "xRot": -0.34719, "yRot": -0.05451, "zRot": -0.16857}, "4": {"x": -1.655, "y": 1.308, "z": 5.313, "xRot": -0.32773, "yRot": -0.05145, "zRot": -0.15912}, "5": {"x": -1.14, "y": 0.784, "z": 3.68, "xRot": -0.22587, "yRot": -0.03546, "zRot": -0.10967}, "6": {"x": -0.614, "y": 0.363, "z": 2.009, "xRot": -0.12292, "yRot": -0.0193, "zRot": -0.05968}, "7": {"x": -0.343, "y": 0.185, "z": 1.132, "xRot": -0.06919, "yRot": -0.01086, "zRot": -0.03359}, "8": {"x": -0.186, "y": 0.096, "z": 0.62, "xRot": -0.0379, "yRot": -0.00595, "zRot": -0.0184}, "9": {"x": -0.092, "y": 0.046, "z": 0.308, "xRot": -0.01882, "yRot": -0.00295, "zRot": -0.00914}, "10": {"x": -0.037, "y": 0.018, "z": 0.123, "xRot": -0.00754, "yRot": -0.00118, "zRot": -0.00366}, "11": {"x": -0.008, "y": 0.004, "z": 0.028, "xRot": -0.00172, "yRot": -0.00027, "zRot": -0.00084}, "12": {"x": 0.0, "y": -0.0, "z": -0.0, "xRot": 0.0, "yRot": -0.0, "zRot": -0.0}}}, {"name": "cloak", "keyframes": {"0": {"x": 0.0, "y": -0.0, "z": -0.0, "xRot": 0.0, "yRot": -0.0, "zRot": -0.0}, "1": {"x": -0.473, "y": 0.477, "z": 1.462, "xRot": 0.03475, "yRot": -0.01132, "zRot": 0.01214}, "2": {"x": -1.317, "y": 1.577, "z": 4.1, "xRot": 0.11762, "yRot": -0.03832, "zRot": 0.04107}, "3": {"x": -1.735, "y": 2.279, "z": 5.47, "xRot": 0.21654, "yRot": -0.07054, "zRot": 0.07561}, "4": {"x": -1.648, "y": 2.121, "z": 5.177, "xRot": 0.29941, "yRot": -0.09754, "zRot": 0.10455}, "5": {"x": -1.165, "y": 1.35, "z": 3.615, "xRot": 0.33416, "yRot": -0.10886, "zRot": 0.11668}, "6": {"x": -0.644, "y": 0.671, "z": 1.99, "xRot": 0.31565, "yRot": -0.10283, "zRot": 0.11022}, "7": {"x": -0.364, "y": 0.359, "z": 1.126, "xRot": 0.26791, "yRot": -0.08728, "zRot": 0.09355}, "8": {"x": -0.2, "y": 0.191, "z": 0.618, "xRot": 0.20264, "yRot": -0.06601, "zRot": 0.07076}, "9": {"x": -0.099, "y": 0.093, "z": 0.308, "xRot": 0.13152, "yRot": -0.04284, "zRot": 0.04592}, "10": {"x": -0.04, "y": 0.037, "z": 0.123, "xRot": 0.06625, "yRot": -0.02158, "zRot": 0.02313}, "11": {"x": -0.009, "y": 0.008, "z": 0.028, "xRot": 0.01851, "yRot": -0.00603, "zRot": 0.00646}, "12": {"x": 0.0, "y": -0.0, "z": -0.0, "xRot": 0.0, "yRot": -0.0, "zRot": -0.0}}}, {"name": "head", "keyframes": {"0": {"x": 0.0, "y": -0.0, "z": -0.0, "xRot": 0.0, "yRot": -0.0, "zRot": -0.0}, "1": {"x": -0.379, "y": 0.186, "z": 1.364, "xRot": 0.07015, "yRot": -0.01621, "zRot": 0.04515}, "2": {"x": -1.08, "y": 0.726, "z": 3.839, "xRot": 0.22447, "yRot": -0.05187, "zRot": 0.14448}, "3": {"x": -1.382, "y": 1.069, "z": 5.039, "xRot": 0.3788, "yRot": -0.08754, "zRot": 0.24381}, "4": {"x": -1.217, "y": 0.892, "z": 4.622, "xRot": 0.44895, "yRot": -0.10375, "zRot": 0.28896}, "5": {"x": -0.742, "y": 0.408, "z": 3.053, "xRot": 0.40718, "yRot": -0.0941, "zRot": 0.26207}, "6": {"x": -0.427, "y": 0.185, "z": 1.714, "xRot": 0.19156, "yRot": -0.04427, "zRot": 0.12329}, "7": {"x": -0.247, "y": 0.095, "z": 0.981, "xRot": 0.09778, "yRot": -0.0226, "zRot": 0.06293}, "8": {"x": -0.136, "y": 0.048, "z": 0.541, "xRot": 0.05154, "yRot": -0.01191, "zRot": 0.03317}, "9": {"x": -0.068, "y": 0.023, "z": 0.269, "xRot": 0.02507, "yRot": -0.00579, "zRot": 0.01614}, "10": {"x": -0.027, "y": 0.009, "z": 0.108, "xRot": 0.0099, "yRot": -0.00229, "zRot": 0.00637}, "11": {"x": -0.006, "y": 0.002, "z": 0.025, "xRot": 0.00224, "yRot": -0.00052, "zRot": 0.00144}, "12": {"x": 0.0, "y": -0.0, "z": -0.0, "xRot": 0.0, "yRot": -0.0, "zRot": -0.0}}}, {"name": "rightArm", "keyframes": {"0": {"x": -0.0, "y": -0.0, "z": -0.0, "xRot": 0.0, "yRot": -0.0, "zRot": -0.0}, "1": {"x": -0.373, "y": 0.388, "z": 1.042, "xRot": -0.13165, "yRot": 1e-05, "zRot": -0.00514}, "2": {"x": -1.076, "y": 1.16, "z": 2.945, "xRot": -0.39193, "yRot": 0.02496, "zRot": -0.01081}, "3": {"x": -1.484, "y": 1.506, "z": 3.828, "xRot": -0.57394, "yRot": 0.07282, "zRot": 0.01305}, "4": {"x": -1.438, "y": 1.271, "z": 3.401, "xRot": -0.59501, "yRot": 0.09523, "zRot": 0.05906}, "5": {"x": -1.016, "y": 0.728, "z": 2.078, "xRot": -0.46755, "yRot": 0.07658, "zRot": 0.1008}, "6": {"x": -0.538, "y": 0.434, "z": 1.184, "xRot": -0.2367, "yRot": 0.02283, "zRot": 0.04427}, "7": {"x": -0.298, "y": 0.254, "z": 0.687, "xRot": -0.12705, "yRot": 0.00773, "zRot": 0.02056}, "8": {"x": -0.163, "y": 0.141, "z": 0.38, "xRot": -0.0683, "yRot": 0.00295, "zRot": 0.01044}, "9": {"x": -0.081, "y": 0.07, "z": 0.19, "xRot": -0.03357, "yRot": 0.0011, "zRot": 0.00497}, "10": {"x": -0.032, "y": 0.028, "z": 0.076, "xRot": -0.01335, "yRot": 0.00036, "zRot": 0.00193}, "11": {"x": -0.007, "y": 0.006, "z": 0.017, "xRot": -0.00304, "yRot": 7e-05, "zRot": 0.00043}, "12": {"x": -0.0, "y": -0.0, "z": -0.0, "xRot": 0.0, "yRot": -0.0, "zRot": -0.0}}}, {"name": "leftArm", "keyframes": {"0": {"x": 0.0, "y": -0.0, "z": -0.0, "xRot": 0.0, "yRot": -0.0, "zRot": -0.0}, "1": {"x": -0.357, "y": 0.024, "z": 1.421, "xRot": 0.02715, "yRot": 0.02794, "zRot": -0.07534}, "2": {"x": -1.061, "y": 0.263, "z": 4.061, "xRot": 0.12064, "yRot": 0.07584, "zRot": -0.24666}, "3": {"x": -1.441, "y": 0.514, "z": 5.517, "xRot": 0.29383, "yRot": 0.12339, "zRot": -0.38969}, "4": {"x": -1.349, "y": 0.474, "z": 5.287, "xRot": 0.43041, "yRot": 0.16475, "zRot": -0.41671}, "5": {"x": -0.908, "y": 0.226, "z": 3.743, "xRot": 0.45706,