{"frame_length": 12, "parts": [{"name": "leftLeg", "keyframes": {"0": {"x": 0.0, "y": -0.0, "z": -0.0, "xRot": 0.0, "yRot": -0.0, "zRot": -0.0}, "1": {"x": -0.254, "y": 0.009, "z": 0.39, "xRot": -0.03247, "yRot": 0.0, "zRot": -0.02117}, "2": {"x": -0.62, "y": 0.07, "z": 1.14, "xRot": -0.09517, "yRot": 0.0, "zRot": -0.05189}, "3": {"x": -0.761, "y": 0.127, "z": 1.565, "xRot": -0.1308, "yRot": -0.0, "zRot": -0.06401}, "4": {"x": -0.734, "y": 0.113, "z": 1.472, "xRot": -0.12297, "yRot": -0.0, "zRot": -0.06163}, "5": {"x": -0.562, "y": 0.055, "z": 0.996, "xRot": -0.08312, "yRot": -0.0, "zRot": -0.04697}, "6": {"x": -0.337, "y": 0.017, "z": 0.534, "xRot": -0.04452, "yRot": -0.0, "zRot": -0.0281}, "7": {"x": -0.199, "y": 0.005, "z": 0.299, "xRot": -0.0249, "yRot": -0.0, "zRot": -0.01656}, "8": {"x": -0.112, "y": 0.002, "z": 0.163, "xRot": -0.01359, "yRot": -0.0, "zRot": -0.0093}, "9": {"x": -0.056, "y": 0.0, "z": 0.081, "xRot": -0.00674, "yRot": 0.0, "zRot": -0.00469}, "10": {"x": -0.023, "y": 0.0, "z": 0.032, "xRot": -0.0027, "yRot": -0.0, "zRot": -0.00189}, "11": {"x": -0.005, "y": 0.0, "z": 0.007, "xRot": -0.00062, "yRot": -0.0, "zRot": -0.00043}, "12": {"x": 0.0, "y": -0.0, "z": -0.0, "xRot": 0.0, "yRot": -0.0, "zRot": -0.0}}}, {"name": "rightLeg", "keyframes": {"0": {"x": 0.0, "y": -0.0, "z": -0.0, "xRot": 0.0, "yRot": -0.0, "zRot": -0.0}, "1": {"x": -0.24, "y": 0.002, "z": 0.049, "xRot": -0.00408, "yRot": -0.0, "zRot": -0.01999}, "2": {"x": -0.506, "y": 0.012, "z": 0.177, "xRot": -0.01475, "yRot": -0.0, "zRot": -0.04218}, "3": {"x": -0.556, "y": 0.016, "z": 0.284, "xRot": -0.02365, "yRot": -0.0, "zRot": -0.04636}, "4": {"x": -0.55, "y": 0.015, "z": 0.258, "xRot": -0.02148, "yRot": -0.0, "zRot": -0.04589}, "5": {"x": -0.474, "y": 0.01, "z": 0.147, "xRot": -0.01226, "yRot": 0.0, "zRot": -0.03948}, "6": {"x": -0.311, "y": 0.004, "z": 0.069, "xRot": -0.00576, "yRot": -0.0, "zRot": -0.02589}, "7": {"x": -0.19, "y": 0.002, "z": 0.037, "xRot": -0.00309, "yRot": -0.0, "zRot": -0.01586}, "8": {"x": -0.109, "y": 0.001, "z": 0.02, "xRot": -0.00166, "yRot": 0.0, "zRot": -0.0091}, "9": {"x": -0.056, "y": 0.0, "z": 0.01, "xRot": -0.00082, "yRot": -0.0, "zRot": -0.00464}, "10": {"x": -0.023, "y": 0.0, "z": 0.004, "xRot": -0.00033, "yRot": -0.0, "zRot": -0.00189}, "11": {"x": -0.005, "y": 0.0, "z": 0.001, "xRot": -7e-05, "yRot": -0.0, "zRot": -0.00043}, "12": {"x": 0.0, "y": -0.0, "z": -0.0, "xRot": 0.0, "yRot": -0.0, "zRot": -0.0}}}, {"name": "body", "keyframes": {"0": {"x": 0.0, "y": -0.0, "z": -0.0, "xRot": 0.0, "yRot": -0.0, "zRot": -0.0}, "1": {"x": -0.369, "y": 0.12, "z": 1.202, "xRot": -0.08236, "yRot": -0.08481, "zRot": -0.00334}, "2": {"x": -1.34, "y": 0.489, "z": 3.371, "xRot": -0.23532, "yRot": -0.2423, "zRot": -0.00954}, "3": {"x": -2.006, "y": 0.767, "z": 4.472, "xRot": -0.31769, "yRot": -0.32711, "zRot": -0.01288}, "4": {"x": -1.854, "y": 0.702, "z": 4.239, "xRot": -0.29988, "yRot": -0.30878, "zRot": -0.01216}, "5": {"x": -1.131, "y": 0.405, "z": 2.975, "xRot": -0.20668, "yRot": -0.21281, "zRot": -0.00838}, "6": {"x": -0.531, "y": 0.177, "z": 1.637, "xRot": -0.11247, "yRot": -0.11581, "zRot": -0.00456}, "7": {"x": -0.274, "y": 0.087, "z": 0.925, "xRot": -0.06331, "yRot": -0.06519, "zRot": -0.00257}, "8": {"x": -0.142, "y": 0.044, "z": 0.507, "xRot": -0.03468, "yRot": -0.03571, "zRot": -0.00141}, "9": {"x": -0.068, "y": 0.02, "z": 0.252, "xRot": -0.01722, "yRot": -0.01773, "zRot": -0.0007}, "10": {"x": -0.027, "y": 0.008, "z": 0.101, "xRot": -0.0069, "yRot": -0.0071, "zRot": -0.00028}, "11": {"x": -0.006, "y": 0.002, "z": 0.023, "xRot": -0.00158, "yRot": -0.00162, "zRot": -6e-05}, "12": {"x": 0.0, "y": -0.0, "z": -0.0, "xRot": 0.0, "yRot": -0.0, "zRot": -0.0}}}, {"name": "cloak", "keyframes": {"0": {"x": 0.0, "y": -0.0, "z": -0.0, "xRot": 0.0, "yRot": -0.0, "zRot": -0.0}, "1": {"x": -0.579, "y": 0.326, "z": 1.184, "xRot": 0.03276, "yRot": -0.01815, "zRot": 0.00849}, "2": {"x": -1.918, "y": 1.077, "z": 3.231, "xRot": 0.11465, "yRot": -0.06353, "zRot": 0.02971}, "3": {"x": -2.759, "y": 1.558, "z": 4.221, "xRot": 0.22112, "yRot": -0.12253, "zRot": 0.0573}, "4": {"x": -2.571, "y": 1.45, "z": 4.015, "xRot": 0.32759, "yRot": -0.18153, "zRot": 0.08489}, "5": {"x": -1.644, "y": 0.922, "z": 2.866, "xRot": 0.40948, "yRot": -0.22691, "zRot": 0.10612}, "6": {"x": -0.817, "y": 0.459, "z": 1.605, "xRot": 0.44224, "yRot": -0.24506, "zRot": 0.11461}, "7": {"x": -0.436, "y": 0.246, "z": 0.914, "xRot": 0.40948, "yRot": -0.22691, "zRot": 0.10612}, "8": {"x": -0.231, "y": 0.13, "z": 0.504, "xRot": 0.32759, "yRot": -0.18153, "zRot": 0.08489}, "9": {"x": -0.112, "y": 0.064, "z": 0.251, "xRot": 0.22112, "yRot": -0.12253, "zRot": 0.0573}, "10": {"x": -0.044, "y": 0.025, "z": 0.101, "xRot": 0.11465, "yRot": -0.06353, "zRot": 0.02971}, "11": {"x": -0.01, "y": 0.006, "z": 0.023, "xRot": 0.03276, "yRot": -0.01815, "zRot": 0.00849}, "12": {"x": 0.0, "y": -0.0, "z": -0.0, "xRot": 0.0, "yRot": -0.0, "zRot": -0.0}}}, {"name": "head", "keyframes": {"0": {"x": 0.0, "y": -0.0, "z": -0.0, "xRot": 0.0, "yRot": -0.0, "zRot": -0.0}, "1": {"x": -0.369, "y": 0.12, "z": 1.202, "xRot": 0.20079, "yRot": -0.13858, "zRot": 0.10402}, "2": {"x": -1.34, "y": 0.489, "z": 3.371, "xRot": 0.40158, "yRot": -0.27716, "zRot": 0.20804}, "3": {"x": -2.006, "y": 0.767, "z": 4.472, "xRot": 0.38571, "yRot": -0.26621, "zRot": 0.19981}, "4": {"x": -1.854, "y": 0.702, "z": 4.239, "xRot": 0.31664, "yRot": -0.21854, "zRot": 0.16403}, "5": {"x": -1.131, "y": 0.405, "z": 2.975, "xRot": 0.2058, "yRot": -0.14204, "zRot": 0.10661}, "6": {"x": -0.531, "y": 0.177, "z": 1.637, "xRot": 0.12484, "yRot": -0.08616, "zRot": 0.06467}, "7": {"x": -0.274, "y": 0.087, "z": 0.925, "xRot": 0.07422, "yRot": -0.05122, "zRot": 0.03845}, "8": {"x": -0.142, "y": 0.044, "z": 0.507, "xRot": 0.04185, "yRot": -0.02889, "zRot": 0.02168}, "9": {"x": -0.068, "y": 0.02, "z": 0.252, "xRot": 0.02116, "yRot": -0.01461, "zRot": 0.01096}, "10": {"x": -0.027, "y": 0.008, "z": 0.101, "xRot": 0.00858, "yRot": -0.00592, "zRot": 0.00444}, "11": {"x": -0.006, "y": 0.002, "z": 0.023, "xRot": 0.00198, "yRot": -0.00136, "zRot": 0.00102}, "12": {"x": 0.0, "y": -0.0, "z": -0.0, "xRot": 0.0, "yRot": -0.0, "zRot": -0.0}}}, {"name": "rightArm", "keyframes": {"0": {"x": -0.0, "y": -0.0, "z": -0.0, "xRot": 0.0, "yRot": -0.0, "zRot": -0.0}, "1": {"x": -0.33, "y": 0.129, "z": 0.614, "xRot": -0.02207, "yRot": -0.01752, "zRot": 0.06395}, "2": {"x": -1.064, "y": 0.479, "z": 1.718, "xRot": -0.06811, "yRot": 0.00628, "zRot": 0.16584}, "3": {"x": -1.515, "y": 0.725, "z": 2.274, "xRot": -0.05429, "yRot": 0.11911, "zRot": 0.23354}, "4": {"x": -1.415, "y": 0.669, "z": 2.157, "xRot": 0.01385, "yRot": 0.21559, "zRot": 0.28193}, "5": {"x": -0.915, "y": 0.403, "z": 1.517, "xRot": 0.10232, "yRot": 0.2319, "zRot": 0.30963}, "6": {"x": -0.463, "y": 0.187, "z": 0.837, "xRot": 0.04729, "yRot": 0.07459, "zRot": 0.17141}, "7": {"x": -0.25, "y": 0.096, "z": 0.473, "xRot": 0.02247, "yRot": 0.02682, "zRot": 0.09283}, "8": {"x": -0.133, "y": 0.05, "z": 0.259, "xRot": 0.01195, "yRot": 0.01123, "zRot": 0.05038}, "9": {"x": -0.065, "y": 0.024, "z": 0.129, "xRot": 0.0059, "yRot": 0.00463, "zRot": 0.0249}, "10": {"x": -0.026, "y": 0.009, "z": 0.052, "xRot": 0.00235, "yRot": 0.00163, "zRot": 0.00993}, "11": {"x": -0.006, "y": 0.002, "z": 0.012, "xRot": 0.00053, "yRot": 0.00034, "zRot": 0.00226}, "12": {"x": -0.0, "y": -0.0, "z": -0.0, "xRot": 0.0, "yRot": -0.0, "zRot": -0.0}}}, {"name": "leftArm", "keyframes": {"0": {"x": 0.0, "y": -0.0, "z": -0.0, "xRot": 0.0, "yRot": -0.0, "zRot": -0.0}, "1": {"x": -0.366, "y": 0.096, "z": 1.461, "xRot": -0.10189, "yRot": -0.10171, "zRot": -0.06319}, "2": {"x": -1.356, "y": 0.386, "z": 4.118, "xRot": -0.2654, "yRot": -0.32097, "zRot": -0.19897}, "3": {"x": -2.046, "y": 0.603, "z": 5.487, "xRot": -0.33336, "yRot": -0.47504, "zRot": -0.33915}, "4": {"x": -1.888, "y": 0.553, "z": 5.196, "xRot": -0.32231, "yRot": -0.4748, "zRot": -0.40226}, "5": {"x": -1.141,