{"frame_length": 20, "parts": [{"name": "rightLeg", "keyframes": {"0": {"x": 0.071, "y": 0.006, "z": 0.361, "xRot": -0.03012, "yRot": -0.0, "zRot": 0.00588}, "1": {"x": 0.051, "y": 0.004, "z": 0.287, "xRot": -0.0239, "yRot": -0.0, "zRot": 0.00424}, "2": {"x": 0.03, "y": 0.002, "z": 0.205, "xRot": -0.01707, "yRot": -0.0, "zRot": 0.00251}, "3": {"x": 0.011, "y": 0.001, "z": 0.127, "xRot": -0.01057, "yRot": -0.0, "zRot": 0.00088}, "4": {"x": -0.005, "y": 0.0, "z": 0.064, "xRot": -0.00529, "yRot": 0.0, "zRot": -0.00046}, "5": {"x": -0.016, "y": 0.0, "z": 0.026, "xRot": -0.00218, "yRot": 0.0, "zRot": -0.00131}, "6": {"x": -0.019, "y": 0.0, "z": 0.013, "xRot": -0.00106, "yRot": 0.0, "zRot": -0.00156}, "7": {"x": -0.016, "y": 0.0, "z": 0.01, "xRot": -0.0008, "yRot": 0.0, "zRot": -0.00136}, "8": {"x": -0.011, "y": 0.0, "z": 0.011, "xRot": -0.00089, "yRot": 0.0, "zRot": -0.00091}, "9": {"x": -0.005, "y": 0.0, "z": 0.009, "xRot": -0.00079, "yRot": 0.0, "zRot": -0.00039}, "10": {"x": 0.0, "y": -0.0, "z": -0.0, "xRot": 0.0, "yRot": -0.0, "zRot": -0.0}, "11": {"x": 0.005, "y": 0.0, "z": -0.015, "xRot": 0.00128, "yRot": -0.0, "zRot": 0.0004}, "12": {"x": 0.011, "y": 0.0, "z": -0.032, "xRot": 0.0027, "yRot": -0.0, "zRot": 0.00093}, "13": {"x": 0.017, "y": 0.0, "z": -0.055, "xRot": 0.00458, "yRot": -0.0, "zRot": 0.00142}, "14": {"x": 0.02, "y": 0.0, "z": -0.087, "xRot": 0.00721, "yRot": -0.0, "zRot": 0.00169}, "15": {"x": 0.019, "y": 0.001, "z": -0.131, "xRot": 0.0109, "yRot": -0.0, "zRot": 0.00161}, "16": {"x": 0.014, "y": 0.001, "z": -0.181, "xRot": 0.01507, "yRot": -0.0, "zRot": 0.00116}, "17": {"x": 0.007, "y": 0.002, "z": -0.228, "xRot": 0.01898, "yRot": -0.0, "zRot": 0.00059}, "18": {"x": 0.002, "y": 0.003, "z": -0.273, "xRot": 0.02271, "yRot": -0.0, "zRot": 0.00013}, "19": {"x": -0.001, "y": 0.004, "z": -0.316, "xRot": 0.02634, "yRot": 0.0, "zRot": -5e-05}, "20": {"x": 0.001, "y": 0.005, "z": -0.36, "xRot": 0.02998, "yRot": -0.0, "zRot": 0.00012}}}, {"name": "leftLeg", "keyframes": {"0": {"x": -0.002, "y": 0.005, "z": -0.36, "xRot": 0.02998, "yRot": 0.0, "zRot": -0.00014}, "1": {"x": 0.0, "y": 0.004, "z": -0.316, "xRot": 0.02634, "yRot": -0.0, "zRot": 4e-05}, "2": {"x": -0.002, "y": 0.003, "z": -0.273, "xRot": 0.02271, "yRot": -0.0, "zRot": -0.00013}, "3": {"x": -0.007, "y": 0.002, "z": -0.228, "xRot": 0.01898, "yRot": -0.0, "zRot": -0.00058}, "4": {"x": -0.014, "y": 0.001, "z": -0.181, "xRot": 0.01507, "yRot": -0.0, "zRot": -0.00115}, "5": {"x": -0.019, "y": 0.001, "z": -0.131, "xRot": 0.0109, "yRot": -0.0, "zRot": -0.0016}, "6": {"x": -0.02, "y": 0.0, "z": -0.087, "xRot": 0.00721, "yRot": -0.0, "zRot": -0.00168}, "7": {"x": -0.017, "y": 0.0, "z": -0.055, "xRot": 0.00458, "yRot": 0.0, "zRot": -0.00141}, "8": {"x": -0.011, "y": 0.0, "z": -0.032, "xRot": 0.0027, "yRot": -0.0, "zRot": -0.00093}, "9": {"x": -0.005, "y": 0.0, "z": -0.015, "xRot": 0.00128, "yRot": 0.0, "zRot": -0.0004}, "10": {"x": 0.0, "y": -0.0, "z": -0.0, "xRot": 0.0, "yRot": -0.0, "zRot": -0.0}, "11": {"x": 0.005, "y": 0.0, "z": 0.009, "xRot": -0.00079, "yRot": 0.0, "zRot": 0.00039}, "12": {"x": 0.011, "y": 0.0, "z": 0.011, "xRot": -0.00089, "yRot": -0.0, "zRot": 0.00091}, "13": {"x": 0.016, "y": 0.0, "z": 0.01, "xRot": -0.0008, "yRot": -0.0, "zRot": 0.00137}, "14": {"x": 0.019, "y": 0.0, "z": 0.013, "xRot": -0.00106, "yRot": -0.0, "zRot": 0.00157}, "15": {"x": 0.016, "y": 0.0, "z": 0.026, "xRot": -0.00218, "yRot": -0.0, "zRot": 0.00132}, "16": {"x": 0.006, "y": 0.0, "z": 0.064, "xRot": -0.0053, "yRot": -0.0, "zRot": 0.00046}, "17": {"x": -0.011, "y": 0.001, "z": 0.127, "xRot": -0.01057, "yRot": -0.0, "zRot": -0.00088}, "18": {"x": -0.03, "y": 0.002, "z": 0.205, "xRot": -0.01708, "yRot": -0.0, "zRot": -0.00251}, "19": {"x": -0.051, "y": 0.004, "z": 0.287, "xRot": -0.0239, "yRot": -0.0, "zRot": -0.00426}, "20": {"x": -0.071, "y": 0.006, "z": 0.361, "xRot": -0.03012, "yRot": -0.0, "zRot": -0.0059}}}, {"name": "body", "keyframes": {"0": {"x": -0.531, "y": -0.026, "z": 0.463, "xRot": -0.03945, "yRot": 0.18207, "zRot": -0.05433}, "1": {"x": -0.468, "y": -0.021, "z": 0.376, "xRot": -0.0331, "yRot": 0.15186, "zRot": -0.04619}, "2": {"x": -0.4, "y": -0.013, "z": 0.279, "xRot": -0.02642, "yRot": 0.12001, "zRot": -0.03767}, "3": {"x": -0.329, "y": -0.006, "z": 0.186, "xRot": -0.0199, "yRot": 0.08898, "zRot": -0.02934}, "4": {"x": -0.26, "y": -0.0, "z": 0.109, "xRot": -0.01405, "yRot": 0.06126, "zRot": -0.02175}, "5": {"x": -0.199, "y": 0.001, "z": 0.06, "xRot": -0.00935, "yRot": 0.03933, "zRot": -0.01548}, "6": {"x": -0.148, "y": 0.001, "z": 0.033, "xRot": -0.00586, "yRot": 0.02485, "zRot": -0.01088}, "7": {"x": -0.107, "y": 0.0, "z": 0.016, "xRot": -0.00322, "yRot": 0.01615, "zRot": -0.0076}, "8": {"x": -0.072, "y": 0.0, "z": 0.006, "xRot": -0.0014, "yRot": 0.01077, "zRot": -0.00507}, "9": {"x": -0.037, "y": 0.0, "z": 0.001, "xRot": -0.00034, "yRot": 0.00621, "zRot": -0.00272}, "10": {"x": 0.0, "y": -0.0, "z": -0.0, "xRot": 0.0, "yRot": -0.0, "zRot": -0.0}, "11": {"x": 0.037, "y": 0.0, "z": 0.001, "xRot": -0.00034, "yRot": -0.00621, "zRot": 0.00272}, "12": {"x": 0.072, "y": 0.0, "z": 0.006, "xRot": -0.0014, "yRot": -0.01077, "zRot": 0.00507}, "13": {"x": 0.107, "y": 0.0, "z": 0.016, "xRot": -0.00322, "yRot": -0.01616, "zRot": 0.00761}, "14": {"x": 0.148, "y": 0.001, "z": 0.033, "xRot": -0.00586, "yRot": -0.02485, "zRot": 0.01089}, "15": {"x": 0.199, "y": 0.001, "z": 0.06, "xRot": -0.00935, "yRot": -0.03934, "zRot": 0.01548}, "16": {"x": 0.26, "y": -0.0, "z": 0.109, "xRot": -0.01405, "yRot": -0.06127, "zRot": 0.02176}, "17": {"x": 0.329, "y": -0.006, "z": 0.186, "xRot": -0.0199, "yRot": -0.08899, "zRot": 0.02934}, "18": {"x": 0.4, "y": -0.013, "z": 0.279, "xRot": -0.02642, "yRot": -0.12002, "zRot": 0.03767}, "19": {"x": 0.468, "y": -0.021, "z": 0.376, "xRot": -0.0331, "yRot": -0.15187, "zRot": 0.04619}, "20": {"x": 0.531, "y": -0.026, "z": 0.463, "xRot": -0.03945, "yRot": -0.18207, "zRot": 0.05433}}}, {"name": "head", "keyframes": {"0": {"x": -0.531, "y": -0.026, "z": 0.463, "xRot": 0.0, "yRot": 0.7854, "zRot": -0.0}, "1": {"x": -0.468, "y": -0.021, "z": 0.376, "xRot": 0.0, "yRot": 0.70686, "zRot": -0.0}, "2": {"x": -0.4, "y": -0.013, "z": 0.279, "xRot": 0.0, "yRot": 0.62832, "zRot": -0.0}, "3": {"x": -0.329, "y": -0.006, "z": 0.186, "xRot": 0.0, "yRot": 0.54978, "zRot": -0.0}, "4": {"x": -0.26, "y": -0.0, "z": 0.109, "xRot": 0.0, "yRot": 0.47124, "zRot": -0.0}, "5": {"x": -0.199, "y": 0.001, "z": 0.06, "xRot": 0.0, "yRot": 0.3927, "zRot": -0.0}, "6": {"x": -0.148, "y": 0.001, "z": 0.033, "xRot": 0.0, "yRot": 0.31416, "zRot": -0.0}, "7": {"x": -0.107, "y": 0.0, "z": 0.016, "xRot": 0.0, "yRot": 0.23562, "zRot": -0.0}, "8": {"x": -0.072, "y": 0.0, "z": 0.006, "xRot": 0.0, "yRot": 0.15708, "zRot": -0.0}, "9": {"x": -0.037, "y": 0.0, "z": 0.001, "xRot": 0.0, "yRot": 0.07854, "zRot": -0.0}, "10": {"x": 0.0, "y": -0.0, "z": -0.0, "xRot": 0.0, "yRot": -0.0, "zRot": -0.0}, "11": {"x": 0.037, "y": 0.0, "z": 0.001, "xRot": 0.0, "yRot": -0.07854, "zRot": -0.0}, "12": {"x": 0.072, "y": 0.0, "z": 0.006, "xRot": 0.0, "yRot": -0.15708, "zRot": -0.0}, "13": {"x": 0.107, "y": 0.0, "z": 0.016, "xRot": 0.0, "yRot": -0.23562, "zRot": -0.0}, "14": {"x": 0.148, "y": 0.001, "z": 0.033, "xRot": 0.0, "yRot": -0.31416, "zRot": -0.0}, "15": {"x": 0.199, "y": 0.001, "z": 0.06, "xRot": 0.0, "yRot": -0.3927, "zRot": -0.0}, "16": {"x": 0.26, "y": -0.0, "z": 0.109, "xRot": 0.0, "yRot": -0.47124, "zRot": -0.0}, "17": {"x": 0.329, "y": -0.006, "z": 0.186, "xRot": 0.0, "yRot": -0.54978, "zRot": -0.0}, "18": {"x": 0.4, "y": -0.013, "z": 0.279, "xRot": 0.0, "yRot": -0.62832, "zRot": -0.0}, "19": {"x": 0.468, "y": -0.021, "z": 0.376, "xRot": 0.0, "yRot": -0.70686, "zRot": -0.0}, "20": {"x": 0.531, "y": -0.026, "z": 0.463, "xRot": 0.0, "yRot": -0.7854, "zRot": -0.0}}}, {"name": "leftArm", "keyframes": {"0": {"x": -0.527, "y": -0.297, "z": -0.52, "xRot": -0.13274, "yRot": 0.05279, "zRot": -0.04344}, "1": {"x": -0.449, "y": -0.251,