{"frame_length": 20, "parts": [{"name": "leftLeg", "keyframes": {"0": {"x": 0.0, "y": 0.028, "z": -0.821, "xRot": 0.06847, "yRot": -0.0, "zRot": -0.0}, "1": {"x": 0.0, "y": 0.02, "z": -0.691, "xRot": 0.0576, "yRot": -0.0, "zRot": -0.0}, "2": {"x": 0.0, "y": 0.013, "z": -0.563, "xRot": 0.04697, "yRot": -0.0, "zRot": -0.0}, "3": {"x": 0.0, "y": 0.009, "z": -0.461, "xRot": 0.03846, "yRot": -0.0, "zRot": -0.0}, "4": {"x": 0.0, "y": 0.006, "z": -0.381, "xRot": 0.03173, "yRot": -0.0, "zRot": -0.0}, "5": {"x": 0.0, "y": 0.004, "z": -0.304, "xRot": 0.02531, "yRot": -0.0, "zRot": -0.0}, "6": {"x": 0.0, "y": 0.002, "z": -0.231, "xRot": 0.01926, "yRot": -0.0, "zRot": -0.0}, "7": {"x": 0.0, "y": 0.001, "z": -0.164, "xRot": 0.01365, "yRot": -0.0, "zRot": -0.0}, "8": {"x": 0.0, "y": 0.0, "z": -0.102, "xRot": 0.00853, "yRot": -0.0, "zRot": -0.0}, "9": {"x": 0.0, "y": 0.0, "z": -0.048, "xRot": 0.00396, "yRot": -0.0, "zRot": -0.0}, "10": {"x": 0.0, "y": -0.0, "z": -0.0, "xRot": 0.0, "yRot": -0.0, "zRot": -0.0}, "11": {"x": 0.0, "y": 0.0, "z": 0.029, "xRot": -0.00245, "yRot": -0.0, "zRot": -0.0}, "12": {"x": 0.0, "y": 0.0, "z": 0.038, "xRot": -0.00321, "yRot": -0.0, "zRot": -0.0}, "13": {"x": 0.0, "y": 0.0, "z": 0.039, "xRot": -0.00328, "yRot": -0.0, "zRot": -0.0}, "14": {"x": 0.0, "y": 0.0, "z": 0.044, "xRot": -0.00369, "yRot": -0.0, "zRot": -0.0}, "15": {"x": 0.0, "y": 0.0, "z": 0.065, "xRot": -0.00546, "yRot": -0.0, "zRot": -0.0}, "16": {"x": 0.0, "y": 0.001, "z": 0.115, "xRot": -0.00958, "yRot": -0.0, "zRot": -0.0}, "17": {"x": 0.0, "y": 0.002, "z": 0.215, "xRot": -0.0179, "yRot": -0.0, "zRot": -0.0}, "18": {"x": 0.0, "y": 0.005, "z": 0.36, "xRot": -0.03003, "yRot": -0.0, "zRot": -0.0}, "19": {"x": 0.0, "y": 0.011, "z": 0.524, "xRot": -0.04371, "yRot": -0.0, "zRot": -0.0}, "20": {"x": 0.0, "y": 0.019, "z": 0.679, "xRot": -0.0566, "yRot": -0.0, "zRot": -0.0}}}, {"name": "rightLeg", "keyframes": {"0": {"x": 0.0, "y": 0.028, "z": -0.821, "xRot": 0.06847, "yRot": -0.0, "zRot": -0.0}, "1": {"x": 0.0, "y": 0.02, "z": -0.691, "xRot": 0.0576, "yRot": -0.0, "zRot": -0.0}, "2": {"x": 0.0, "y": 0.013, "z": -0.563, "xRot": 0.04697, "yRot": -0.0, "zRot": -0.0}, "3": {"x": 0.0, "y": 0.009, "z": -0.461, "xRot": 0.03846, "yRot": -0.0, "zRot": -0.0}, "4": {"x": 0.0, "y": 0.006, "z": -0.381, "xRot": 0.03173, "yRot": -0.0, "zRot": -0.0}, "5": {"x": 0.0, "y": 0.004, "z": -0.304, "xRot": 0.02531, "yRot": -0.0, "zRot": -0.0}, "6": {"x": 0.0, "y": 0.002, "z": -0.231, "xRot": 0.01926, "yRot": -0.0, "zRot": -0.0}, "7": {"x": 0.0, "y": 0.001, "z": -0.164, "xRot": 0.01365, "yRot": -0.0, "zRot": -0.0}, "8": {"x": 0.0, "y": 0.0, "z": -0.102, "xRot": 0.00853, "yRot": -0.0, "zRot": -0.0}, "9": {"x": 0.0, "y": 0.0, "z": -0.048, "xRot": 0.00396, "yRot": -0.0, "zRot": -0.0}, "10": {"x": 0.0, "y": -0.0, "z": -0.0, "xRot": 0.0, "yRot": -0.0, "zRot": -0.0}, "11": {"x": 0.0, "y": 0.0, "z": 0.029, "xRot": -0.00245, "yRot": -0.0, "zRot": -0.0}, "12": {"x": 0.0, "y": 0.0, "z": 0.038, "xRot": -0.00321, "yRot": -0.0, "zRot": -0.0}, "13": {"x": 0.0, "y": 0.0, "z": 0.039, "xRot": -0.00328, "yRot": -0.0, "zRot": -0.0}, "14": {"x": 0.0, "y": 0.0, "z": 0.044, "xRot": -0.00369, "yRot": -0.0, "zRot": -0.0}, "15": {"x": 0.0, "y": 0.0, "z": 0.065, "xRot": -0.00546, "yRot": -0.0, "zRot": -0.0}, "16": {"x": 0.0, "y": 0.001, "z": 0.115, "xRot": -0.00958, "yRot": -0.0, "zRot": -0.0}, "17": {"x": 0.0, "y": 0.002, "z": 0.215, "xRot": -0.0179, "yRot": -0.0, "zRot": -0.0}, "18": {"x": 0.0, "y": 0.005, "z": 0.36, "xRot": -0.03003, "yRot": -0.0, "zRot": -0.0}, "19": {"x": 0.0, "y": 0.011, "z": 0.524, "xRot": -0.04371, "yRot": -0.0, "zRot": -0.0}, "20": {"x": 0.0, "y": 0.019, "z": 0.679, "xRot": -0.0566, "yRot": -0.0, "zRot": -0.0}}}, {"name": "body", "keyframes": {"0": {"x": 0.0, "y": 0.868, "z": -5.392, "xRot": 0.39044, "yRot": -0.0, "zRot": -0.0}, "1": {"x": 0.0, "y": 0.657, "z": -4.554, "xRot": 0.3278, "yRot": -0.0, "zRot": -0.0}, "2": {"x": 0.0, "y": 0.476, "z": -3.706, "xRot": 0.26517, "yRot": -0.0, "zRot": -0.0}, "3": {"x": 0.0, "y": 0.35, "z": -3.024, "xRot": 0.2154, "yRot": -0.0, "zRot": -0.0}, "4": {"x": 0.0, "y": 0.262, "z": -2.496, "xRot": 0.17737, "yRot": -0.0, "zRot": -0.0}, "5": {"x": 0.0, "y": 0.186, "z": -1.994, "xRot": 0.14147, "yRot": -0.0, "zRot": -0.0}, "6": {"x": 0.0, "y": 0.121, "z": -1.522, "xRot": 0.10788, "yRot": -0.0, "zRot": -0.0}, "7": {"x": 0.0, "y": 0.069, "z": -1.084, "xRot": 0.07676, "yRot": -0.0, "zRot": -0.0}, "8": {"x": 0.0, "y": 0.031, "z": -0.682, "xRot": 0.0483, "yRot": -0.0, "zRot": -0.0}, "9": {"x": 0.0, "y": 0.008, "z": -0.319, "xRot": 0.02265, "yRot": -0.0, "zRot": -0.0}, "10": {"x": 0.0, "y": -0.0, "z": -0.0, "xRot": 0.0, "yRot": -0.0, "zRot": -0.0}, "11": {"x": -0.0, "y": -0.002, "z": 0.225, "xRot": -0.01631, "yRot": -0.0, "zRot": -0.0}, "12": {"x": -0.0, "y": -0.008, "z": 0.343, "xRot": -0.02538, "yRot": -0.0, "zRot": -0.0}, "13": {"x": -0.0, "y": -0.016, "z": 0.408, "xRot": -0.03068, "yRot": -0.0, "zRot": -0.0}, "14": {"x": -0.0, "y": -0.024, "z": 0.473, "xRot": -0.0357, "yRot": -0.0, "zRot": -0.0}, "15": {"x": -0.0, "y": -0.029, "z": 0.593, "xRot": -0.04395, "yRot": -0.0, "zRot": -0.0}, "16": {"x": -0.0, "y": -0.025, "z": 0.822, "xRot": -0.05889, "yRot": -0.0, "zRot": -0.0}, "17": {"x": -0.0, "y": -0.006, "z": 1.23, "xRot": -0.08466, "yRot": -0.0, "zRot": -0.0}, "18": {"x": -0.0, "y": 0.034, "z": 1.792, "xRot": -0.11948, "yRot": -0.0, "zRot": -0.0}, "19": {"x": -0.0, "y": 0.087, "z": 2.415, "xRot": -0.15791, "yRot": -0.0, "zRot": -0.0}, "20": {"x": -0.0, "y": 0.144, "z": 3.004, "xRot": -0.19453, "yRot": -0.0, "zRot": -0.0}}}, {"name": "cloak", "keyframes": {"0": {"x": 0.0, "y": -0.083, "z": -5.581, "xRot": 0.42268, "yRot": -0.0, "zRot": -0.0}, "1": {"x": 0.0, "y": -0.148, "z": -4.688, "xRot": 0.35317, "yRot": -0.0, "zRot": -0.0}, "2": {"x": 0.0, "y": -0.18, "z": -3.794, "xRot": 0.29127, "yRot": -0.0, "zRot": -0.0}, "3": {"x": 0.0, "y": -0.184, "z": -3.082, "xRot": 0.23639, "yRot": -0.0, "zRot": -0.0}, "4": {"x": 0.0, "y": -0.179, "z": -2.535, "xRot": 0.18795, "yRot": -0.0, "zRot": -0.0}, "5": {"x": 0.0, "y": -0.167, "z": -2.019, "xRot": 0.14537, "yRot": -0.0, "zRot": -0.0}, "6": {"x": 0.0, "y": -0.148, "z": -1.537, "xRot": 0.10807, "yRot": -0.0, "zRot": -0.0}, "7": {"x": 0.0, "y": -0.123, "z": -1.091, "xRot": 0.07546, "yRot": -0.0, "zRot": -0.0}, "8": {"x": 0.0, "y": -0.089, "z": -0.684, "xRot": 0.04697, "yRot": -0.0, "zRot": -0.0}, "9": {"x": 0.0, "y": -0.049, "z": -0.32, "xRot": 0.02201, "yRot": -0.0, "zRot": -0.0}, "10": {"x": 0.0, "y": -0.0, "z": -0.0, "xRot": 0.0, "yRot": -0.0, "zRot": -0.0}, "11": {"x": -0.0, "y": 0.039, "z": 0.225, "xRot": 0.0, "yRot": -0.0, "zRot": -0.0}, "12": {"x": -0.0, "y": 0.056, "z": 0.342, "xRot": 0.0, "yRot": -0.0, "zRot": -0.0}, "13": {"x": -0.0, "y": 0.061, "z": 0.406, "xRot": 0.0, "yRot": -0.0, "zRot": -0.0}, "14": {"x": -0.0, "y": 0.065, "z": 0.471, "xRot": 0.0, "yRot": -0.0, "zRot": -0.0}, "15": {"x": -0.0, "y": 0.081, "z": 0.59, "xRot": 0.0, "yRot": -0.0, "zRot": -0.0}, "16": {"x": -0.0, "y": 0.122, "z": 0.817, "xRot": 0.0, "yRot": -0.0, "zRot": -0.0}, "17": {"x": -0.0, "y": 0.206, "z": 1.221, "xRot": 0.0, "yRot": -0.0, "zRot": -0.0}, "18": {"x": -0.0, "y": 0.332, "z": 1.775, "xRot": 0.0, "yRot": -0.0, "zRot": -0.0}, "19": {"x": -0.0, "y": 0.48, "z": 2.383, "xRot": 0.0, "yRot": -0.0, "zRot": -0.0}, "20": {"x": -0.0, "y": 0.627, "z": 2.957, "xRot": 0.0, "yRot": -0.0, "zRot": -0.0}}}, {"name": "head", "keyframes": {"0": {"x": 0.0, "y": 0.868, "z": -6.776, "xRot": 0.0, "yRot": -0.0, "zRot": -0.0}, "1": {"x": 0.0, "y": 0.657, "z": -5.788, "xRot": 0.0, "yRot": -0.0, "zRot": -0.0}, "2": {"x": 0.0, "y": 0.476, "z": -4.769, "xRot": 0.0, "yRot": -0.0, "zRot": -0.0}, "3": {"x": 0.0, "y": 0.35, "z": -3.905, "xRot": 0.0, "yRot": -0.0, "zRot": -0.0}, "4": {"x": 0.0, "y": 0.262, "z": -3.193, "xRot": 0.0, "yRot": -0.0, "zRot": -0.0}, "5": {"x": 0.0, "y": 0.186, "z": -2.513, "xRot": 0.0, "yRot": -0.0, "zRot": -0.0}, "6": {"x": 0.0, "y": 0.121,