{"frame_length": 20, "parts": [{"name": "leftLeg", "keyframes": {"0": {"x": -0.027, "y": 0.006, "z": -0.368, "xRot": 0.03069, "yRot": -0.0, "zRot": -0.00223}, "1": {"x": -0.001, "y": 0.004, "z": -0.301, "xRot": 0.02508, "yRot": -0.0, "zRot": -8e-05}, "2": {"x": 0.016, "y": 0.003, "z": -0.249, "xRot": 0.02078, "yRot": 0.0, "zRot": 0.00131}, "3": {"x": 0.025, "y": 0.002, "z": -0.21, "xRot": 0.01754, "yRot": -0.0, "zRot": 0.00211}, "4": {"x": 0.03, "y": 0.001, "z": -0.181, "xRot": 0.01509, "yRot": -0.0, "zRot": 0.00248}, "5": {"x": 0.03, "y": 0.001, "z": -0.158, "xRot": 0.01313, "yRot": -0.0, "zRot": 0.00252}, "6": {"x": 0.028, "y": 0.001, "z": -0.136, "xRot": 0.01137, "yRot": -0.0, "zRot": 0.00233}, "7": {"x": 0.024, "y": 0.001, "z": -0.114, "xRot": 0.00949, "yRot": -0.0, "zRot": 0.00196}, "8": {"x": 0.017, "y": 0.0, "z": -0.086, "xRot": 0.00718, "yRot": -0.0, "zRot": 0.00144}, "9": {"x": 0.01, "y": 0.0, "z": -0.05, "xRot": 0.00413, "yRot": -0.0, "zRot": 0.00079}, "10": {"x": 0.0, "y": 0.0, "z": -0.0, "xRot": 0.0, "yRot": -0.0, "zRot": 1e-05}, "11": {"x": -0.011, "y": 0.0, "z": 0.058, "xRot": -0.00484, "yRot": -0.0, "zRot": -0.0009}, "12": {"x": -0.023, "y": 0.001, "z": 0.119, "xRot": -0.00988, "yRot": 0.0, "zRot": -0.00188}, "13": {"x": -0.035, "y": 0.001, "z": 0.182, "xRot": -0.01516, "yRot": -0.0, "zRot": -0.0029}, "14": {"x": -0.047, "y": 0.003, "z": 0.249, "xRot": -0.02074, "yRot": -0.0, "zRot": -0.00395}, "15": {"x": -0.06, "y": 0.004, "z": 0.32, "xRot": -0.02667, "yRot": -0.0, "zRot": -0.00501}, "16": {"x": -0.073, "y": 0.007, "z": 0.396, "xRot": -0.03302, "yRot": 0.0, "zRot": -0.00611}, "17": {"x": -0.087, "y": 0.01, "z": 0.478, "xRot": -0.03983, "yRot": -0.0, "zRot": -0.00728}, "18": {"x": -0.103, "y": 0.014, "z": 0.566, "xRot": -0.04715, "yRot": 0.0, "zRot": -0.00858}, "19": {"x": -0.121, "y": 0.019, "z": 0.66, "xRot": -0.05503, "yRot": 0.0, "zRot": -0.01008}, "20": {"x": -0.143, "y": 0.025, "z": 0.762, "xRot": -0.0635, "yRot": -0.0, "zRot": -0.01191}}}, {"name": "rightLeg", "keyframes": {"0": {"x": 0.143, "y": 0.025, "z": 0.762, "xRot": -0.06351, "yRot": -0.0, "zRot": 0.01194}, "1": {"x": 0.119, "y": 0.018, "z": 0.647, "xRot": -0.05395, "yRot": -0.0, "zRot": 0.00992}, "2": {"x": 0.1, "y": 0.013, "z": 0.545, "xRot": -0.04543, "yRot": -0.0, "zRot": 0.00835}, "3": {"x": 0.085, "y": 0.009, "z": 0.454, "xRot": -0.03785, "yRot": -0.0, "zRot": 0.00706}, "4": {"x": 0.071, "y": 0.006, "z": 0.373, "xRot": -0.03108, "yRot": -0.0, "zRot": 0.00593}, "5": {"x": 0.059, "y": 0.004, "z": 0.3, "xRot": -0.02498, "yRot": -0.0, "zRot": 0.00488}, "6": {"x": 0.046, "y": 0.002, "z": 0.233, "xRot": -0.01944, "yRot": -0.0, "zRot": 0.00387}, "7": {"x": 0.035, "y": 0.001, "z": 0.172, "xRot": -0.01431, "yRot": -0.0, "zRot": 0.00288}, "8": {"x": 0.023, "y": 0.001, "z": 0.113, "xRot": -0.00945, "yRot": -0.0, "zRot": 0.00189}, "9": {"x": 0.011, "y": 0.0, "z": 0.057, "xRot": -0.00472, "yRot": -0.0, "zRot": 0.00092}, "10": {"x": 0.0, "y": 0.0, "z": -0.0, "xRot": 0.0, "yRot": -0.0, "zRot": 1e-05}, "11": {"x": -0.009, "y": 0.0, "z": -0.051, "xRot": 0.00425, "yRot": 0.0, "zRot": -0.00076}, "12": {"x": -0.017, "y": 0.0, "z": -0.091, "xRot": 0.00761, "yRot": 0.0, "zRot": -0.00139}, "13": {"x": -0.022, "y": 0.001, "z": -0.124, "xRot": 0.01033, "yRot": -0.0, "zRot": -0.00186}, "14": {"x": -0.026, "y": 0.001, "z": -0.152, "xRot": 0.01265, "yRot": -0.0, "zRot": -0.00216}, "15": {"x": -0.027, "y": 0.001, "z": -0.177, "xRot": 0.01479, "yRot": 0.0, "zRot": -0.00225}, "16": {"x": -0.025, "y": 0.002, "z": -0.204, "xRot": 0.01699, "yRot": -0.0, "zRot": -0.0021}, "17": {"x": -0.02, "y": 0.002, "z": -0.234, "xRot": 0.01946, "yRot": -0.0, "zRot": -0.00165}, "18": {"x": -0.01, "y": 0.003, "z": -0.269, "xRot": 0.02244, "yRot": -0.0, "zRot": -0.00083}, "19": {"x": 0.005, "y": 0.004, "z": -0.313, "xRot": 0.02611, "yRot": -0.0, "zRot": 0.00043}, "20": {"x": 0.027, "y": 0.006, "z": -0.368, "xRot": 0.03069, "yRot": -0.0, "zRot": 0.00225}}}, {"name": "body", "keyframes": {"0": {"x": -0.51, "y": 0.015, "z": 0.645, "xRot": -0.03932, "yRot": 0.28601, "zRot": -0.05845}, "1": {"x": -0.473, "y": 0.012, "z": 0.578, "xRot": -0.03503, "yRot": 0.23891, "zRot": -0.05261}, "2": {"x": -0.431, "y": 0.01, "z": 0.5, "xRot": -0.0302, "yRot": 0.19958, "zRot": -0.04676}, "3": {"x": -0.386, "y": 0.008, "z": 0.416, "xRot": -0.02505, "yRot": 0.16664, "zRot": -0.04092}, "4": {"x": -0.338, "y": 0.006, "z": 0.33, "xRot": -0.01982, "yRot": 0.13872, "zRot": -0.03507}, "5": {"x": -0.286, "y": 0.004, "z": 0.246, "xRot": -0.01474, "yRot": 0.11446, "zRot": -0.02923}, "6": {"x": -0.232, "y": 0.002, "z": 0.168, "xRot": -0.01007, "yRot": 0.09248, "zRot": -0.02338}, "7": {"x": -0.176, "y": 0.001, "z": 0.1, "xRot": -0.00602, "yRot": 0.07142, "zRot": -0.01754}, "8": {"x": -0.119, "y": 0.001, "z": 0.047, "xRot": -0.00283, "yRot": 0.04989, "zRot": -0.01169}, "9": {"x": -0.06, "y": 0.0, "z": 0.012, "xRot": -0.00075, "yRot": 0.02655, "zRot": -0.00585}, "10": {"x": 0.0, "y": 0.0, "z": -0.0, "xRot": 0.0, "yRot": -0.0, "zRot": -0.0}, "11": {"x": 0.06, "y": 0.0, "z": 0.012, "xRot": -0.00075, "yRot": -0.02727, "zRot": 0.00584}, "12": {"x": 0.119, "y": 0.001, "z": 0.047, "xRot": -0.00283, "yRot": -0.05248, "zRot": 0.01169}, "13": {"x": 0.176, "y": 0.001, "z": 0.1, "xRot": -0.00602, "yRot": -0.07651, "zRot": 0.01753}, "14": {"x": 0.232, "y": 0.002, "z": 0.168, "xRot": -0.01007, "yRot": -0.10025, "zRot": 0.02338}, "15": {"x": 0.285, "y": 0.004, "z": 0.246, "xRot": -0.01474, "yRot": -0.12458, "zRot": 0.02923}, "16": {"x": 0.336, "y": 0.006, "z": 0.33, "xRot": -0.01982, "yRot": -0.15038, "zRot": 0.03507}, "17": {"x": 0.384, "y": 0.008, "z": 0.416, "xRot": -0.02505, "yRot": -0.17853, "zRot": 0.04092}, "18": {"x": 0.429, "y": 0.01, "z": 0.5, "xRot": -0.0302, "yRot": -0.20994, "zRot": 0.04676}, "19": {"x": 0.471, "y": 0.012, "z": 0.577, "xRot": -0.03503, "yRot": -0.24546, "zRot": 0.05261}, "20": {"x": 0.51, "y": 0.015, "z": 0.645, "xRot": -0.03932, "yRot": -0.28601, "zRot": 0.05845}}}, {"name": "cloak", "keyframes": {"0": {"x": 0.199, "y": 0.072, "z": 0.541, "xRot": 0.10843, "yRot": 0.37251, "zRot": 0.02004}, "1": {"x": 0.122, "y": 0.069, "z": 0.505, "xRot": 0.09662, "yRot": 0.33526, "zRot": 0.01804}, "2": {"x": 0.067, "y": 0.062, "z": 0.449, "xRot": 0.08328, "yRot": 0.29801, "zRot": 0.01603}, "3": {"x": 0.031, "y": 0.053, "z": 0.381, "xRot": 0.06907, "yRot": 0.26076, "zRot": 0.01403}, "4": {"x": 0.01, "y": 0.043, "z": 0.305, "xRot": 0.05465, "yRot": 0.22351, "zRot": 0.01202}, "5": {"x": 0.0, "y": 0.032, "z": 0.229, "xRot": 0.04066, "yRot": 0.18625, "zRot": 0.01002}, "6": {"x": -0.001, "y": 0.022, "z": 0.157, "xRot": 0.02776, "yRot": 0.149, "zRot": 0.00802}, "7": {"x": 0.002, "y": 0.013, "z": 0.094, "xRot": 0.01659, "yRot": 0.11175, "zRot": 0.00601}, "8": {"x": 0.006, "y": 0.006, "z": 0.044, "xRot": 0.00781, "yRot": 0.0745, "zRot": 0.00401}, "9": {"x": 0.007, "y": 0.002, "z": 0.012, "xRot": 0.00206, "yRot": 0.03725, "zRot": 0.002}, "10": {"x": 0.0, "y": 0.0, "z": -0.0, "xRot": 0.0, "yRot": -0.0, "zRot": -0.0}, "11": {"x": -0.008, "y": 0.002, "z": 0.012, "xRot": 0.00206, "yRot": -0.03725, "zRot": -0.002}, "12": {"x": -0.012, "y": 0.006, "z": 0.044, "xRot": 0.00781, "yRot": -0.0745, "zRot": -0.00401}, "13": {"x": -0.015, "y": 0.013, "z": 0.093, "xRot": 0.01659, "yRot": -0.11175, "zRot": -0.00601}, "14": {"x": -0.019, "y": 0.022, "z": 0.155, "xRot": 0.02776, "yRot": -0.149, "zRot": -0.00801}, "15": {"x": -0.026, "y": 0.032, "z": 0.226, "xRot": 0.04066, "yRot": -0.18625, "zRot": -0.01002}, "16": {"x": -0.04, "y": 0.042, "z": 0.301, "xRot": 0.05465, "yRot": -0.2235, "zRot": -0.01202}, "17": {"x": -0.062, "y": 0.052, "z": 0.375, "xRot": 0.06907, "yRot": -0.26075, "zRot": -0.01403}, "18": {"x": -0.095, "y": 0.061, "z": 0.444, "xRot": 0.08328, "yRot": -0.298, "zRot": -0.01603}, "19": {"x": -0.14, "y": 0.068, "z": 0.501, "xRot": 0.09662, "yRot": -0.33526, "zRot": -0.01803}, "20": {"x": -0.199, "y": 0.072, "z": 0.541, "xRot": 0.10843, "yRot": -0.37251,