{"frame_length": 17, "parts": [{"name": "leftLeg", "keyframes": {"0": {"x": 0.0, "y": -6.003, "z": -0.0, "xRot": 0.0, "yRot": -0.0, "zRot": -0.0}, "1": {"x": 0.0, "y": -5.892, "z": -0.05, "xRot": -0.00012, "yRot": -0.0, "zRot": -0.0}, "2": {"x": 0.0, "y": -5.568, "z": -0.187, "xRot": -0.00105, "yRot": -0.0, "zRot": -0.0}, "3": {"x": 0.0, "y": -5.044, "z": -0.391, "xRot": -0.00359, "yRot": -0.0, "zRot": -0.0}, "4": {"x": 0.0, "y": -4.336, "z": -0.645, "xRot": -0.00858, "yRot": -0.0, "zRot": -0.0}, "5": {"x": 0.0, "y": -3.376, "z": -0.937, "xRot": -0.01931, "yRot": -0.0, "zRot": -0.0}, "6": {"x": 0.0, "y": -2.191, "z": -1.248, "xRot": -0.0364, "yRot": -0.0, "zRot": -0.0}, "7": {"x": 0.0, "y": -0.925, "z": -1.541, "xRot": -0.05666, "yRot": -0.0, "zRot": -0.0}, "8": {"x": 0.0, "y": 0.286, "z": -1.781, "xRot": -0.0769, "yRot": -0.0, "zRot": -0.0}, "9": {"x": 0.0, "y": -0.011, "z": -1.584, "xRot": -0.00044, "yRot": -0.0, "zRot": -0.0}, "10": {"x": 0.0, "y": -0.31, "z": -1.235, "xRot": 0.07224, "yRot": -0.0, "zRot": -0.0}, "11": {"x": 0.0, "y": -0.436, "z": -0.801, "xRot": 0.09796, "yRot": -0.0, "zRot": -0.0}, "12": {"x": 0.0, "y": -0.313, "z": -0.416, "xRot": 0.06569, "yRot": -0.0, "zRot": -0.0}, "13": {"x": 0.0, "y": -0.109, "z": -0.131, "xRot": 0.01889, "yRot": -0.0, "zRot": -0.0}, "14": {"x": 0.0, "y": -0.0, "z": -0.0, "xRot": 0.0, "yRot": -0.0, "zRot": -0.0}, "15": {"x": 0.0, "y": -0.0, "z": -0.0, "xRot": 0.0, "yRot": -0.0, "zRot": -0.0}, "16": {"x": 0.0, "y": -0.0, "z": -0.0, "xRot": 0.0, "yRot": -0.0, "zRot": -0.0}, "17": {"x": 0.0, "y": -0.0, "z": -0.0, "xRot": 0.0, "yRot": -0.0, "zRot": -0.0}}}, {"name": "rightLeg", "keyframes": {"0": {"x": 0.0, "y": -6.003, "z": -0.0, "xRot": 0.0, "yRot": -0.0, "zRot": -0.0}, "1": {"x": 0.0, "y": -5.892, "z": -0.05, "xRot": 0.00594, "yRot": -0.0, "zRot": -0.0}, "2": {"x": 0.0, "y": -5.568, "z": -0.187, "xRot": 0.01974, "yRot": -0.0, "zRot": -0.0}, "3": {"x": 0.0, "y": -5.044, "z": -0.391, "xRot": 0.03539, "yRot": -0.0, "zRot": -0.0}, "4": {"x": 0.0, "y": -4.336, "z": -0.645, "xRot": 0.04684, "yRot": -0.0, "zRot": -0.0}, "5": {"x": 0.0, "y": -3.376, "z": -0.937, "xRot": 0.04562, "yRot": -0.0, "zRot": -0.0}, "6": {"x": 0.0, "y": -2.191, "z": -1.248, "xRot": 0.0259, "yRot": -0.0, "zRot": -0.0}, "7": {"x": 0.0, "y": -0.925, "z": -1.541, "xRot": -0.01269, "yRot": -0.0, "zRot": -0.0}, "8": {"x": 0.0, "y": 0.286, "z": -1.781, "xRot": -0.06346, "yRot": -0.0, "zRot": -0.0}, "9": {"x": 0.0, "y": -0.011, "z": -1.584, "xRot": -0.02439, "yRot": -0.0, "zRot": -0.0}, "10": {"x": 0.0, "y": -0.31, "z": -1.235, "xRot": 0.00938, "yRot": -0.0, "zRot": -0.0}, "11": {"x": 0.0, "y": -0.436, "z": -0.801, "xRot": 0.02361, "yRot": -0.0, "zRot": -0.0}, "12": {"x": 0.0, "y": -0.313, "z": -0.416, "xRot": 0.01532, "yRot": -0.0, "zRot": -0.0}, "13": {"x": 0.0, "y": -0.109, "z": -0.131, "xRot": 0.00197, "yRot": -0.0, "zRot": -0.0}, "14": {"x": 0.0, "y": -0.0, "z": -0.0, "xRot": 0.0, "yRot": -0.0, "zRot": -0.0}, "15": {"x": 0.0, "y": -0.0, "z": -0.0, "xRot": 0.0, "yRot": -0.0, "zRot": -0.0}, "16": {"x": 0.0, "y": -0.0, "z": -0.0, "xRot": 0.0, "yRot": -0.0, "zRot": -0.0}, "17": {"x": 0.0, "y": -0.0, "z": -0.0, "xRot": 0.0, "yRot": -0.0, "zRot": -0.0}}}, {"name": "body", "keyframes": {"0": {"x": 0.0, "y": -6.003, "z": -0.0, "xRot": 0.0, "yRot": -0.0, "zRot": -0.0}, "1": {"x": 0.0, "y": -5.892, "z": 0.026, "xRot": -0.00331, "yRot": -0.0, "zRot": -0.0}, "2": {"x": 0.0, "y": -5.567, "z": 0.104, "xRot": -0.01301, "yRot": -0.0, "zRot": -0.0}, "3": {"x": 0.0, "y": -5.034, "z": 0.23, "xRot": -0.02874, "yRot": -0.0, "zRot": -0.0}, "4": {"x": 0.0, "y": -4.303, "z": 0.401, "xRot": -0.05017, "yRot": -0.0, "zRot": -0.0}, "5": {"x": 0.0, "y": -3.296, "z": 0.635, "xRot": -0.07942, "yRot": -0.0, "zRot": -0.0}, "6": {"x": 0.0, "y": -2.028, "z": 0.925, "xRot": -0.11592, "yRot": -0.0, "zRot": -0.0}, "7": {"x": 0.0, "y": -0.646, "z": 1.238, "xRot": -0.15533, "yRot": -0.0, "zRot": -0.0}, "8": {"x": 0.0, "y": 0.696, "z": 1.537, "xRot": -0.19329, "yRot": -0.0, "zRot": -0.0}, "9": {"x": 0.0, "y": 0.221, "z": 1.052, "xRot": -0.13193, "yRot": -0.0, "zRot": -0.0}, "10": {"x": 0.0, "y": -0.223, "z": 0.564, "xRot": -0.07057, "yRot": -0.0, "zRot": -0.0}, "11": {"x": 0.0, "y": -0.42, "z": 0.221, "xRot": -0.02761, "yRot": -0.0, "zRot": -0.0}, "12": {"x": 0.0, "y": -0.313, "z": 0.082, "xRot": -0.01023, "yRot": -0.0, "zRot": -0.0}, "13": {"x": 0.0, "y": -0.11, "z": 0.041, "xRot": -0.00511, "yRot": -0.0, "zRot": -0.0}, "14": {"x": 0.0, "y": -0.0, "z": -0.0, "xRot": 0.0, "yRot": -0.0, "zRot": -0.0}, "15": {"x": 0.0, "y": -0.0, "z": -0.0, "xRot": 0.0, "yRot": -0.0, "zRot": -0.0}, "16": {"x": 0.0, "y": -0.0, "z": -0.0, "xRot": 0.0, "yRot": -0.0, "zRot": -0.0}, "17": {"x": 0.0, "y": -0.0, "z": -0.0, "xRot": 0.0, "yRot": -0.0, "zRot": -0.0}}}, {"name": "cloak", "keyframes": {"0": {"x": 0.0, "y": -6.003, "z": -0.0, "xRot": 0.0, "yRot": -0.0, "zRot": -0.0}, "1": {"x": 0.0, "y": -5.884, "z": 0.026, "xRot": 0.0, "yRot": -0.0, "zRot": -0.0}, "2": {"x": 0.0, "y": -5.534, "z": 0.104, "xRot": 0.0, "yRot": -0.0, "zRot": -0.0}, "3": {"x": 0.0, "y": -4.963, "z": 0.229, "xRot": 0.0, "yRot": -0.0, "zRot": -0.0}, "4": {"x": 0.0, "y": -4.178, "z": 0.398, "xRot": 0.0, "yRot": -0.0, "zRot": -0.0}, "5": {"x": 0.0, "y": -3.098, "z": 0.627, "xRot": 0.0, "yRot": -0.0, "zRot": -0.0}, "6": {"x": 0.0, "y": -1.739, "z": 0.909, "xRot": 0.0, "yRot": -0.0, "zRot": -0.0}, "7": {"x": 0.0, "y": -0.26, "z": 1.208, "xRot": 0.0, "yRot": -0.0, "zRot": -0.0}, "8": {"x": 0.0, "y": 1.176, "z": 1.49, "xRot": 0.0, "yRot": -0.0, "zRot": -0.0}, "9": {"x": 0.0, "y": 0.55, "z": 1.031, "xRot": 0.0, "yRot": -0.0, "zRot": -0.0}, "10": {"x": 0.0, "y": -0.047, "z": 0.558, "xRot": 0.0, "yRot": -0.0, "zRot": -0.0}, "11": {"x": 0.0, "y": -0.351, "z": 0.22, "xRot": 0.0, "yRot": -0.0, "zRot": -0.0}, "12": {"x": 0.0, "y": -0.287, "z": 0.082, "xRot": 0.0, "yRot": -0.0, "zRot": -0.0}, "13": {"x": 0.0, "y": -0.097, "z": 0.041, "xRot": 0.0, "yRot": -0.0, "zRot": -0.0}, "14": {"x": 0.0, "y": -0.0, "z": -0.0, "xRot": 0.0, "yRot": -0.0, "zRot": -0.0}, "15": {"x": 0.0, "y": -0.0, "z": -0.0, "xRot": 0.0, "yRot": -0.0, "zRot": -0.0}, "16": {"x": 0.0, "y": -0.0, "z": -0.0, "xRot": 0.0, "yRot": -0.0, "zRot": -0.0}, "17": {"x": 0.0, "y": -0.0, "z": -0.0, "xRot": 0.0, "yRot": -0.0, "zRot": -0.0}}}, {"name": "head", "keyframes": {"0": {"x": 0.0, "y": -6.003, "z": -0.0, "xRot": 0.0, "yRot": -0.0, "zRot": -0.0}, "1": {"x": 0.0, "y": -5.892, "z": 0.026, "xRot": -0.00169, "yRot": -0.0, "zRot": -0.0}, "2": {"x": 0.0, "y": -5.567, "z": 0.104, "xRot": -0.0076, "yRot": -0.0, "zRot": -0.0}, "3": {"x": 0.0, "y": -5.034, "z": 0.23, "xRot": -0.01903, "yRot": -0.0, "zRot": -0.0}, "4": {"x": 0.0, "y": -4.303, "z": 0.401, "xRot": -0.03724, "yRot": -0.0, "zRot": -0.0}, "5": {"x": 0.0, "y": -3.296, "z": 0.635, "xRot": -0.07138, "yRot": -0.0, "zRot": -0.0}, "6": {"x": 0.0, "y": -2.028, "z": 0.925, "xRot": -0.11781, "yRot": -0.0, "zRot": -0.0}, "7": {"x": 0.0, "y": -0.646, "z": 1.238, "xRot": -0.15874, "yRot": -0.0, "zRot": -0.0}, "8": {"x": 0.0, "y": 0.696, "z": 1.537, "xRot": -0.17634, "yRot": -0.0, "zRot": -0.0}, "9": {"x": 0.0, "y": 0.221, "z": 1.052, "xRot": 0.03916, "yRot": -0.0, "zRot": -0.0}, "10": {"x": 0.0, "y": -0.223, "z": 0.564, "xRot": 0.25466, "yRot": -0.0, "zRot": -0.0}, "11": {"x": 0.0, "y": -0.42, "z": 0.221, "xRot": 0.18449, "yRot": -0.0, "zRot": -0.0}, "12": {"x": 0.0, "y": -0.313, "z": 0.082, "xRot": 0.08149, "yRot": -0.0, "zRot": -0.0}, "13": {"x": 0.0, "y": -0.11, "z": 0.041, "xRot": 0.03118, "yRot": -0.0, "zRot": -0.0}, "14": {"x": 0.0, "y": -0.0, "z": -0.0, "xRot": 0.00653, "yRot": -0.0, "zRot": -0.0}, "15": {"x": 0.0, "y": -0.0, "z": -0.0, "xRot": 0.0, "yRot": -0.0, "zRot": -0.0}, "16": {"x": 0.0, "y": -0.0, "z": -0.0, "xRot": 0.0, "yRot": -0.0, "zRot": -0.0}, "17": {"x": 0.0, "y": -0.0, "z": -0.0, "xRot": 0.0, "yRot": -0.0, "zRot": -0.0}}}, {"name": "rightArm", "keyframes": {"0": {"x": -0.0, "y": -6.003, "z": -0.0, "xRot": 0.0, "yRot": -0.0,