{"frame_length": 16, "parts": [{"name": "leftLeg", "keyframes": {"0": {"x": -0.109, "y": -0.588, "z": -2.154, "xRot": -0.60219, "yRot": 0.0, "zRot": -0.01104}, "1": {"x": 0.032, "y": -0.277, "z": -1.897, "xRot": -0.4907, "yRot": -0.0, "zRot": 0.00299}, "2": {"x": 0.177, "y": -0.206, "z": -1.213, "xRot": -0.26981, "yRot": -0.0, "zRot": 0.01528}, "3": {"x": 0.234, "y": -0.067, "z": -0.535, "xRot": 0.0507, "yRot": -0.0, "zRot": 0.01949}, "4": {"x": 0.21, "y": 0.855, "z": 0.571, "xRot": 0.38536, "yRot": -0.0, "zRot": 0.01892}, "5": {"x": 0.3, "y": 1.734, "z": 1.729, "xRot": 0.5887, "yRot": -0.0, "zRot": 0.03006}, "6": {"x": 0.379, "y": 1.74, "z": 1.9, "xRot": 0.70163, "yRot": -0.0, "zRot": 0.04134}, "7": {"x": 0.339, "y": 1.227, "z": 1.745, "xRot": 0.77696, "yRot": -0.0, "zRot": 0.03958}, "8": {"x": 0.22, "y": 0.515, "z": 1.521, "xRot": 0.81074, "yRot": -0.0, "zRot": 0.02666}, "9": {"x": 0.027, "y": -0.201, "z": 1.142, "xRot": 0.8086, "yRot": -0.0, "zRot": 0.00331}, "10": {"x": -0.197, "y": -0.779, "z": 0.202, "xRot": 0.79616, "yRot": 0.0, "zRot": -0.02344}, "11": {"x": -0.331, "y": -1.219, "z": -1.233, "xRot": 0.76999, "yRot": -0.0, "zRot": -0.0384}, "12": {"x": -0.162, "y": -1.846, "z": -3.014, "xRot": 0.6921, "yRot": -0.0, "zRot": -0.01749}, "13": {"x": 0.327, "y": -3.247, "z": -4.131, "xRot": 0.44384, "yRot": -0.0, "zRot": 0.03018}, "14": {"x": 0.449, "y": -3.994, "z": -2.828, "xRot": -0.05407, "yRot": -0.0, "zRot": 0.03746}, "15": {"x": 0.053, "y": -2.08, "z": -1.794, "xRot": -0.47875, "yRot": -0.0, "zRot": 0.00495}, "16": {"x": -0.109, "y": -0.588, "z": -2.154, "xRot": -0.60219, "yRot": 0.0, "zRot": -0.01104}}}, {"name": "rightLeg", "keyframes": {"0": {"x": 0.411, "y": 0.425, "z": 1.614, "xRot": 0.79957, "yRot": -0.0, "zRot": 0.04922}, "1": {"x": 0.55, "y": -0.266, "z": 1.221, "xRot": 0.79904, "yRot": 0.0, "zRot": 0.06578}, "2": {"x": 0.648, "y": -0.8, "z": 0.245, "xRot": 0.79109, "yRot": 0.0, "zRot": 0.07693}, "3": {"x": 0.642, "y": -1.207, "z": -1.228, "xRot": 0.76939, "yRot": -0.0, "zRot": 0.0746}, "4": {"x": 0.41, "y": -1.818, "z": -3.039, "xRot": 0.69478, "yRot": -0.0, "zRot": 0.04453}, "5": {"x": -0.051, "y": -3.213, "z": -4.213, "xRot": 0.45141, "yRot": -0.0, "zRot": -0.00476}, "6": {"x": -0.18, "y": -4.008, "z": -2.974, "xRot": -0.0419, "yRot": -0.0, "zRot": -0.01498}, "7": {"x": 0.155, "y": -2.139, "z": -1.912, "xRot": -0.46776, "yRot": -0.0, "zRot": 0.01447}, "8": {"x": 0.285, "y": -0.649, "z": -2.249, "xRot": -0.59261, "yRot": -0.0, "zRot": 0.02864}, "9": {"x": 0.097, "y": -0.323, "z": -1.984, "xRot": -0.48246, "yRot": -0.0, "zRot": 0.00909}, "10": {"x": -0.155, "y": -0.224, "z": -1.276, "xRot": -0.26434, "yRot": -0.0, "zRot": -0.01338}, "11": {"x": -0.328, "y": -0.062, "z": -0.577, "xRot": 0.05417, "yRot": -0.0, "zRot": -0.02735}, "12": {"x": -0.328, "y": 0.875, "z": 0.529, "xRot": 0.38913, "yRot": -0.0, "zRot": -0.02954}, "13": {"x": -0.249, "y": 1.756, "z": 1.693, "xRot": 0.59225, "yRot": -0.0, "zRot": -0.02505}, "14": {"x": -0.064, "y": 1.728, "z": 1.906, "xRot": 0.70096, "yRot": -0.0, "zRot": -0.00703}, "15": {"x": 0.199, "y": 1.162, "z": 1.807, "xRot": 0.76973, "yRot": -0.0, "zRot": 0.02308}, "16": {"x": 0.411, "y": 0.425, "z": 1.614, "xRot": 0.79957, "yRot": -0.0, "zRot": 0.04922}}}, {"name": "body", "keyframes": {"0": {"x": -0.361, "y": -0.055, "z": -2.006, "xRot": 0.22757, "yRot": -0.3776, "zRot": -0.07052}, "1": {"x": -0.129, "y": -0.26, "z": -2.026, "xRot": 0.22755, "yRot": -0.34713, "zRot": -0.06453}, "2": {"x": 0.127, "y": 0.266, "z": -2.069, "xRot": 0.2275, "yRot": -0.26677, "zRot": -0.04872}, "3": {"x": 0.372, "y": 1.23, "z": -2.111, "xRot": 0.22745, "yRot": -0.15313, "zRot": -0.02634}, "4": {"x": 0.574, "y": 1.736, "z": -2.131, "xRot": 0.22739, "yRot": -0.02279, "zRot": -0.00063}, "5": {"x": 0.707, "y": 1.516, "z": -2.121, "xRot": 0.22737, "yRot": 0.10765, "zRot": 0.02515}, "6": {"x": 0.745, "y": 1.021, "z": -2.088, "xRot": 0.22737, "yRot": 0.22159, "zRot": 0.04777}, "7": {"x": 0.667, "y": 0.437, "z": -2.05, "xRot": 0.22738, "yRot": 0.30245, "zRot": 0.06397}, "8": {"x": 0.498, "y": -0.05, "z": -2.033, "xRot": 0.2274, "yRot": 0.33362, "zRot": 0.07051}, "9": {"x": 0.269, "y": -0.255, "z": -2.05, "xRot": 0.22742, "yRot": 0.30367, "zRot": 0.06493}, "10": {"x": 0.015, "y": 0.269, "z": -2.088, "xRot": 0.22745, "yRot": 0.22339, "zRot": 0.04918}, "11": {"x": -0.229, "y": 1.232, "z": -2.122, "xRot": 0.22748, "yRot": 0.10952, "zRot": 0.02663}, "12": {"x": -0.433, "y": 1.736, "z": -2.132, "xRot": 0.22751, "yRot": -0.02119, "zRot": 0.00063}, "13": {"x": -0.568, "y": 1.515, "z": -2.112, "xRot": 0.22753, "yRot": -0.15201, "zRot": -0.02545}, "14": {"x": -0.608, "y": 1.018, "z": -2.07, "xRot": 0.22755, "yRot": -0.26617, "zRot": -0.04825}, "15": {"x": -0.532, "y": 0.432, "z": -2.026, "xRot": 0.22757, "yRot": -0.34695, "zRot": -0.06439}, "16": {"x": -0.361, "y": -0.055, "z": -2.006, "xRot": 0.22757, "yRot": -0.3776, "zRot": -0.07052}}}, {"name": "cloak", "keyframes": {"0": {"x": -1.296, "y": -0.555, "z": -2.242, "xRot": 1.16568, "yRot": -0.01619, "zRot": -0.14042}, "1": {"x": -0.993, "y": -0.769, "z": -2.235, "xRot": 1.19945, "yRot": -0.03346, "zRot": -0.07316}, "2": {"x": -0.542, "y": -0.266, "z": -2.22, "xRot": 1.23322, "yRot": -0.04568, "zRot": 0.00395}, "3": {"x": -0.014, "y": 0.676, "z": -2.204, "xRot": 1.24857, "yRot": -0.05031, "zRot": 0.08105}, "4": {"x": 0.518, "y": 1.173, "z": -2.196, "xRot": 1.23322, "yRot": -0.04568, "zRot": 0.14831}, "5": {"x": 0.983, "y": 0.96, "z": -2.2, "xRot": 1.19945, "yRot": -0.03346, "zRot": 0.19589}, "6": {"x": 1.306, "y": 0.484, "z": -2.212, "xRot": 1.16568, "yRot": -0.01619, "zRot": 0.21394}, "7": {"x": 1.427, "y": -0.079, "z": -2.225, "xRot": 1.15033, "yRot": 0.00361, "zRot": 0.19589}, "8": {"x": 1.333, "y": -0.556, "z": -2.231, "xRot": 1.16568, "yRot": 0.0234, "zRot": 0.14831}, "9": {"x": 1.033, "y": -0.771, "z": -2.225, "xRot": 1.19945, "yRot": 0.04068, "zRot": 0.08105}, "10": {"x": 0.582, "y": -0.267, "z": -2.212, "xRot": 1.23322, "yRot": 0.05289, "zRot": 0.00395}, "11": {"x": 0.052, "y": 0.676, "z": -2.201, "xRot": 1.24857, "yRot": 0.05753, "zRot": -0.07316}, "12": {"x": -0.484, "y": 1.173, "z": -2.197, "xRot": 1.23322, "yRot": 0.05289, "zRot": -0.14042}, "13": {"x": -0.951, "y": 0.96, "z": -2.205, "xRot": 1.19945, "yRot": 0.04068, "zRot": -0.188}, "14": {"x": -1.275, "y": 0.485, "z": -2.22, "xRot": 1.16568, "yRot": 0.0234, "zRot": -0.20604}, "15": {"x": -1.394, "y": -0.078, "z": -2.235, "xRot": 1.15033, "yRot": 0.00361, "zRot": -0.188}, "16": {"x": -1.296, "y": -0.555, "z": -2.242, "xRot": 1.16568, "yRot": -0.01619, "zRot": -0.14042}}}, {"name": "head", "keyframes": {"0": {"x": -0.361, "y": -0.055, "z": -2.006, "xRot": 0.0, "yRot": -0.0, "zRot": -0.0}, "1": {"x": -0.129, "y": -0.26, "z": -2.026, "xRot": 0.0, "yRot": -0.0, "zRot": -0.0}, "2": {"x": 0.127, "y": 0.266, "z": -2.069, "xRot": 0.0, "yRot": -0.0, "zRot": -0.0}, "3": {"x": 0.372, "y": 1.23, "z": -2.111, "xRot": 0.0, "yRot": -0.0, "zRot": -0.0}, "4": {"x": 0.574, "y": 1.736, "z": -2.131, "xRot": 0.0, "yRot": -0.0, "zRot": -0.0}, "5": {"x": 0.707, "y": 1.516, "z": -2.121, "xRot": 0.0, "yRot": -0.0, "zRot": -0.0}, "6": {"x": 0.745, "y": 1.021, "z": -2.088, "xRot": 0.0, "yRot": -0.0, "zRot": -0.0}, "7": {"x": 0.667, "y": 0.437, "z": -2.05, "xRot": 0.0, "yRot": -0.0, "zRot": -0.0}, "8": {"x": 0.498, "y": -0.05, "z": -2.033, "xRot": 0.0, "yRot": -0.0, "zRot": -0.0}, "9": {"x": 0.269, "y": -0.255, "z": -2.05, "xRot": 0.0, "yRot": -0.0, "zRot": -0.0}, "10": {"x": 0.015, "y": 0.269, "z": -2.088, "xRot": 0.0, "yRot": -0.0, "zRot": -0.0}, "11": {"x": -0.229, "y": 1.232, "z": -2.122, "xRot": 0.0, "yRot": -0.0, "zRot": -0.0}, "12": {"x": -0.433, "y": 1.736, "z": -2.132, "xRot": 0.0, "yRot": -0.0, "zRot": -0.0}, "13": {"x": -0.568, "y": 1.515, "z": -2.112, "xRot": 0.0, "yRot": -0.0, "zRot": -0.0}, "14": {"x": -0.608, "y": 1.018, "z": -2.07, "xRot": 0.0, "yRot": -0.0, "zRot": -0.0}, "15": {"x": -0.532, "y": 0.432, "z": -2.026, "xRot": 0.0,