{"frame_length": 10, "parts": [{"name": "leftLeg", "keyframes": {"0": {"x": 0.051, "y": 1.902, "z": -2.643, "xRot": -0.79423, "yRot": 0.002, "zRot": 0.00397}, "1": {"x": 0.044, "y": 3.163, "z": -0.888, "xRot": -0.49424, "yRot": 0.001, "zRot": 0.0036}, "2": {"x": 0.123, "y": 5.055, "z": -0.157, "xRot": 0.05948, "yRot": -0.00096, "zRot": 0.01022}, "3": {"x": 0.21, "y": 3.279, "z": -0.538, "xRot": 0.54954, "yRot": -0.00901, "zRot": 0.01498}, "4": {"x": 0.227, "y": 1.896, "z": -0.789, "xRot": 0.94225, "yRot": -0.0145, "zRot": 0.01216}, "5": {"x": 0.197, "y": 1.009, "z": -0.538, "xRot": 1.04011, "yRot": -0.01346, "zRot": 0.00945}, "6": {"x": 0.166, "y": 0.61, "z": -0.304, "xRot": 1.10353, "yRot": -0.01177, "zRot": 0.00729}, "7": {"x": 0.14, "y": 0.45, "z": -0.125, "xRot": 1.13895, "yRot": -0.01013, "zRot": 0.0058}, "8": {"x": 0.123, "y": 0.455, "z": -0.022, "xRot": 1.15587, "yRot": -0.00904, "zRot": 0.00496}, "9": {"x": 0.116, "y": 0.538, "z": 0.019, "xRot": 1.16153, "yRot": -0.00853, "zRot": 0.00461}, "10": {"x": 0.114, "y": 0.605, "z": 0.026, "xRot": 1.16211, "yRot": -0.00842, "zRot": 0.00454}}}, {"name": "rightLeg", "keyframes": {"0": {"x": -0.026, "y": -0.54, "z": 0.596, "xRot": 1.05552, "yRot": 0.00192, "zRot": -0.00103}, "1": {"x": -0.027, "y": 0.918, "z": -2.168, "xRot": 0.99441, "yRot": 0.00179, "zRot": -0.00136}, "2": {"x": 0.027, "y": 1.443, "z": -5.511, "xRot": 0.76467, "yRot": -0.00134, "zRot": 0.00177}, "3": {"x": 0.011, "y": -0.105, "z": -5.897, "xRot": 0.40125, "yRot": -0.00036, "zRot": 0.00088}, "4": {"x": -0.098, "y": -0.725, "z": -5.014, "xRot": 0.00513, "yRot": 0.00092, "zRot": -0.00813}, "5": {"x": 0.01, "y": -0.187, "z": -3.893, "xRot": -0.32631, "yRot": 0.0001, "zRot": 0.00084}, "6": {"x": 0.159, "y": 0.647, "z": -3.207, "xRot": -0.54516, "yRot": 0.00388, "zRot": 0.01317}, "7": {"x": 0.221, "y": 1.199, "z": -3.076, "xRot": -0.66228, "yRot": 0.00721, "zRot": 0.01769}, "8": {"x": 0.23, "y": 1.519, "z": -2.985, "xRot": -0.72932, "yRot": 0.00852, "zRot": 0.01806}, "9": {"x": 0.213, "y": 1.663, "z": -2.889, "xRot": -0.76225, "yRot": 0.00829, "zRot": 0.01665}, "10": {"x": 0.201, "y": 1.71, "z": -2.839, "xRot": -0.77131, "yRot": 0.00788, "zRot": 0.01567}}}, {"name": "body", "keyframes": {"0": {"x": -0.231, "y": 0.41, "z": -4.318, "xRot": 0.30342, "yRot": -0.20726, "zRot": -0.09449}, "1": {"x": -0.146, "y": 3.072, "z": -5.217, "xRot": 0.40736, "yRot": -0.13569, "zRot": -0.07819}, "2": {"x": -0.273, "y": 5.718, "z": -6.133, "xRot": 0.51129, "yRot": -0.02393, "zRot": -0.05257}, "3": {"x": -0.428, "y": 4.656, "z": -5.946, "xRot": 0.47485, "yRot": 0.04794, "zRot": -0.03558}, "4": {"x": -0.486, "y": 2.739, "z": -5.416, "xRot": 0.39834, "yRot": 0.10596, "zRot": -0.02146}, "5": {"x": -0.473, "y": 1.199, "z": -4.912, "xRot": 0.33099, "yRot": 0.15489, "zRot": -0.00951}, "6": {"x": -0.445, "y": 0.468, "z": -4.612, "xRot": 0.29263, "yRot": 0.19293, "zRot": -0.00035}, "7": {"x": -0.415, "y": 0.119, "z": -4.419, "xRot": 0.26822, "yRot": 0.21714, "zRot": 0.00547}, "8": {"x": -0.393, "y": 0.025, "z": -4.312, "xRot": 0.25465, "yRot": 0.2306, "zRot": 0.00872}, "9": {"x": -0.383, "y": 0.066, "z": -4.265, "xRot": 0.24879, "yRot": 0.23642, "zRot": 0.01012}, "10": {"x": -0.381, "y": 0.123, "z": -4.255, "xRot": 0.24753, "yRot": 0.23767, "zRot": 0.01042}}}, {"name": "cloak", "keyframes": {"0": {"x": -0.79, "y": -0.288, "z": -4.483, "xRot": 1.23442, "yRot": -0.06866, "zRot": 0.11494}, "1": {"x": -0.533, "y": 2.109, "z": -5.442, "xRot": 1.18515, "yRot": -0.06139, "zRot": 0.10275}, "2": {"x": -0.389, "y": 4.499, "z": -6.454, "xRot": 1.07675, "yRot": -0.04353, "zRot": 0.07287}, "3": {"x": -0.362, "y": 3.51, "z": -6.225, "xRot": 0.96835, "yRot": -0.02108, "zRot": 0.03528}, "4": {"x": -0.263, "y": 1.764, "z": -5.624, "xRot": 0.91907, "yRot": -0.0, "zRot": -0.0}, "5": {"x": -0.116, "y": 0.383, "z": -5.076, "xRot": 0.96795, "yRot": 0.02065, "zRot": -0.03456}, "6": {"x": 0.014, "y": -0.253, "z": -4.762, "xRot": 1.06874, "yRot": 0.04183, "zRot": -0.07002}, "7": {"x": 0.108, "y": -0.541, "z": -4.565, "xRot": 1.15266, "yRot": 0.05759, "zRot": -0.09641}, "8": {"x": 0.165, "y": -0.6, "z": -4.456, "xRot": 1.19722, "yRot": 0.06538, "zRot": -0.10944}, "9": {"x": 0.191, "y": -0.544, "z": -4.41, "xRot": 1.2249, "yRot": 0.06825, "zRot": -0.11424}, "10": {"x": 0.196, "y": -0.483, "z": -4.4, "xRot": 1.23442, "yRot": 0.06866, "zRot": -0.11493}}}, {"name": "head", "keyframes": {"0": {"x": -0.231, "y": 0.41, "z": -4.318, "xRot": 0.0, "yRot": -0.0, "zRot": -0.0}, "1": {"x": -0.146, "y": 3.072, "z": -5.217, "xRot": 0.0, "yRot": -0.0, "zRot": -0.0}, "2": {"x": -0.273, "y": 5.718, "z": -6.133, "xRot": 0.0, "yRot": -0.0, "zRot": -0.0}, "3": {"x": -0.428, "y": 4.656, "z": -5.946, "xRot": 0.0, "yRot": -0.0, "zRot": -0.0}, "4": {"x": -0.486, "y": 2.739, "z": -5.416, "xRot": 0.0, "yRot": -0.0, "zRot": -0.0}, "5": {"x": -0.473, "y": 1.199, "z": -4.912, "xRot": 0.0, "yRot": -0.0, "zRot": -0.0}, "6": {"x": -0.445, "y": 0.468, "z": -4.612, "xRot": 0.0, "yRot": -0.0, "zRot": -0.0}, "7": {"x": -0.415, "y": 0.119, "z": -4.419, "xRot": 0.0, "yRot": -0.0, "zRot": -0.0}, "8": {"x": -0.393, "y": 0.025, "z": -4.312, "xRot": 0.0, "yRot": -0.0, "zRot": -0.0}, "9": {"x": -0.383, "y": 0.066, "z": -4.265, "xRot": 0.0, "yRot": -0.0, "zRot": -0.0}, "10": {"x": -0.381, "y": 0.123, "z": -4.255, "xRot": 0.0, "yRot": -0.0, "zRot": -0.0}}}, {"name": "rightArm", "keyframes": {"0": {"x": -0.044, "y": 0.753, "z": -6.615, "xRot": -0.94918, "yRot": -0.0, "zRot": -0.0}, "1": {"x": -0.049, "y": 3.211, "z": -6.497, "xRot": -0.7068, "yRot": -0.0, "zRot": -0.0}, "2": {"x": -0.196, "y": 5.507, "z": -5.598, "xRot": -0.15739, "yRot": -0.0, "zRot": -0.0}, "3": {"x": -0.312, "y": 4.253, "z": -3.938, "xRot": 0.43242, "yRot": -0.0, "zRot": -0.0}, "4": {"x": -0.336, "y": 2.239, "z": -2.459, "xRot": 0.79603, "yRot": -0.0, "zRot": -0.0}, "5": {"x": -0.295, "y": 0.651, "z": -1.464, "xRot": 0.93222, "yRot": -0.0, "zRot": -0.0}, "6": {"x": -0.241, "y": -0.126, "z": -0.798, "xRot": 1.02351, "yRot": -0.0, "zRot": -0.0}, "7": {"x": -0.193, "y": -0.505, "z": -0.381, "xRot": 1.07888, "yRot": -0.0, "zRot": -0.0}, "8": {"x": -0.162, "y": -0.615, "z": -0.156, "xRot": 1.10732, "yRot": -0.0, "zRot": -0.0}, "9": {"x": -0.148, "y": -0.58, "z": -0.064, "xRot": 1.11779, "yRot": -0.0, "zRot": -0.0}, "10": {"x": -0.145, "y": -0.524, "z": -0.046, "xRot": 1.11929, "yRot": -0.0, "zRot": -0.0}}}, {"name": "leftArm", "keyframes": {"0": {"x": -0.302, "y": -0.677, "z": -0.149, "xRot": 1.11929, "yRot": -0.0, "zRot": -0.0}, "1": {"x": -0.171, "y": 2.063, "z": -1.692, "xRot": 0.88781, "yRot": -0.0, "zRot": -0.0}, "2": {"x": -0.213, "y": 4.906, "z": -4.094, "xRot": 0.3602, "yRot": -0.0, "zRot": -0.0}, "3": {"x": -0.33, "y": 4.132, "z": -5.551, "xRot": -0.21326, "yRot": -0.0, "zRot": -0.0}, "4": {"x": -0.394, "y": 2.431, "z": -6.239, "xRot": -0.58232, "yRot": -0.0, "zRot": -0.0}, "5": {"x": -0.415, "y": 1.005, "z": -6.439, "xRot": -0.73687, "yRot": -0.0, "zRot": -0.0}, "6": {"x": -0.427, "y": 0.348, "z": -6.624, "xRot": -0.84048, "yRot": -0.0, "zRot": -0.0}, "7": {"x": -0.428, "y": 0.043, "z": -6.734, "xRot": -0.90332, "yRot": -0.0, "zRot": -0.0}, "8": {"x": -0.427, "y": -0.026, "z": -6.788, "xRot": -0.93559, "yRot": -0.0, "zRot": -0.0}, "9": {"x": -0.427, "y": 0.025, "z": -6.807, "xRot": -0.94748, "yRot": -0.0, "zRot": -0.0}, "10": {"x": -0.426, "y": 0.084, "z": -6.81, "xRot": -0.94918, "yRot": -0.0, "zRot": -0.0}}}]}