{"frame_length": 10, "parts": [{"name": "leftLeg", "keyframes": {"0": {"x": -0.131, "y": 0.295, "z": 1.118, "xRot": -0.7866, "yRot": -0.00673, "zRot": -0.00869}, "1": {"x": -0.076, "y": -0.705, "z": 1.923, "xRot": -0.39976, "yRot": -0.00375, "zRot": -0.00527}, "2": {"x": 0.0, "y": 0.429, "z": 0.865, "xRot": 0.28999, "yRot": 0.0, "zRot": 0.0}, "3": {"x": 0.012, "y": 0.923, "z": 0.854, "xRot": 0.71576, "yRot": -4e-05, "zRot": 0.0013}, "4": {"x": -0.004, "y": 0.744, "z": 1.223, "xRot": 1.10043, "yRot": 0.00025, "zRot": -0.0003}, "5": {"x": -0.018, "y": 0.431, "z": 1.621, "xRot": 1.30205, "yRot": 0.00136, "zRot": -0.00069}, "6": {"x": -0.019, "y": 0.262, "z": 1.546, "xRot": 1.35202, "yRot": 0.00149, "zRot": -0.00055}, "7": {"x": -0.019, "y": 0.167, "z": 1.513, "xRot": 1.38267, "yRot": 0.00156, "zRot": -0.00045}, "8": {"x": -0.02, "y": 0.12, "z": 1.501, "xRot": 1.39848, "yRot": 0.00159, "zRot": -0.0004}, "9": {"x": -0.02, "y": 0.103, "z": 1.497, "xRot": 1.40431, "yRot": 0.0016, "zRot": -0.00038}, "10": {"x": -0.02, "y": 0.1, "z": 1.496, "xRot": 1.40515, "yRot": 0.00161, "zRot": -0.00038}}}, {"name": "rightLeg", "keyframes": {"0": {"x": 0.023, "y": -0.06, "z": 1.524, "xRot": 1.39163, "yRot": -0.00188, "zRot": 0.00044}, "1": {"x": -0.1, "y": -1.391, "z": -1.257, "xRot": 1.11318, "yRot": 0.0078, "zRot": -0.00297}, "2": {"x": 0.105, "y": -4.414, "z": -0.496, "xRot": 0.21375, "yRot": -0.00911, "zRot": 0.00698}, "3": {"x": 0.208, "y": -2.289, "z": 0.617, "xRot": -0.30794, "yRot": -0.01756, "zRot": 0.0238}, "4": {"x": 0.402, "y": -1.605, "z": 0.726, "xRot": -0.4631, "yRot": -0.02, "zRot": 0.0474}, "5": {"x": 0.437, "y": -1.125, "z": 0.524, "xRot": -0.55409, "yRot": -0.00716, "zRot": 0.04724}, "6": {"x": 0.297, "y": -0.815, "z": 0.337, "xRot": -0.61282, "yRot": 0.00265, "zRot": 0.02838}, "7": {"x": 0.136, "y": -0.633, "z": 0.231, "xRot": -0.65034, "yRot": 0.00371, "zRot": 0.01142}, "8": {"x": -0.016, "y": -0.539, "z": 0.205, "xRot": -0.67311, "yRot": -0.00064, "zRot": -0.00119}, "9": {"x": -0.13, "y": -0.502, "z": 0.227, "xRot": -0.68503, "yRot": -0.00629, "zRot": -0.0089}, "10": {"x": -0.176, "y": -0.495, "z": 0.247, "xRot": -0.68858, "yRot": -0.009, "zRot": -0.01161}}}, {"name": "body", "keyframes": {"0": {"x": 0.119, "y": 0.364, "z": -2.383, "xRot": 0.31469, "yRot": -0.27594, "zRot": -0.07285}, "1": {"x": 0.076, "y": 1.03, "z": -2.528, "xRot": 0.31469, "yRot": -0.16829, "zRot": -0.04443}, "2": {"x": -0.0, "y": 1.689, "z": -2.649, "xRot": 0.3147, "yRot": -0.0, "zRot": -0.0}, "3": {"x": -0.057, "y": 1.426, "z": -2.596, "xRot": 0.3147, "yRot": 0.12374, "zRot": 0.03267}, "4": {"x": -0.101, "y": 0.913, "z": -2.485, "xRot": 0.3147, "yRot": 0.227, "zRot": 0.05993}, "5": {"x": -0.118, "y": 0.567, "z": -2.413, "xRot": 0.3147, "yRot": 0.27162, "zRot": 0.07171}, "6": {"x": -0.118, "y": 0.468, "z": -2.398, "xRot": 0.3147, "yRot": 0.27373, "zRot": 0.07227}, "7": {"x": -0.119, "y": 0.408, "z": -2.389, "xRot": 0.3147, "yRot": 0.27501, "zRot": 0.0726}, "8": {"x": -0.119, "y": 0.377, "z": -2.384, "xRot": 0.3147, "yRot": 0.27566, "zRot": 0.07278}, "9": {"x": -0.119, "y": 0.366, "z": -2.383, "xRot": 0.3147, "yRot": 0.2759, "zRot": 0.07284}, "10": {"x": -0.119, "y": 0.364, "z": -2.383, "xRot": 0.3147, "yRot": 0.27594, "zRot": 0.07285}}}, {"name": "cloak", "keyframes": {"0": {"x": -0.583, "y": -0.361, "z": -2.595, "xRot": 1.35652, "yRot": -0.0, "zRot": -0.0}, "1": {"x": -0.356, "y": 0.275, "z": -2.684, "xRot": 1.35652, "yRot": -0.0, "zRot": -0.0}, "2": {"x": -0.0, "y": 0.915, "z": -2.772, "xRot": 1.35652, "yRot": -0.0, "zRot": -0.0}, "3": {"x": 0.262, "y": 0.663, "z": -2.737, "xRot": 1.35652, "yRot": -0.0, "zRot": -0.0}, "4": {"x": 0.48, "y": 0.173, "z": -2.669, "xRot": 1.35652, "yRot": -0.0, "zRot": -0.0}, "5": {"x": 0.574, "y": -0.159, "z": -2.622, "xRot": 1.35652, "yRot": -0.0, "zRot": -0.0}, "6": {"x": 0.578, "y": -0.257, "z": -2.609, "xRot": 1.35652, "yRot": -0.0, "zRot": -0.0}, "7": {"x": 0.581, "y": -0.317, "z": -2.601, "xRot": 1.35652, "yRot": -0.0, "zRot": -0.0}, "8": {"x": 0.583, "y": -0.348, "z": -2.597, "xRot": 1.35652, "yRot": -0.0, "zRot": -0.0}, "9": {"x": 0.583, "y": -0.359, "z": -2.596, "xRot": 1.35652, "yRot": -0.0, "zRot": -0.0}, "10": {"x": 0.583, "y": -0.361, "z": -2.595, "xRot": 1.35652, "yRot": -0.0, "zRot": -0.0}}}, {"name": "head", "keyframes": {"0": {"x": 0.119, "y": 0.364, "z": -2.383, "xRot": 0.0, "yRot": -0.0, "zRot": -0.0}, "1": {"x": 0.076, "y": 1.03, "z": -2.528, "xRot": 0.0, "yRot": -0.0, "zRot": -0.0}, "2": {"x": -0.0, "y": 1.689, "z": -2.649, "xRot": 0.0, "yRot": -0.0, "zRot": -0.0}, "3": {"x": -0.057, "y": 1.426, "z": -2.596, "xRot": 0.0, "yRot": -0.0, "zRot": -0.0}, "4": {"x": -0.101, "y": 0.913, "z": -2.485, "xRot": 0.0, "yRot": -0.0, "zRot": -0.0}, "5": {"x": -0.118, "y": 0.567, "z": -2.413, "xRot": 0.0, "yRot": -0.0, "zRot": -0.0}, "6": {"x": -0.118, "y": 0.468, "z": -2.398, "xRot": 0.0, "yRot": -0.0, "zRot": -0.0}, "7": {"x": -0.119, "y": 0.408, "z": -2.389, "xRot": 0.0, "yRot": -0.0, "zRot": -0.0}, "8": {"x": -0.119, "y": 0.377, "z": -2.384, "xRot": 0.0, "yRot": -0.0, "zRot": -0.0}, "9": {"x": -0.119, "y": 0.366, "z": -2.383, "xRot": 0.0, "yRot": -0.0, "zRot": -0.0}, "10": {"x": -0.119, "y": 0.364, "z": -2.383, "xRot": 0.0, "yRot": -0.0, "zRot": -0.0}}}, {"name": "rightArm", "keyframes": {"0": {"x": 0.291, "y": 0.814, "z": -6.088, "xRot": -1.1962, "yRot": 0.0, "zRot": 0.0}, "1": {"x": 0.133, "y": 1.29, "z": -4.598, "xRot": -0.69534, "yRot": -0.0, "zRot": -0.0}, "2": {"x": -0.0, "y": 1.648, "z": -2.271, "xRot": 0.03669, "yRot": -0.0, "zRot": -0.0}, "3": {"x": -0.002, "y": 1.181, "z": -0.715, "xRot": 0.44364, "yRot": -0.0, "zRot": -0.0}, "4": {"x": 0.062, "y": 0.508, "z": 0.563, "xRot": 0.74946, "yRot": -0.0, "zRot": -0.0}, "5": {"x": 0.107, "y": 0.087, "z": 1.324, "xRot": 0.96859, "yRot": -0.0, "zRot": -0.0}, "6": {"x": 0.11, "y": -0.03, "z": 1.67, "xRot": 1.11547, "yRot": -0.0, "zRot": -0.0}, "7": {"x": 0.111, "y": -0.101, "z": 1.879, "xRot": 1.20457, "yRot": -0.0, "zRot": -0.0}, "8": {"x": 0.112, "y": -0.138, "z": 1.987, "xRot": 1.25032, "yRot": -0.0, "zRot": -0.0}, "9": {"x": 0.112, "y": -0.152, "z": 2.027, "xRot": 1.26718, "yRot": 0.0, "zRot": 0.0}, "10": {"x": 0.113, "y": -0.153, "z": 2.033, "xRot": 1.26958, "yRot": -0.0, "zRot": -0.0}}}, {"name": "leftArm", "keyframes": {"0": {"x": -0.113, "y": -0.153, "z": 2.033, "xRot": 1.26958, "yRot": 0.0, "zRot": -0.0}, "1": {"x": -0.018, "y": 0.694, "z": 0.281, "xRot": 0.76872, "yRot": -0.0, "zRot": -0.0}, "2": {"x": -0.0, "y": 1.648, "z": -2.271, "xRot": 0.03669, "yRot": -0.0, "zRot": -0.0}, "3": {"x": -0.084, "y": 1.593, "z": -3.73, "xRot": -0.37026, "yRot": -0.0, "zRot": -0.0}, "4": {"x": -0.213, "y": 1.246, "z": -4.808, "xRot": -0.67608, "yRot": -0.0, "zRot": -0.0}, "5": {"x": -0.284, "y": 0.98, "z": -5.438, "xRot": -0.8952, "yRot": -0.0, "zRot": -0.0}, "6": {"x": -0.287, "y": 0.899, "z": -5.755, "xRot": -1.04209, "yRot": -0.0, "zRot": -0.0}, "7": {"x": -0.29, "y": 0.85, "z": -5.948, "xRot": -1.13119, "yRot": -0.0, "zRot": -0.0}, "8": {"x": -0.291, "y": 0.825, "z": -6.046, "xRot": -1.17694, "yRot": -0.0, "zRot": -0.0}, "9": {"x": -0.291, "y": 0.816, "z": -6.083, "xRot": -1.1938, "yRot": 0.0, "zRot": 0.0}, "10": {"x": -0.291, "y": 0.814, "z": -6.088, "xRot": -1.1962, "yRot": -0.0, "zRot": -0.0}}}]}