{"frame_length": 10, "parts": [{"name": "leftLeg", "keyframes": {"0": {"x": 0.39, "y": -0.209, "z": -3.827, "xRot": -0.2711, "yRot": 0.01487, "zRot": 0.02957}, "1": {"x": 0.27, "y": 4.095, "z": -3.204, "xRot": -0.06267, "yRot": 0.00612, "zRot": 0.02213}, "2": {"x": 0.233, "y": 8.992, "z": -2.362, "xRot": 0.22751, "yRot": -0.00184, "zRot": 0.01952}, "3": {"x": 0.194, "y": 7.081, "z": -2.759, "xRot": 0.41227, "yRot": -0.00842, "zRot": 0.01399}, "4": {"x": 0.088, "y": 3.742, "z": -3.466, "xRot": 0.53824, "yRot": -0.00596, "zRot": 0.005}, "5": {"x": -0.007, "y": 1.551, "z": -3.631, "xRot": 0.57903, "yRot": 0.0005, "zRot": -0.00035}, "6": {"x": -0.059, "y": 0.316, "z": -3.663, "xRot": 0.59906, "yRot": 0.00457, "zRot": -0.00283}, "7": {"x": -0.076, "y": -0.471, "z": -3.621, "xRot": 0.60512, "yRot": 0.00608, "zRot": -0.00348}, "8": {"x": -0.072, "y": -0.901, "z": -3.559, "xRot": 0.60413, "yRot": 0.00587, "zRot": -0.00322}, "9": {"x": -0.061, "y": -1.077, "z": -3.509, "xRot": 0.60102, "yRot": 0.00501, "zRot": -0.00271}, "10": {"x": -0.055, "y": -1.11, "z": -3.49, "xRot": 0.59933, "yRot": 0.00452, "zRot": -0.00244}}}, {"name": "rightLeg", "keyframes": {"0": {"x": 0.054, "y": -1.11, "z": -3.49, "xRot": 0.59933, "yRot": -0.00449, "zRot": 0.00242}, "1": {"x": 0.02, "y": 1.562, "z": -4.886, "xRot": 0.5554, "yRot": -0.00131, "zRot": 0.0011}, "2": {"x": 0.031, "y": 3.807, "z": -5.983, "xRot": 0.38507, "yRot": -0.00108, "zRot": 0.00236}, "3": {"x": -0.007, "y": 2.718, "z": -5.778, "xRot": 0.16876, "yRot": -1e-05, "zRot": -0.00056}, "4": {"x": -0.137, "y": 1.299, "z": -5.378, "xRot": -0.03367, "yRot": -0.00441, "zRot": -0.01126}, "5": {"x": -0.177, "y": 0.424, "z": -4.774, "xRot": -0.16516, "yRot": -0.00769, "zRot": -0.01364}, "6": {"x": -0.213, "y": 0.105, "z": -4.252, "xRot": -0.22164, "yRot": -0.00901, "zRot": -0.01618}, "7": {"x": -0.215, "y": -0.107, "z": -4.092, "xRot": -0.24281, "yRot": -0.00881, "zRot": -0.01626}, "8": {"x": -0.163, "y": -0.206, "z": -3.984, "xRot": -0.25594, "yRot": -0.00646, "zRot": -0.01234}, "9": {"x": -0.101, "y": -0.235, "z": -3.919, "xRot": -0.26295, "yRot": -0.00388, "zRot": -0.00763}, "10": {"x": -0.07, "y": -0.235, "z": -3.897, "xRot": -0.26506, "yRot": -0.00269, "zRot": -0.00535}}}, {"name": "body", "keyframes": {"0": {"x": 0.136, "y": -0.064, "z": -3.254, "xRot": 0.11656, "yRot": -0.23766, "zRot": -0.01042}, "1": {"x": 0.148, "y": 4.153, "z": -4.787, "xRot": 0.32199, "yRot": -0.15335, "zRot": -0.03149}, "2": {"x": -0.267, "y": 8.598, "z": -6.245, "xRot": 0.52742, "yRot": -0.02393, "zRot": -0.05257}, "3": {"x": -0.498, "y": 7.02, "z": -5.752, "xRot": 0.45367, "yRot": 0.05231, "zRot": -0.04387}, "4": {"x": -0.456, "y": 4.157, "z": -4.714, "xRot": 0.30715, "yRot": 0.10815, "zRot": -0.0256}, "5": {"x": -0.32, "y": 2.011, "z": -3.914, "xRot": 0.20001, "yRot": 0.15489, "zRot": -0.00951}, "6": {"x": -0.246, "y": 1.016, "z": -3.592, "xRot": 0.15929, "yRot": 0.19293, "zRot": -0.00035}, "7": {"x": -0.188, "y": 0.407, "z": -3.397, "xRot": 0.13458, "yRot": 0.21714, "zRot": 0.00547}, "8": {"x": -0.153, "y": 0.086, "z": -3.297, "xRot": 0.1219, "yRot": 0.2306, "zRot": 0.00872}, "9": {"x": -0.139, "y": -0.041, "z": -3.26, "xRot": 0.11723, "yRot": 0.23642, "zRot": 0.01012}, "10": {"x": -0.136, "y": -0.064, "z": -3.254, "xRot": 0.11656, "yRot": 0.23767, "zRot": 0.01042}}}, {"name": "cloak", "keyframes": {"0": {"x": -0.451, "y": -0.348, "z": -3.341, "xRot": 0.61796, "yRot": -0.06866, "zRot": 0.11494}, "1": {"x": -0.239, "y": 3.373, "z": -4.943, "xRot": 0.61796, "yRot": -0.06139, "zRot": 0.10275}, "2": {"x": -0.385, "y": 7.344, "z": -6.586, "xRot": 0.61796, "yRot": -0.04353, "zRot": 0.07287}, "3": {"x": -0.429, "y": 5.92, "z": -6.008, "xRot": 0.48674, "yRot": -0.02108, "zRot": 0.03528}, "4": {"x": -0.218, "y": 3.395, "z": -4.845, "xRot": 0.35789, "yRot": -0.0, "zRot": -0.0}, "5": {"x": 0.053, "y": 1.511, "z": -3.993, "xRot": 0.38045, "yRot": 0.02065, "zRot": -0.03456}, "6": {"x": 0.227, "y": 0.619, "z": -3.67, "xRot": 0.42954, "yRot": 0.04183, "zRot": -0.07002}, "7": {"x": 0.348, "y": 0.075, "z": -3.478, "xRot": 0.49149, "yRot": 0.05759, "zRot": -0.09641}, "8": {"x": 0.417, "y": -0.213, "z": -3.381, "xRot": 0.55265, "yRot": 0.06538, "zRot": -0.10944}, "9": {"x": 0.446, "y": -0.328, "z": -3.346, "xRot": 0.59936, "yRot": 0.06825, "zRot": -0.11424}, "10": {"x": 0.451, "y": -0.348, "z": -3.341, "xRot": 0.61796, "yRot": 0.06866, "zRot": -0.11493}}}, {"name": "head", "keyframes": {"0": {"x": 0.136, "y": -0.064, "z": -3.254, "xRot": 0.0, "yRot": -0.0, "zRot": -0.0}, "1": {"x": 0.148, "y": 4.153, "z": -4.787, "xRot": 0.0, "yRot": -0.0, "zRot": -0.0}, "2": {"x": -0.267, "y": 8.598, "z": -6.245, "xRot": 0.0, "yRot": -0.0, "zRot": -0.0}, "3": {"x": -0.498, "y": 7.02, "z": -5.752, "xRot": 0.0, "yRot": -0.0, "zRot": -0.0}, "4": {"x": -0.456, "y": 4.157, "z": -4.714, "xRot": 0.0, "yRot": -0.0, "zRot": -0.0}, "5": {"x": -0.32, "y": 2.011, "z": -3.914, "xRot": 0.0, "yRot": -0.0, "zRot": -0.0}, "6": {"x": -0.246, "y": 1.016, "z": -3.592, "xRot": 0.0, "yRot": -0.0, "zRot": -0.0}, "7": {"x": -0.188, "y": 0.407, "z": -3.397, "xRot": 0.0, "yRot": -0.0, "zRot": -0.0}, "8": {"x": -0.153, "y": 0.086, "z": -3.297, "xRot": 0.0, "yRot": -0.0, "zRot": -0.0}, "9": {"x": -0.139, "y": -0.041, "z": -3.26, "xRot": 0.0, "yRot": -0.0, "zRot": -0.0}, "10": {"x": -0.136, "y": -0.064, "z": -3.254, "xRot": 0.0, "yRot": -0.0, "zRot": -0.0}}}, {"name": "rightArm", "keyframes": {"0": {"x": 0.243, "y": -0.056, "z": -4.06, "xRot": -0.30342, "yRot": 0.07634, "zRot": 0.23892}, "1": {"x": 0.172, "y": 4.099, "z": -4.738, "xRot": -0.17872, "yRot": 0.04579, "zRot": 0.15025}, "2": {"x": -0.192, "y": 8.344, "z": -5.1, "xRot": 0.03681, "yRot": -0.00341, "zRot": 0.06158}, "3": {"x": -0.362, "y": 6.647, "z": -4.282, "xRot": 0.26586, "yRot": -0.04071, "zRot": 0.09895}, "4": {"x": -0.311, "y": 3.704, "z": -3.188, "xRot": 0.42328, "yRot": -0.07299, "zRot": 0.15479}, "5": {"x": -0.18, "y": 1.511, "z": -2.352, "xRot": 0.45565, "yRot": -0.09597, "zRot": 0.18593}, "6": {"x": -0.092, "y": 0.471, "z": -1.917, "xRot": 0.47736, "yRot": -0.11138, "zRot": 0.20681}, "7": {"x": -0.023, "y": -0.168, "z": -1.648, "xRot": 0.49052, "yRot": -0.12073, "zRot": 0.21947}, "8": {"x": 0.018, "y": -0.507, "z": -1.505, "xRot": 0.49728, "yRot": -0.12553, "zRot": 0.22597}, "9": {"x": 0.035, "y": -0.641, "z": -1.448, "xRot": 0.49977, "yRot": -0.1273, "zRot": 0.22837}, "10": {"x": 0.039, "y": -0.665, "z": -1.438, "xRot": 0.50013, "yRot": -0.12755, "zRot": 0.22871}}}, {"name": "leftArm", "keyframes": {"0": {"x": -0.039, "y": -0.665, "z": -1.438, "xRot": 0.50013, "yRot": 0.12755, "zRot": -0.2287}, "1": {"x": 0.05, "y": 3.438, "z": -3.026, "xRot": 0.37759, "yRot": 0.08579, "zRot": -0.17425}, "2": {"x": -0.209, "y": 7.739, "z": -4.819, "xRot": 0.16468, "yRot": 0.0229, "zRot": -0.11981}, "3": {"x": -0.386, "y": 6.414, "z": -4.913, "xRot": -0.06415, "yRot": -0.01553, "zRot": -0.14209}, "4": {"x": -0.373, "y": 3.851, "z": -4.479, "xRot": -0.22278, "yRot": -0.04153, "zRot": -0.17731}, "5": {"x": -0.3, "y": 1.863, "z": -4.131, "xRot": -0.25676, "yRot": -0.05619, "zRot": -0.19984}, "6": {"x": -0.277, "y": 0.943, "z": -4.086, "xRot": -0.27953, "yRot": -0.06603, "zRot": -0.21627}, "7": {"x": -0.258, "y": 0.38, "z": -4.063, "xRot": -0.29334, "yRot": -0.07199, "zRot": -0.22751}, "8": {"x": -0.247, "y": 0.082, "z": -4.056, "xRot": -0.30044, "yRot": -0.07505, "zRot": -0.23444}, "9": {"x": -0.243, "y": -0.036, "z": -4.058, "xRot": -0.30305, "yRot": -0.07618, "zRot": -0.23795}, "10": {"x": -0.243, "y": -0.056, "z": -4.06, "xRot": -0.30342, "yRot": -0.07634, "zRot": -0.23892}}}, {"name": "rightHand", "keyframes": {"0": {"x": 0.0, "y": -0.0, "z": -0.0, "xRot": 0.0, "yRot": -0.0, "zRot": -0.0}, "1": {"x": 0.0, "y": -0.0, "z": -0.0, "xRot": 0.0, "yRot": -0.0, "zRot": -0.0}, "2": {"x": 0.0, "y": -0.0, "z": -0.0, "xRot": 0.0, "yRot": -0.0, "zRot": -0.0}, "3": {"x": 0.0, "y": -0.0, "z": -0.0, "xRot": 0.0, "yRot": -0.0, "zRot": -0.0}, "4": {"x": 0.0,