{"frame_length": 20, "parts": [{"name": "leftLeg", "keyframes": {"0": {"x": 0.502, "y": 1.282, "z": -1.555, "xRot": -0.46652, "yRot": -0.0, "zRot": 0.00125}, "1": {"x": 0.503, "y": 0.836, "z": -0.814, "xRot": -0.37543, "yRot": -0.0, "zRot": 0.00127}, "2": {"x": 0.504, "y": 0.415, "z": -0.303, "xRot": -0.26378, "yRot": 0.0, "zRot": 0.00129}, "3": {"x": 0.505, "y": 0.113, "z": 0.003, "xRot": -0.13726, "yRot": -0.0, "zRot": 0.00138}, "4": {"x": 0.509, "y": 0.0, "z": 0.239, "xRot": -0.00888, "yRot": -0.0, "zRot": 0.00165}, "5": {"x": 0.514, "y": 0.075, "z": 0.507, "xRot": 0.11203, "yRot": -0.0, "zRot": 0.00214}, "6": {"x": 0.522, "y": 0.289, "z": 0.86, "xRot": 0.21986, "yRot": -0.0, "zRot": 0.00282}, "7": {"x": 0.53, "y": 0.583, "z": 1.291, "xRot": 0.31299, "yRot": -0.0, "zRot": 0.00362}, "8": {"x": 0.538, "y": 0.789, "z": 1.689, "xRot": 0.39031, "yRot": -0.0, "zRot": 0.00444}, "9": {"x": 0.545, "y": 0.815, "z": 1.871, "xRot": 0.45134, "yRot": -0.0, "zRot": 0.00523}, "10": {"x": 0.55, "y": 0.694, "z": 1.767, "xRot": 0.4902, "yRot": -0.0, "zRot": 0.00578}, "11": {"x": 0.494, "y": 0.424, "z": 1.32, "xRot": 0.52272, "yRot": -0.0, "zRot": 0.00054}, "12": {"x": 0.389, "y": -0.005, "z": 0.522, "xRot": 0.52847, "yRot": -0.0, "zRot": -0.00963}, "13": {"x": 0.332, "y": -0.75, "z": -0.698, "xRot": 0.45833, "yRot": 0.0, "zRot": -0.01453}, "14": {"x": 0.375, "y": -1.68, "z": -2.111, "xRot": 0.31785, "yRot": -0.0, "zRot": -0.01}, "15": {"x": 0.504, "y": -2.324, "z": -3.146, "xRot": 0.11526, "yRot": -0.0, "zRot": 0.0013}, "16": {"x": 0.633, "y": -2.15, "z": -3.47, "xRot": -0.11791, "yRot": -0.0, "zRot": 0.01209}, "17": {"x": 0.674, "y": -1.186, "z": -3.402, "xRot": -0.32835, "yRot": -0.0, "zRot": 0.01635}, "18": {"x": 0.626, "y": 0.047, "z": -3.197, "xRot": -0.48508, "yRot": -0.0, "zRot": 0.01291}, "19": {"x": 0.545, "y": 1.091, "z": -2.557, "xRot": -0.52887, "yRot": -0.0, "zRot": 0.00539}, "20": {"x": 0.502, "y": 1.282, "z": -1.555, "xRot": -0.46652, "yRot": -0.0, "zRot": 0.00125}}}, {"name": "rightLeg", "keyframes": {"0": {"x": 0.364, "y": 0.693, "z": 1.78, "xRot": 0.4889, "yRot": -0.0, "zRot": 0.03433}, "1": {"x": 0.429, "y": 0.432, "z": 1.321, "xRot": 0.52262, "yRot": -0.0, "zRot": 0.04128}, "2": {"x": 0.529, "y": 0.025, "z": 0.493, "xRot": 0.53134, "yRot": -0.0, "zRot": 0.05112}, "3": {"x": 0.576, "y": -0.699, "z": -0.772, "xRot": 0.46516, "yRot": -0.0, "zRot": 0.0537}, "4": {"x": 0.528, "y": -1.626, "z": -2.235, "xRot": 0.32878, "yRot": -0.0, "zRot": 0.04654}, "5": {"x": 0.395, "y": -2.298, "z": -3.304, "xRot": 0.12854, "yRot": -0.0, "zRot": 0.03316}, "6": {"x": 0.257, "y": -2.164, "z": -3.61, "xRot": -0.1062, "yRot": -0.0, "zRot": 0.02154}, "7": {"x": 0.202, "y": -1.214, "z": -3.488, "xRot": -0.32086, "yRot": -0.0, "zRot": 0.01778}, "8": {"x": 0.243, "y": 0.03, "z": -3.233, "xRot": -0.4817, "yRot": -0.0, "zRot": 0.02282}, "9": {"x": 0.329, "y": 1.092, "z": -2.564, "xRot": -0.52818, "yRot": -0.0, "zRot": 0.03175}, "10": {"x": 0.395, "y": 1.292, "z": -1.55, "xRot": -0.46697, "yRot": 0.0, "zRot": 0.03684}, "11": {"x": 0.423, "y": 0.846, "z": -0.807, "xRot": -0.37603, "yRot": -0.0, "zRot": 0.03791}, "12": {"x": 0.445, "y": 0.426, "z": -0.294, "xRot": -0.26455, "yRot": -0.0, "zRot": 0.03846}, "13": {"x": 0.453, "y": 0.123, "z": 0.015, "xRot": -0.13821, "yRot": -0.0, "zRot": 0.03811}, "14": {"x": 0.447, "y": 0.009, "z": 0.252, "xRot": -0.00997, "yRot": -0.0, "zRot": 0.03724}, "15": {"x": 0.429, "y": 0.081, "z": 0.521, "xRot": 0.11085, "yRot": -0.0, "zRot": 0.036}, "16": {"x": 0.405, "y": 0.293, "z": 0.875, "xRot": 0.21864, "yRot": 0.0, "zRot": 0.0346}, "17": {"x": 0.38, "y": 0.585, "z": 1.305, "xRot": 0.31177, "yRot": 0.0, "zRot": 0.03326}, "18": {"x": 0.361, "y": 0.789, "z": 1.702, "xRot": 0.38909, "yRot": -0.0, "zRot": 0.0325}, "19": {"x": 0.355, "y": 0.814, "z": 1.885, "xRot": 0.4501, "yRot": 0.0, "zRot": 0.03287}, "20": {"x": 0.364, "y": 0.693, "z": 1.78, "xRot": 0.4889, "yRot": -0.0, "zRot": 0.03433}}}, {"name": "body", "keyframes": {"0": {"x": 0.348, "y": 0.966, "z": -0.12, "xRot": 0.01526, "yRot": -0.19489, "zRot": -0.02441}, "1": {"x": 0.358, "y": 1.371, "z": -0.12, "xRot": 0.01526, "yRot": -0.18376, "zRot": -0.02298}, "2": {"x": 0.385, "y": 1.565, "z": -0.121, "xRot": 0.01526, "yRot": -0.15354, "zRot": -0.01909}, "3": {"x": 0.426, "y": 1.472, "z": -0.121, "xRot": 0.01526, "yRot": -0.109, "zRot": -0.01336}, "4": {"x": 0.475, "y": 1.251, "z": -0.122, "xRot": 0.01527, "yRot": -0.05493, "zRot": -0.0064}, "5": {"x": 0.528, "y": 0.967, "z": -0.122, "xRot": 0.01527, "yRot": 0.00392, "zRot": 0.00117}, "6": {"x": 0.582, "y": 0.685, "z": -0.122, "xRot": 0.01528, "yRot": 0.06277, "zRot": 0.00874}, "7": {"x": 0.631, "y": 0.469, "z": -0.121, "xRot": 0.01528, "yRot": 0.11685, "zRot": 0.0157}, "8": {"x": 0.671, "y": 0.383, "z": -0.121, "xRot": 0.01529, "yRot": 0.16138, "zRot": 0.02143}, "9": {"x": 0.699, "y": 0.565, "z": -0.12, "xRot": 0.01529, "yRot": 0.1916, "zRot": 0.02532}, "10": {"x": 0.709, "y": 0.966, "z": -0.12, "xRot": 0.01529, "yRot": 0.20273, "zRot": 0.02675}, "11": {"x": 0.699, "y": 1.371, "z": -0.12, "xRot": 0.01529, "yRot": 0.1916, "zRot": 0.02532}, "12": {"x": 0.671, "y": 1.565, "z": -0.121, "xRot": 0.01529, "yRot": 0.16138, "zRot": 0.02143}, "13": {"x": 0.631, "y": 1.472, "z": -0.121, "xRot": 0.01528, "yRot": 0.11685, "zRot": 0.0157}, "14": {"x": 0.582, "y": 1.251, "z": -0.122, "xRot": 0.01528, "yRot": 0.06277, "zRot": 0.00874}, "15": {"x": 0.528, "y": 0.967, "z": -0.122, "xRot": 0.01527, "yRot": 0.00392, "zRot": 0.00117}, "16": {"x": 0.475, "y": 0.685, "z": -0.122, "xRot": 0.01527, "yRot": -0.05493, "zRot": -0.0064}, "17": {"x": 0.426, "y": 0.468, "z": -0.121, "xRot": 0.01526, "yRot": -0.109, "zRot": -0.01336}, "18": {"x": 0.385, "y": 0.382, "z": -0.121, "xRot": 0.01526, "yRot": -0.15354, "zRot": -0.01909}, "19": {"x": 0.358, "y": 0.564, "z": -0.12, "xRot": 0.01526, "yRot": -0.18376, "zRot": -0.02298}, "20": {"x": 0.348, "y": 0.966, "z": -0.12, "xRot": 0.01526, "yRot": -0.19489, "zRot": -0.02441}}}, {"name": "cloak", "keyframes": {"0": {"x": -0.137, "y": 0.939, "z": -0.167, "xRot": 0.48377, "yRot": -0.0, "zRot": 0.02171}, "1": {"x": -0.1, "y": 1.343, "z": -0.162, "xRot": 0.47537, "yRot": 0.0, "zRot": 0.03835}, "2": {"x": 0.002, "y": 1.534, "z": -0.15, "xRot": 0.45536, "yRot": -0.0, "zRot": 0.05206}, "3": {"x": 0.153, "y": 1.437, "z": -0.137, "xRot": 0.43147, "yRot": -0.0, "zRot": 0.06136}, "4": {"x": 0.337, "y": 1.213, "z": -0.126, "xRot": 0.41146, "yRot": -0.0, "zRot": 0.06479}, "5": {"x": 0.538, "y": 0.929, "z": -0.122, "xRot": 0.40307, "yRot": -0.0, "zRot": 0.06136}, "6": {"x": 0.739, "y": 0.648, "z": -0.127, "xRot": 0.41146, "yRot": 0.0, "zRot": 0.05206}, "7": {"x": 0.923, "y": 0.435, "z": -0.139, "xRot": 0.43147, "yRot": -0.0, "zRot": 0.03835}, "8": {"x": 1.073, "y": 0.353, "z": -0.153, "xRot": 0.45536, "yRot": -0.0, "zRot": 0.02171}, "9": {"x": 1.175, "y": 0.539, "z": -0.166, "xRot": 0.47537, "yRot": 0.0, "zRot": 0.0036}, "10": {"x": 1.213, "y": 0.941, "z": -0.171, "xRot": 0.48377, "yRot": 0.0, "zRot": -0.01451}, "11": {"x": 1.175, "y": 1.345, "z": -0.166, "xRot": 0.47537, "yRot": -0.0, "zRot": -0.03115}, "12": {"x": 1.073, "y": 1.536, "z": -0.153, "xRot": 0.45536, "yRot": -0.0, "zRot": -0.04485}, "13": {"x": 0.923, "y": 1.438, "z": -0.139, "xRot": 0.43147, "yRot": -0.0, "zRot": -0.05415}, "14": {"x": 0.739, "y": 1.214, "z": -0.127, "xRot": 0.41146, "yRot": -0.0, "zRot": -0.05758}, "15": {"x": 0.538, "y": 0.929, "z": -0.122, "xRot": 0.40307, "yRot": -0.0, "zRot": -0.05415}, "16": {"x": 0.337, "y": 0.647, "z": -0.126, "xRot": 0.41146, "yRot": -0.0, "zRot": -0.04485}, "17": {"x": 0.153, "y": 0.434, "z": -0.137, "xRot": 0.43147, "yRot": -0.0, "zRot": -0.03115}, "18": {"x": 0.002, "y": 0.352, "z": -0.15, "xRot": 0.45536, "yRot": -0.0, "zRot": -0.01451}, "19": {"x": -0.1, "y": 0.537, "z": -0.162, "xRot": 0.47537, "yRot": -0.0, "zRot": 0.0036}, "20": {"x": -0.137, "y": 0.939, "z": -0.167, "xRot": 0.48377, "yRot": -0.0,