{"frame_length": 20, "parts": [{"name": "leftLeg", "keyframes": {"0": {"x": 0.522, "y": 0.915, "z": -1.303, "xRot": -0.39305, "yRot": -0.0, "zRot": 0.00301}, "1": {"x": 0.523, "y": 0.557, "z": -0.72, "xRot": -0.30585, "yRot": -0.0, "zRot": 0.00298}, "2": {"x": 0.521, "y": 0.247, "z": -0.307, "xRot": -0.20308, "yRot": -0.0, "zRot": 0.00275}, "3": {"x": 0.518, "y": 0.049, "z": -0.024, "xRot": -0.09067, "yRot": 0.0, "zRot": 0.00243}, "4": {"x": 0.515, "y": 0.003, "z": 0.237, "xRot": 0.02065, "yRot": -0.0, "zRot": 0.00217}, "5": {"x": 0.514, "y": 0.092, "z": 0.546, "xRot": 0.12413, "yRot": -0.0, "zRot": 0.00209}, "6": {"x": 0.515, "y": 0.279, "z": 0.925, "xRot": 0.21622, "yRot": 0.0, "zRot": 0.0022}, "7": {"x": 0.517, "y": 0.523, "z": 1.354, "xRot": 0.29637, "yRot": -0.0, "zRot": 0.00248}, "8": {"x": 0.521, "y": 0.673, "z": 1.731, "xRot": 0.36394, "yRot": 0.0, "zRot": 0.00286}, "9": {"x": 0.525, "y": 0.649, "z": 1.893, "xRot": 0.41845, "yRot": -0.0, "zRot": 0.00329}, "10": {"x": 0.528, "y": 0.497, "z": 1.785, "xRot": 0.45419, "yRot": 0.0, "zRot": 0.00362}, "11": {"x": 0.51, "y": 0.224, "z": 1.323, "xRot": 0.48845, "yRot": -0.0, "zRot": 0.002}, "12": {"x": 0.475, "y": -0.163, "z": 0.517, "xRot": 0.50187, "yRot": -0.0, "zRot": -0.00132}, "13": {"x": 0.456, "y": -0.817, "z": -0.652, "xRot": 0.44574, "yRot": -0.0, "zRot": -0.00299}, "14": {"x": 0.471, "y": -1.65, "z": -1.998, "xRot": 0.32588, "yRot": -0.0, "zRot": -0.00159}, "15": {"x": 0.513, "y": -2.27, "z": -3.014, "xRot": 0.14954, "yRot": -0.0, "zRot": 0.00203}, "16": {"x": 0.555, "y": -2.213, "z": -3.327, "xRot": -0.05895, "yRot": -0.0, "zRot": 0.00556}, "17": {"x": 0.571, "y": -1.441, "z": -3.165, "xRot": -0.25469, "yRot": 0.0, "zRot": 0.00712}, "18": {"x": 0.558, "y": -0.358, "z": -2.81, "xRot": -0.40684, "yRot": 0.0, "zRot": 0.00633}, "19": {"x": 0.534, "y": 0.658, "z": -2.15, "xRot": -0.4524, "yRot": -0.0, "zRot": 0.0042}, "20": {"x": 0.522, "y": 0.915, "z": -1.303, "xRot": -0.39305, "yRot": -0.0, "zRot": 0.00301}}}, {"name": "rightLeg", "keyframes": {"0": {"x": 0.393, "y": 0.501, "z": 1.791, "xRot": 0.45361, "yRot": -0.0, "zRot": 0.03646}, "1": {"x": 0.421, "y": 0.237, "z": 1.316, "xRot": 0.48917, "yRot": -0.0, "zRot": 0.03979}, "2": {"x": 0.45, "y": -0.131, "z": 0.476, "xRot": 0.50571, "yRot": -0.0, "zRot": 0.04288}, "3": {"x": 0.459, "y": -0.767, "z": -0.736, "xRot": 0.45348, "yRot": -0.0, "zRot": 0.04257}, "4": {"x": 0.442, "y": -1.596, "z": -2.13, "xRot": 0.3375, "yRot": -0.0, "zRot": 0.03909}, "5": {"x": 0.402, "y": -2.237, "z": -3.179, "xRot": 0.16347, "yRot": -0.0, "zRot": 0.03393}, "6": {"x": 0.357, "y": -2.216, "z": -3.48, "xRot": -0.04621, "yRot": -0.0, "zRot": 0.02981}, "7": {"x": 0.332, "y": -1.463, "z": -3.267, "xRot": -0.24587, "yRot": -0.0, "zRot": 0.02852}, "8": {"x": 0.335, "y": -0.375, "z": -2.86, "xRot": -0.40232, "yRot": 0.0, "zRot": 0.0303}, "9": {"x": 0.358, "y": 0.657, "z": -2.165, "xRot": -0.45097, "yRot": -0.0, "zRot": 0.03312}, "10": {"x": 0.387, "y": 0.921, "z": -1.305, "xRot": -0.39291, "yRot": -0.0, "zRot": 0.03491}, "11": {"x": 0.412, "y": 0.564, "z": -0.721, "xRot": -0.30577, "yRot": -0.0, "zRot": 0.03603}, "12": {"x": 0.433, "y": 0.255, "z": -0.307, "xRot": -0.20309, "yRot": 0.0, "zRot": 0.03683}, "13": {"x": 0.441, "y": 0.058, "z": -0.023, "xRot": -0.0908, "yRot": 0.0, "zRot": 0.03692}, "14": {"x": 0.439, "y": 0.011, "z": 0.24, "xRot": 0.02041, "yRot": -0.0, "zRot": 0.0366}, "15": {"x": 0.428, "y": 0.1, "z": 0.55, "xRot": 0.12379, "yRot": 0.0, "zRot": 0.03595}, "16": {"x": 0.412, "y": 0.286, "z": 0.93, "xRot": 0.21582, "yRot": -0.0, "zRot": 0.03514}, "17": {"x": 0.394, "y": 0.528, "z": 1.359, "xRot": 0.29592, "yRot": -0.0, "zRot": 0.03434}, "18": {"x": 0.382, "y": 0.677, "z": 1.736, "xRot": 0.36346, "yRot": -0.0, "zRot": 0.03404}, "19": {"x": 0.381, "y": 0.653, "z": 1.899, "xRot": 0.41792, "yRot": -0.0, "zRot": 0.03478}, "20": {"x": 0.393, "y": 0.501, "z": 1.791, "xRot": 0.45361, "yRot": -0.0, "zRot": 0.03646}}}, {"name": "body", "keyframes": {"0": {"x": 0.334, "y": 0.966, "z": -0.122, "xRot": 0.01526, "yRot": -0.07707, "zRot": -0.02441}, "1": {"x": 0.344, "y": 1.371, "z": -0.122, "xRot": 0.01526, "yRot": -0.07271, "zRot": -0.02298}, "2": {"x": 0.374, "y": 1.565, "z": -0.122, "xRot": 0.01526, "yRot": -0.06088, "zRot": -0.01909}, "3": {"x": 0.418, "y": 1.472, "z": -0.122, "xRot": 0.01526, "yRot": -0.04344, "zRot": -0.01336}, "4": {"x": 0.471, "y": 1.251, "z": -0.122, "xRot": 0.01527, "yRot": -0.02226, "zRot": -0.0064}, "5": {"x": 0.529, "y": 0.967, "z": -0.122, "xRot": 0.01527, "yRot": 0.00078, "zRot": 0.00117}, "6": {"x": 0.586, "y": 0.685, "z": -0.122, "xRot": 0.01528, "yRot": 0.02383, "zRot": 0.00874}, "7": {"x": 0.639, "y": 0.469, "z": -0.122, "xRot": 0.01528, "yRot": 0.045, "zRot": 0.0157}, "8": {"x": 0.683, "y": 0.383, "z": -0.122, "xRot": 0.01529, "yRot": 0.06244, "zRot": 0.02143}, "9": {"x": 0.713, "y": 0.565, "z": -0.122, "xRot": 0.01529, "yRot": 0.07428, "zRot": 0.02532}, "10": {"x": 0.724, "y": 0.966, "z": -0.122, "xRot": 0.01529, "yRot": 0.07864, "zRot": 0.02675}, "11": {"x": 0.713, "y": 1.371, "z": -0.122, "xRot": 0.01529, "yRot": 0.07428, "zRot": 0.02532}, "12": {"x": 0.683, "y": 1.566, "z": -0.122, "xRot": 0.01529, "yRot": 0.06244, "zRot": 0.02143}, "13": {"x": 0.639, "y": 1.472, "z": -0.122, "xRot": 0.01528, "yRot": 0.045, "zRot": 0.0157}, "14": {"x": 0.586, "y": 1.251, "z": -0.122, "xRot": 0.01528, "yRot": 0.02383, "zRot": 0.00874}, "15": {"x": 0.529, "y": 0.967, "z": -0.122, "xRot": 0.01527, "yRot": 0.00078, "zRot": 0.00117}, "16": {"x": 0.471, "y": 0.685, "z": -0.122, "xRot": 0.01527, "yRot": -0.02226, "zRot": -0.0064}, "17": {"x": 0.418, "y": 0.469, "z": -0.122, "xRot": 0.01526, "yRot": -0.04344, "zRot": -0.01336}, "18": {"x": 0.374, "y": 0.383, "z": -0.122, "xRot": 0.01526, "yRot": -0.06088, "zRot": -0.01909}, "19": {"x": 0.344, "y": 0.565, "z": -0.122, "xRot": 0.01526, "yRot": -0.07271, "zRot": -0.02298}, "20": {"x": 0.334, "y": 0.966, "z": -0.122, "xRot": 0.01526, "yRot": -0.07707, "zRot": -0.02441}}}, {"name": "cloak", "keyframes": {"0": {"x": 0.14, "y": 0.932, "z": -0.129, "xRot": 0.48377, "yRot": -0.0, "zRot": 0.02171}, "1": {"x": 0.162, "y": 1.337, "z": -0.129, "xRot": 0.47537, "yRot": 0.0, "zRot": 0.03835}, "2": {"x": 0.221, "y": 1.53, "z": -0.127, "xRot": 0.45536, "yRot": -0.0, "zRot": 0.05206}, "3": {"x": 0.309, "y": 1.435, "z": -0.125, "xRot": 0.43147, "yRot": -0.0, "zRot": 0.06136}, "4": {"x": 0.415, "y": 1.213, "z": -0.123, "xRot": 0.41146, "yRot": -0.0, "zRot": 0.06479}, "5": {"x": 0.531, "y": 0.929, "z": -0.122, "xRot": 0.40307, "yRot": -0.0, "zRot": 0.06136}, "6": {"x": 0.646, "y": 0.647, "z": -0.123, "xRot": 0.41146, "yRot": 0.0, "zRot": 0.05206}, "7": {"x": 0.752, "y": 0.432, "z": -0.125, "xRot": 0.43147, "yRot": -0.0, "zRot": 0.03835}, "8": {"x": 0.84, "y": 0.348, "z": -0.127, "xRot": 0.45536, "yRot": -0.0, "zRot": 0.02171}, "9": {"x": 0.899, "y": 0.532, "z": -0.129, "xRot": 0.47537, "yRot": 0.0, "zRot": 0.0036}, "10": {"x": 0.921, "y": 0.933, "z": -0.13, "xRot": 0.48377, "yRot": 0.0, "zRot": -0.01451}, "11": {"x": 0.899, "y": 1.338, "z": -0.129, "xRot": 0.47537, "yRot": -0.0, "zRot": -0.03115}, "12": {"x": 0.84, "y": 1.531, "z": -0.127, "xRot": 0.45536, "yRot": -0.0, "zRot": -0.04485}, "13": {"x": 0.752, "y": 1.436, "z": -0.125, "xRot": 0.43147, "yRot": -0.0, "zRot": -0.05415}, "14": {"x": 0.646, "y": 1.213, "z": -0.123, "xRot": 0.41146, "yRot": -0.0, "zRot": -0.05758}, "15": {"x": 0.531, "y": 0.929, "z": -0.122, "xRot": 0.40307, "yRot": -0.0, "zRot": -0.05415}, "16": {"x": 0.415, "y": 0.647, "z": -0.123, "xRot": 0.41146, "yRot": -0.0, "zRot": -0.04485}, "17": {"x": 0.309, "y": 0.432, "z": -0.125, "xRot": 0.43147, "yRot": -0.0, "zRot": -0.03115}, "18": {"x": 0.221, "y": 0.347, "z": -0.127, "xRot": 0.45536, "yRot": -0.0, "zRot": -0.01451}, "19": {"x": 0.162, "y": 0.531, "z": -0.129, "xRot": 0.47537, "yRot": -0.0, "zRot": 0.0036}, "20": {"x": 0.14, "y": 0.932, "z": -0.129, "xRot": 0.48377, "yRot": -0.0,