{"frame_length": 10, "parts": [{"name": "leftLeg", "keyframes": {"0": {"x": 0.064, "y": 0.001, "z": -0.129, "xRot": 0.01078, "yRot": -0.0, "zRot": 0.00534}, "1": {"x": 0.062, "y": 0.001, "z": -0.177, "xRot": 0.01478, "yRot": -0.0, "zRot": 0.00517}, "2": {"x": -0.0, "y": 0.001, "z": -0.15, "xRot": 0.01252, "yRot": -0.0, "zRot": -2e-05}, "3": {"x": -0.149, "y": 0.001, "z": -0.071, "xRot": 0.00592, "yRot": -0.0, "zRot": -0.0124}, "4": {"x": -0.267, "y": 0.003, "z": 0.043, "xRot": -0.00359, "yRot": -0.0, "zRot": -0.02226}, "5": {"x": -0.159, "y": 0.002, "z": 0.174, "xRot": -0.01452, "yRot": 0.0, "zRot": -0.01328}, "6": {"x": 0.007, "y": 0.004, "z": 0.297, "xRot": -0.02476, "yRot": -0.0, "zRot": 0.00062}, "7": {"x": 0.073, "y": 0.002, "z": 0.19, "xRot": -0.01587, "yRot": -0.0, "zRot": 0.00608}, "8": {"x": 0.078, "y": 0.0, "z": -0.001, "xRot": 6e-05, "yRot": 0.0, "zRot": 0.00654}, "9": {"x": 0.068, "y": 0.0, "z": -0.071, "xRot": 0.00594, "yRot": -0.0, "zRot": 0.0057}, "10": {"x": 0.064, "y": 0.001, "z": -0.129, "xRot": 0.01078, "yRot": -0.0, "zRot": 0.00534}}}, {"name": "rightLeg", "keyframes": {"0": {"x": 0.142, "y": 0.018, "z": 0.649, "xRot": -0.05414, "yRot": -0.0, "zRot": 0.01187}, "1": {"x": 0.094, "y": 0.005, "z": 0.318, "xRot": -0.02653, "yRot": -0.0, "zRot": 0.0078}, "2": {"x": 0.002, "y": 0.003, "z": -0.284, "xRot": 0.02366, "yRot": 0.0, "zRot": 0.00018}, "3": {"x": -0.072, "y": 0.029, "z": -0.828, "xRot": 0.06905, "yRot": -0.0, "zRot": -0.00603}, "4": {"x": -0.122, "y": 0.042, "z": -0.992, "xRot": 0.08278, "yRot": -0.0, "zRot": -0.01023}, "5": {"x": -0.099, "y": 0.011, "z": -0.499, "xRot": 0.04158, "yRot": -0.0, "zRot": -0.00827}, "6": {"x": 0.008, "y": 0.006, "z": 0.363, "xRot": -0.03029, "yRot": -0.0, "zRot": 0.00067}, "7": {"x": 0.116, "y": 0.025, "z": 0.773, "xRot": -0.06446, "yRot": 0.0, "zRot": 0.00968}, "8": {"x": 0.146, "y": 0.023, "z": 0.722, "xRot": -0.06024, "yRot": -0.0, "zRot": 0.01216}, "9": {"x": 0.145, "y": 0.021, "z": 0.701, "xRot": -0.05849, "yRot": -0.0, "zRot": 0.01213}, "10": {"x": 0.142, "y": 0.018, "z": 0.649, "xRot": -0.05414, "yRot": -0.0, "zRot": 0.01187}}}, {"name": "body", "keyframes": {"0": {"x": -0.147, "y": -0.038, "z": 0.361, "xRot": -0.00863, "yRot": 0.1964, "zRot": -0.02253}, "1": {"x": -0.072, "y": -0.029, "z": 0.076, "xRot": -0.00048, "yRot": 0.12452, "zRot": -0.01254}, "2": {"x": 0.123, "y": -0.001, "z": -0.468, "xRot": 0.02093, "yRot": -0.03362, "zRot": 0.00944}, "3": {"x": 0.383, "y": 0.045, "z": -1.053, "xRot": 0.05106, "yRot": -0.19176, "zRot": 0.03142}, "4": {"x": 0.567, "y": 0.096, "z": -1.466, "xRot": 0.08533, "yRot": -0.26364, "zRot": 0.0414}, "5": {"x": 0.403, "y": 0.104, "z": -1.171, "xRot": 0.08527, "yRot": -0.16888, "zRot": 0.03013}, "6": {"x": 0.069, "y": 0.094, "z": -0.437, "xRot": 0.06381, "yRot": 0.01667, "zRot": 0.00616}, "7": {"x": -0.137, "y": 0.085, "z": 0.188, "xRot": 0.02445, "yRot": 0.14497, "zRot": -0.01572}, "8": {"x": -0.172, "y": 0.052, "z": 0.419, "xRot": -0.00508, "yRot": 0.18066, "zRot": -0.02455}, "9": {"x": -0.16, "y": -0.006, "z": 0.438, "xRot": -0.01053, "yRot": 0.19424, "zRot": -0.0243}, "10": {"x": -0.147, "y": -0.038, "z": 0.361, "xRot": -0.00863, "yRot": 0.1964, "zRot": -0.02253}}}, {"name": "cloak", "keyframes": {"0": {"x": 0.342, "y": -0.028, "z": 0.313, "xRot": 0.44837, "yRot": 0.15978, "zRot": -0.00604}, "1": {"x": 0.239, "y": -0.031, "z": 0.057, "xRot": 0.46476, "yRot": 0.16864, "zRot": -0.00504}, "2": {"x": 0.039, "y": -0.054, "z": -0.47, "xRot": 0.44837, "yRot": 0.15978, "zRot": -0.00604}, "3": {"x": -0.089, "y": -0.098, "z": -1.102, "xRot": 0.40929, "yRot": 0.13865, "zRot": -0.00842}, "4": {"x": -0.073, "y": -0.143, "z": -1.561, "xRot": 0.36264, "yRot": 0.11343, "zRot": -0.01126}, "5": {"x": -0.009, "y": -0.121, "z": -1.215, "xRot": 0.32355, "yRot": 0.0923, "zRot": -0.01364}, "6": {"x": 0.111, "y": -0.065, "z": -0.442, "xRot": 0.30716, "yRot": 0.08343, "zRot": -0.01464}, "7": {"x": 0.223, "y": 0.018, "z": 0.161, "xRot": 0.32355, "yRot": 0.0923, "zRot": -0.01364}, "8": {"x": 0.277, "y": 0.053, "z": 0.378, "xRot": 0.36264, "yRot": 0.11343, "zRot": -0.01126}, "9": {"x": 0.323, "y": 0.008, "z": 0.391, "xRot": 0.40929, "yRot": 0.13865, "zRot": -0.00842}, "10": {"x": 0.342, "y": -0.028, "z": 0.313, "xRot": 0.44837, "yRot": 0.15978, "zRot": -0.00604}}}, {"name": "head", "keyframes": {"0": {"x": -0.147, "y": -0.038, "z": 0.361, "xRot": 0.0, "yRot": -0.0, "zRot": -0.0}, "1": {"x": -0.072, "y": -0.029, "z": 0.076, "xRot": 0.0, "yRot": -0.0, "zRot": -0.0}, "2": {"x": 0.123, "y": -0.001, "z": -0.468, "xRot": 0.0, "yRot": -0.0, "zRot": -0.0}, "3": {"x": 0.383, "y": 0.045, "z": -1.053, "xRot": 0.0, "yRot": -0.0, "zRot": -0.0}, "4": {"x": 0.567, "y": 0.096, "z": -1.466, "xRot": 0.0, "yRot": -0.0, "zRot": -0.0}, "5": {"x": 0.403, "y": 0.104, "z": -1.171, "xRot": 0.0, "yRot": -0.0, "zRot": -0.0}, "6": {"x": 0.069, "y": 0.094, "z": -0.437, "xRot": 0.0, "yRot": -0.0, "zRot": -0.0}, "7": {"x": -0.137, "y": 0.085, "z": 0.188, "xRot": 0.0, "yRot": -0.0, "zRot": -0.0}, "8": {"x": -0.172, "y": 0.052, "z": 0.419, "xRot": 0.0, "yRot": -0.0, "zRot": -0.0}, "9": {"x": -0.16, "y": -0.006, "z": 0.438, "xRot": 0.0, "yRot": -0.0, "zRot": -0.0}, "10": {"x": -0.147, "y": -0.038, "z": 0.361, "xRot": 0.0, "yRot": -0.0, "zRot": -0.0}}}, {"name": "rightArm", "keyframes": {"0": {"x": -0.469, "y": -0.244, "z": 1.015, "xRot": 0.15328, "yRot": 0.05822, "zRot": 0.30868}, "1": {"x": -0.445, "y": -0.478, "z": 0.229, "xRot": -0.13679, "yRot": 0.08742, "zRot": 0.37639}, "2": {"x": -0.272, "y": -0.518, "z": -1.551, "xRot": -0.68106, "yRot": 0.05786, "zRot": 0.40249}, "3": {"x": 0.095, "y": -0.475, "z": -4.008, "xRot": -1.34514, "yRot": -0.01269, "zRot": 0.2789}, "4": {"x": 0.395, "y": -0.328, "z": -5.525, "xRot": -0.89721, "yRot": -0.09698, "zRot": 0.04975}, "5": {"x": 0.225, "y": -0.106, "z": -4.434, "xRot": -0.57037, "yRot": -0.1678, "zRot": -0.07324}, "6": {"x": -0.08, "y": 0.154, "z": -2.065, "xRot": -0.30862, "yRot": -0.19793, "zRot": -0.04638}, "7": {"x": -0.235, "y": 0.364, "z": -0.071, "xRot": -0.09697, "yRot": -0.16635, "zRot": 0.02184}, "8": {"x": -0.342, "y": 0.417, "z": 0.785, "xRot": 0.05616, "yRot": -0.09535, "zRot": 0.11481}, "9": {"x": -0.431, "y": 0.161, "z": 1.028, "xRot": 0.14238, "yRot": -0.0116, "zRot": 0.21596}, "10": {"x": -0.469, "y": -0.244, "z": 1.015, "xRot": 0.15328, "yRot": 0.05822, "zRot": 0.30868}}}, {"name": "leftArm", "keyframes": {"0": {"x": -0.202, "y": -0.149, "z": -0.076, "xRot": -0.03353, "yRot": 0.04775, "zRot": -0.08702}, "1": {"x": -0.086, "y": -0.091, "z": 0.009, "xRot": -0.01586, "yRot": 0.04078, "zRot": -0.0902}, "2": {"x": 0.099, "y": 0.046, "z": 0.297, "xRot": 0.02829, "yRot": 0.02337, "zRot": -0.09816}, "3": {"x": 0.207, "y": 0.195, "z": 0.556, "xRot": 0.08569, "yRot": 0.00073, "zRot": -0.10851}, "4": {"x": 0.263, "y": 0.285, "z": 0.557, "xRot": 0.1431, "yRot": -0.0219, "zRot": -0.11886}, "5": {"x": 0.241, "y": 0.244, "z": 0.393, "xRot": 0.18725, "yRot": -0.03932, "zRot": -0.12682}, "6": {"x": 0.058, "y": 0.121, "z": 0.163, "xRot": 0.20491, "yRot": -0.04628, "zRot": -0.13}, "7": {"x": -0.152, "y": 0.006, "z": 0.07, "xRot": 0.16766, "yRot": -0.03159, "zRot": -0.12328}, "8": {"x": -0.208, "y": -0.07, "z": 0.066, "xRot": 0.08569, "yRot": 0.00073, "zRot": -0.10851}, "9": {"x": -0.211, "y": -0.126, "z": 0.008, "xRot": 0.00373, "yRot": 0.03306, "zRot": -0.09373}, "10": {"x": -0.202, "y": -0.149, "z": -0.076, "xRot": -0.03353, "yRot": 0.04775, "zRot": -0.08702}}}, {"name": "rightHand", "keyframes": {"0": {"x": 0.0, "y": 0.0, "z": -0.0, "xRot": 0.0, "yRot": -0.0, "zRot": -0.0}, "1": {"x": 0.0, "y": 0.0, "z": -0.0, "xRot": 0.0, "yRot": -0.0, "zRot": -0.0}, "2": {"x": 0.0, "y": 0.0, "z": -0.0, "xRot": 0.0, "yRot": -0.0, "zRot": -0.0}, "3": {"x": 0.0, "y": 0.0, "z": -0.0, "xRot": 0.0, "yRot": -0.0, "zRot": -0.0}, "4": {"x": 0.0, "y": 0.0, "z": -0.0, "xRot": 0.0, "yRot": -0.0, "zRot": -0.0}, "5": {"x": 0.0, "y": 0.0, "z": -0.0, "xRot": 0.0, "yRot": -0.0, "zRot": -0.0},