{"frame_length": 10, "parts": [{"name": "leftLeg", "keyframes": {"0": {"x": 0.057, "y": 0.001, "z": -0.163, "xRot": 0.01359, "yRot": 0.0, "zRot": 0.00478}, "1": {"x": 0.062, "y": 0.002, "z": -0.18, "xRot": 0.01503, "yRot": 0.0, "zRot": 0.00514}, "2": {"x": -0.003, "y": 0.0, "z": -0.07, "xRot": 0.00587, "yRot": -0.0, "zRot": -0.00024}, "3": {"x": -0.186, "y": 0.002, "z": 0.122, "xRot": -0.01018, "yRot": -0.0, "zRot": -0.01547}, "4": {"x": -0.35, "y": 0.01, "z": 0.359, "xRot": -0.02994, "yRot": -0.0, "zRot": -0.02915}, "5": {"x": -0.212, "y": 0.012, "z": 0.496, "xRot": -0.04136, "yRot": -0.0, "zRot": -0.01772}, "6": {"x": 0.012, "y": 0.012, "z": 0.542, "xRot": -0.04516, "yRot": -0.0, "zRot": 0.00097}, "7": {"x": 0.086, "y": 0.004, "z": 0.283, "xRot": -0.02359, "yRot": -0.0, "zRot": 0.0072}, "8": {"x": 0.075, "y": 0.0, "z": -0.021, "xRot": 0.00177, "yRot": -0.0, "zRot": 0.00623}, "9": {"x": 0.06, "y": 0.001, "z": -0.112, "xRot": 0.00935, "yRot": -0.0, "zRot": 0.00503}, "10": {"x": 0.057, "y": 0.001, "z": -0.163, "xRot": 0.01359, "yRot": 0.0, "zRot": 0.00478}}}, {"name": "rightLeg", "keyframes": {"0": {"x": 0.136, "y": 0.017, "z": 0.616, "xRot": -0.05132, "yRot": -0.0, "zRot": 0.01131}, "1": {"x": 0.093, "y": 0.005, "z": 0.315, "xRot": -0.02628, "yRot": -0.0, "zRot": 0.00777}, "2": {"x": -0.0, "y": 0.002, "z": -0.204, "xRot": 0.01704, "yRot": -0.0, "zRot": -4e-05}, "3": {"x": -0.109, "y": 0.017, "z": -0.637, "xRot": 0.05309, "yRot": 0.0, "zRot": -0.00907}, "4": {"x": -0.204, "y": 0.021, "z": -0.678, "xRot": 0.05656, "yRot": -0.0, "zRot": -0.01707}, "5": {"x": -0.152, "y": 0.002, "z": -0.178, "xRot": 0.0148, "yRot": -0.0, "zRot": -0.01268}, "6": {"x": 0.012, "y": 0.015, "z": 0.607, "xRot": -0.05063, "yRot": 0.0, "zRot": 0.00102}, "7": {"x": 0.129, "y": 0.032, "z": 0.865, "xRot": -0.07217, "yRot": -0.0, "zRot": 0.01081}, "8": {"x": 0.142, "y": 0.021, "z": 0.702, "xRot": -0.05852, "yRot": -0.0, "zRot": 0.01184}, "9": {"x": 0.137, "y": 0.019, "z": 0.66, "xRot": -0.05506, "yRot": -0.0, "zRot": 0.01145}, "10": {"x": 0.136, "y": 0.017, "z": 0.616, "xRot": -0.05132, "yRot": -0.0, "zRot": 0.01131}}}, {"name": "body", "keyframes": {"0": {"x": -0.133, "y": -0.038, "z": 0.429, "xRot": -0.01727, "yRot": 0.1964, "zRot": -0.02253}, "1": {"x": -0.071, "y": -0.029, "z": 0.082, "xRot": -0.00124, "yRot": 0.12452, "zRot": -0.01254}, "2": {"x": 0.128, "y": 0.004, "z": -0.628, "xRot": 0.04088, "yRot": -0.03362, "zRot": 0.00944}, "3": {"x": 0.457, "y": 0.077, "z": -1.437, "xRot": 0.10013, "yRot": -0.19176, "zRot": 0.03142}, "4": {"x": 0.734, "y": 0.186, "z": -2.096, "xRot": 0.16755, "yRot": -0.26364, "zRot": 0.0414}, "5": {"x": 0.51, "y": 0.19, "z": -1.813, "xRot": 0.16742, "yRot": -0.16888, "zRot": 0.03013}, "6": {"x": 0.06, "y": 0.14, "z": -0.926, "xRot": 0.12522, "yRot": 0.01667, "zRot": 0.00616}, "7": {"x": -0.164, "y": 0.092, "z": 0.004, "xRot": 0.04779, "yRot": 0.14497, "zRot": -0.01572}, "8": {"x": -0.164, "y": 0.052, "z": 0.46, "xRot": -0.0103, "yRot": 0.18066, "zRot": -0.02455}, "9": {"x": -0.144, "y": -0.006, "z": 0.521, "xRot": -0.02101, "yRot": 0.19424, "zRot": -0.0243}, "10": {"x": -0.133, "y": -0.038, "z": 0.429, "xRot": -0.01727, "yRot": 0.1964, "zRot": -0.02253}}}, {"name": "cloak", "keyframes": {"0": {"x": 0.356, "y": -0.005, "z": 0.381, "xRot": 0.44837, "yRot": 0.15978, "zRot": -0.00604}, "1": {"x": 0.24, "y": -0.029, "z": 0.063, "xRot": 0.46476, "yRot": 0.16864, "zRot": -0.00504}, "2": {"x": 0.045, "y": -0.099, "z": -0.631, "xRot": 0.44837, "yRot": 0.15978, "zRot": -0.00604}, "3": {"x": -0.009, "y": -0.188, "z": -1.495, "xRot": 0.40929, "yRot": 0.13865, "zRot": -0.00842}, "4": {"x": 0.109, "y": -0.257, "z": -2.216, "xRot": 0.36264, "yRot": 0.11343, "zRot": -0.01126}, "5": {"x": 0.109, "y": -0.239, "z": -1.883, "xRot": 0.32355, "yRot": 0.0923, "zRot": -0.01364}, "6": {"x": 0.104, "y": -0.172, "z": -0.945, "xRot": 0.30716, "yRot": 0.08343, "zRot": -0.01464}, "7": {"x": 0.195, "y": -0.033, "z": -0.025, "xRot": 0.32355, "yRot": 0.0923, "zRot": -0.01364}, "8": {"x": 0.285, "y": 0.067, "z": 0.419, "xRot": 0.36264, "yRot": 0.11343, "zRot": -0.01126}, "9": {"x": 0.34, "y": 0.035, "z": 0.473, "xRot": 0.40929, "yRot": 0.13865, "zRot": -0.00842}, "10": {"x": 0.356, "y": -0.005, "z": 0.381, "xRot": 0.44837, "yRot": 0.15978, "zRot": -0.00604}}}, {"name": "head", "keyframes": {"0": {"x": -0.133, "y": -0.038, "z": 0.429, "xRot": 0.0, "yRot": -0.0, "zRot": -0.0}, "1": {"x": -0.071, "y": -0.029, "z": 0.082, "xRot": 0.0, "yRot": -0.0, "zRot": -0.0}, "2": {"x": 0.128, "y": 0.004, "z": -0.628, "xRot": 0.0, "yRot": -0.0, "zRot": -0.0}, "3": {"x": 0.457, "y": 0.077, "z": -1.437, "xRot": 0.0, "yRot": -0.0, "zRot": -0.0}, "4": {"x": 0.734, "y": 0.186, "z": -2.096, "xRot": 0.0, "yRot": -0.0, "zRot": -0.0}, "5": {"x": 0.51, "y": 0.19, "z": -1.813, "xRot": 0.0, "yRot": -0.0, "zRot": -0.0}, "6": {"x": 0.06, "y": 0.14, "z": -0.926, "xRot": 0.0, "yRot": -0.0, "zRot": -0.0}, "7": {"x": -0.164, "y": 0.092, "z": 0.004, "xRot": 0.0, "yRot": -0.0, "zRot": -0.0}, "8": {"x": -0.164, "y": 0.052, "z": 0.46, "xRot": 0.0, "yRot": -0.0, "zRot": -0.0}, "9": {"x": -0.144, "y": -0.006, "z": 0.521, "xRot": 0.0, "yRot": -0.0, "zRot": -0.0}, "10": {"x": -0.133, "y": -0.038, "z": 0.429, "xRot": 0.0, "yRot": -0.0, "zRot": -0.0}}}, {"name": "rightArm", "keyframes": {"0": {"x": -0.065, "y": 0.24, "z": 1.066, "xRot": 0.15328, "yRot": 0.54921, "zRot": 0.2947}, "1": {"x": -0.135, "y": 0.162, "z": 0.233, "xRot": -0.06647, "yRot": 0.58464, "zRot": 0.43197}, "2": {"x": -0.119, "y": 0.018, "z": -1.671, "xRot": -0.4788, "yRot": 0.41729, "zRot": 0.48844}, "3": {"x": 0.121, "y": -0.093, "z": -4.296, "xRot": -0.98189, "yRot": 0.10637, "zRot": 0.45577}, "4": {"x": 0.353, "y": -0.09, "z": -5.997, "xRot": -0.64255, "yRot": -0.06145, "zRot": 0.35766}, "5": {"x": 0.12, "y": -0.005, "z": -4.916, "xRot": -0.39494, "yRot": -0.02348, "zRot": 0.26604}, "6": {"x": -0.201, "y": 0.139, "z": -2.432, "xRot": -0.19664, "yRot": 0.06966, "zRot": 0.20548}, "7": {"x": -0.219, "y": 0.278, "z": -0.209, "xRot": -0.03631, "yRot": 0.19575, "zRot": 0.1508}, "8": {"x": -0.128, "y": 0.325, "z": 0.816, "xRot": 0.0797, "yRot": 0.33253, "zRot": 0.13523}, "9": {"x": -0.08, "y": 0.278, "z": 1.09, "xRot": 0.14502, "yRot": 0.45776, "zRot": 0.17709}, "10": {"x": -0.065, "y": 0.24, "z": 1.066, "xRot": 0.15328, "yRot": 0.54921, "zRot": 0.2947}}}, {"name": "leftArm", "keyframes": {"0": {"x": -0.084, "y": -0.142, "z": -0.036, "xRot": -0.05997, "yRot": 0.22609, "zRot": -0.07742}, "1": {"x": -0.016, "y": -0.091, "z": 0.01, "xRot": -0.05282, "yRot": 0.17261, "zRot": -0.06342}, "2": {"x": 0.085, "y": 0.027, "z": 0.177, "xRot": -0.00809, "yRot": 0.02365, "zRot": -0.03718}, "3": {"x": 0.158, "y": 0.16, "z": 0.255, "xRot": 0.06979, "yRot": -0.14602, "zRot": -0.01613}, "4": {"x": 0.25, "y": 0.254, "z": 0.058, "xRot": 0.16717, "yRot": -0.24564, "zRot": -0.01483}, "5": {"x": 0.232, "y": 0.213, "z": -0.105, "xRot": 0.18804, "yRot": -0.18191, "zRot": -0.03613}, "6": {"x": 0.061, "y": 0.086, "z": -0.208, "xRot": 0.14485, "yRot": -0.01377, "zRot": -0.0626}, "7": {"x": -0.092, "y": -0.017, "z": -0.075, "xRot": 0.05398, "yRot": 0.11594, "zRot": -0.08088}, "8": {"x": -0.102, "y": -0.066, "z": 0.087, "xRot": -0.01883, "yRot": 0.16534, "zRot": -0.08567}, "9": {"x": -0.092, "y": -0.117, "z": 0.059, "xRot": -0.04697, "yRot": 0.201, "zRot": -0.08234}, "10": {"x": -0.084, "y": -0.142, "z": -0.036, "xRot": -0.05997, "yRot": 0.22609, "zRot": -0.07742}}}, {"name": "rightHand", "keyframes": {"0": {"x": 0.0, "y": 0.0, "z": -0.0, "xRot": 0.0, "yRot": -0.0, "zRot": -0.0}, "1": {"x": 0.0, "y": 0.0, "z": -0.0, "xRot": 0.0, "yRot": -0.0, "zRot": -0.0}, "2": {"x": 0.0, "y": 0.0, "z": -0.0, "xRot": 0.0, "yRot": -0.0, "zRot": -0.0}, "3": {"x": 0.0, "y": 0.0, "z": -0.0, "xRot": 0.0, "yRot": -0.0, "zRot": -0.0}, "4": {"x": 0.0, "y": 0.0, "z": -0.0, "xRot": 0.0, "yRot": -0.0, "zRot": -0.0}, "5": {"x": 0.0, "y": 0.0, "z": -0.0, "xRot": 0.0, "yRot": -0.0, "zRot": -0.0}, "6": {"x": 0.0, "y": 0.0,