{"frame_length": 10, "parts": [{"name": "leftLeg", "keyframes": {"0": {"x": -0.191, "y": 0.008, "z": 0.385, "xRot": -0.03211, "yRot": -0.0, "zRot": -0.01594}, "1": {"x": -0.15, "y": 0.006, "z": 0.356, "xRot": -0.02965, "yRot": 0.0, "zRot": -0.01249}, "2": {"x": -0.09, "y": 0.004, "z": 0.276, "xRot": -0.023, "yRot": -0.0, "zRot": -0.00751}, "3": {"x": -0.081, "y": 0.002, "z": 0.175, "xRot": -0.01458, "yRot": -0.0, "zRot": -0.00678}, "4": {"x": -0.107, "y": 0.001, "z": 0.106, "xRot": -0.00882, "yRot": -0.0, "zRot": -0.00893}, "5": {"x": -0.124, "y": 0.001, "z": 0.079, "xRot": -0.00655, "yRot": 0.0, "zRot": -0.01033}, "6": {"x": -0.131, "y": 0.001, "z": 0.069, "xRot": -0.00571, "yRot": -0.0, "zRot": -0.01092}, "7": {"x": -0.078, "y": 0.002, "z": 0.213, "xRot": -0.01777, "yRot": -0.0, "zRot": -0.00647}, "8": {"x": -0.155, "y": 0.006, "z": 0.36, "xRot": -0.03003, "yRot": -0.0, "zRot": -0.01295}, "9": {"x": -0.186, "y": 0.008, "z": 0.382, "xRot": -0.03186, "yRot": -0.0, "zRot": -0.01554}, "10": {"x": -0.191, "y": 0.008, "z": 0.385, "xRot": -0.03211, "yRot": -0.0, "zRot": -0.01594}}}, {"name": "rightLeg", "keyframes": {"0": {"x": -0.027, "y": 0.023, "z": -0.747, "xRot": 0.06227, "yRot": -0.0, "zRot": -0.00227}, "1": {"x": -0.02, "y": 0.018, "z": -0.655, "xRot": 0.05464, "yRot": -0.0, "zRot": -0.00165}, "2": {"x": -0.023, "y": 0.009, "z": -0.454, "xRot": 0.03787, "yRot": -0.0, "zRot": -0.00192}, "3": {"x": -0.059, "y": 0.003, "z": -0.244, "xRot": 0.02034, "yRot": 0.0, "zRot": -0.00489}, "4": {"x": -0.099, "y": 0.001, "z": -0.111, "xRot": 0.00925, "yRot": -0.0, "zRot": -0.00826}, "5": {"x": -0.119, "y": 0.001, "z": -0.059, "xRot": 0.00492, "yRot": 0.0, "zRot": -0.00988}, "6": {"x": -0.126, "y": 0.001, "z": -0.04, "xRot": 0.00334, "yRot": -0.0, "zRot": -0.01052}, "7": {"x": -0.042, "y": 0.004, "z": -0.32, "xRot": 0.02671, "yRot": 0.0, "zRot": -0.00348}, "8": {"x": -0.021, "y": 0.019, "z": -0.669, "xRot": 0.05575, "yRot": -0.0, "zRot": -0.00172}, "9": {"x": -0.026, "y": 0.023, "z": -0.737, "xRot": 0.06145, "yRot": -0.0, "zRot": -0.00218}, "10": {"x": -0.027, "y": 0.023, "z": -0.747, "xRot": 0.06227, "yRot": -0.0, "zRot": -0.00227}}}, {"name": "body", "keyframes": {"0": {"x": 0.128, "y": 0.144, "z": -2.051, "xRot": 0.16337, "yRot": -0.28709, "zRot": -0.02663}, "1": {"x": 0.085, "y": 0.111, "z": -1.69, "xRot": 0.13317, "yRot": -0.2554, "zRot": -0.01951}, "2": {"x": 0.045, "y": 0.059, "z": -0.847, "xRot": 0.06433, "yRot": -0.18316, "zRot": -0.00328}, "3": {"x": 0.089, "y": 0.042, "z": 0.09, "xRot": -0.01049, "yRot": -0.10464, "zRot": 0.01437}, "4": {"x": 0.167, "y": 0.056, "z": 0.699, "xRot": -0.05864, "yRot": -0.05411, "zRot": 0.02572}, "5": {"x": 0.208, "y": 0.067, "z": 0.938, "xRot": -0.07751, "yRot": -0.03431, "zRot": 0.03017}, "6": {"x": 0.224, "y": 0.072, "z": 1.025, "xRot": -0.08441, "yRot": -0.02706, "zRot": 0.0318}, "7": {"x": 0.062, "y": 0.043, "z": -0.255, "xRot": 0.01693, "yRot": -0.13342, "zRot": 0.0079}, "8": {"x": 0.091, "y": 0.115, "z": -1.743, "xRot": 0.1376, "yRot": -0.26005, "zRot": -0.02055}, "9": {"x": 0.122, "y": 0.14, "z": -2.013, "xRot": 0.16015, "yRot": -0.28371, "zRot": -0.02587}, "10": {"x": 0.128, "y": 0.144, "z": -2.051, "xRot": 0.16337, "yRot": -0.28709, "zRot": -0.02663}}}, {"name": "cloak", "keyframes": {"0": {"x": -0.582, "y": -0.244, "z": -2.185, "xRot": 0.21001, "yRot": -0.23928, "zRot": -0.05047}, "1": {"x": -0.547, "y": -0.209, "z": -1.793, "xRot": 0.21964, "yRot": -0.23094, "zRot": -0.04955}, "2": {"x": -0.41, "y": -0.1, "z": -0.894, "xRot": 0.24448, "yRot": -0.20943, "zRot": -0.04718}, "3": {"x": -0.172, "y": 0.065, "z": 0.076, "xRot": 0.27845, "yRot": -0.18001, "zRot": -0.04393}, "4": {"x": 0.029, "y": 0.199, "z": 0.691, "xRot": 0.31545, "yRot": -0.14797, "zRot": -0.04038}, "5": {"x": 0.117, "y": 0.258, "z": 0.929, "xRot": 0.34942, "yRot": -0.11855, "zRot": -0.03713}, "6": {"x": 0.15, "y": 0.28, "z": 1.015, "xRot": 0.37426, "yRot": -0.09704, "zRot": -0.03476}, "7": {"x": -0.27, "y": -0.002, "z": -0.278, "xRot": 0.38389, "yRot": -0.0887, "zRot": -0.03384}, "8": {"x": -0.553, "y": -0.214, "z": -1.85, "xRot": 0.33881, "yRot": -0.12774, "zRot": -0.03815}, "9": {"x": -0.579, "y": -0.241, "z": -2.143, "xRot": 0.25509, "yRot": -0.20024, "zRot": -0.04616}, "10": {"x": -0.582, "y": -0.244, "z": -2.185, "xRot": 0.21001, "yRot": -0.23928, "zRot": -0.05047}}}, {"name": "head", "keyframes": {"0": {"x": 0.128, "y": 0.144, "z": -2.051, "xRot": 0.0, "yRot": -0.0, "zRot": -0.0}, "1": {"x": 0.085, "y": 0.111, "z": -1.69, "xRot": 0.0, "yRot": -0.0, "zRot": -0.0}, "2": {"x": 0.045, "y": 0.059, "z": -0.847, "xRot": 0.0, "yRot": -0.0, "zRot": -0.0}, "3": {"x": 0.089, "y": 0.042, "z": 0.09, "xRot": 0.0, "yRot": -0.0, "zRot": -0.0}, "4": {"x": 0.167, "y": 0.056, "z": 0.699, "xRot": 0.0, "yRot": -0.0, "zRot": -0.0}, "5": {"x": 0.208, "y": 0.067, "z": 0.938, "xRot": 0.0, "yRot": -0.0, "zRot": -0.0}, "6": {"x": 0.224, "y": 0.072, "z": 1.025, "xRot": 0.0, "yRot": -0.0, "zRot": -0.0}, "7": {"x": 0.062, "y": 0.043, "z": -0.255, "xRot": 0.0, "yRot": -0.0, "zRot": -0.0}, "8": {"x": 0.091, "y": 0.115, "z": -1.743, "xRot": 0.0, "yRot": -0.0, "zRot": -0.0}, "9": {"x": 0.122, "y": 0.14, "z": -2.013, "xRot": 0.0, "yRot": -0.0, "zRot": -0.0}, "10": {"x": 0.128, "y": 0.144, "z": -2.051, "xRot": 0.0, "yRot": -0.0, "zRot": -0.0}}}, {"name": "rightArm", "keyframes": {"0": {"x": 0.294, "y": 0.463, "z": -4.512, "xRot": -1.13818, "yRot": 0.0199, "zRot": 0.00919}, "1": {"x": 0.224, "y": 0.367, "z": -3.894, "xRot": -1.298, "yRot": 0.0199, "zRot": 0.00919}, "2": {"x": 0.124, "y": 0.156, "z": -2.43, "xRot": -1.69755, "yRot": 0.0199, "zRot": 0.00919}, "3": {"x": 0.115, "y": -0.066, "z": -0.731, "xRot": -2.21696, "yRot": 0.0199, "zRot": 0.00919}, "4": {"x": 0.166, "y": -0.235, "z": 0.553, "xRot": -2.73638, "yRot": 0.0199, "zRot": 0.00919}, "5": {"x": 0.203, "y": -0.344, "z": 1.253, "xRot": -3.13593, "yRot": 0.0199, "zRot": 0.00919}, "6": {"x": 0.218, "y": -0.386, "z": 1.522, "xRot": 2.98744, "yRot": 0.0199, "zRot": 0.00919}, "7": {"x": 0.115, "y": -0.083, "z": -0.954, "xRot": -2.24191, "yRot": 0.0199, "zRot": 0.00919}, "8": {"x": 0.235, "y": 0.36, "z": -3.897, "xRot": -1.18807, "yRot": 0.0199, "zRot": 0.00919}, "9": {"x": 0.286, "y": 0.45, "z": -4.436, "xRot": -1.25147, "yRot": 0.0199, "zRot": 0.00919}, "10": {"x": 0.294, "y": 0.463, "z": -4.512, "xRot": -1.13818, "yRot": 0.0199, "zRot": 0.00919}}}, {"name": "leftArm", "keyframes": {"0": {"x": -0.118, "y": -0.009, "z": -0.323, "xRot": 0.19941, "yRot": -0.30492, "zRot": -0.07324}, "1": {"x": -0.106, "y": -0.0, "z": -0.17, "xRot": 0.18644, "yRot": -0.27405, "zRot": -0.07135}, "2": {"x": -0.056, "y": 0.039, "z": 0.19, "xRot": 0.15759, "yRot": -0.20502, "zRot": -0.06751}, "3": {"x": 0.035, "y": 0.114, "z": 0.592, "xRot": 0.12882, "yRot": -0.13229, "zRot": -0.06452}, "4": {"x": 0.113, "y": 0.181, "z": 0.853, "xRot": 0.11894, "yRot": -0.0872, "zRot": -0.06569}, "5": {"x": 0.148, "y": 0.211, "z": 0.955, "xRot": 0.1159, "yRot": -0.06997, "zRot": -0.06646}, "6": {"x": 0.161, "y": 0.223, "z": 0.992, "xRot": 0.09076, "yRot": -0.06261, "zRot": -0.05855}, "7": {"x": -0.003, "y": 0.082, "z": 0.443, "xRot": 0.15856, "yRot": -0.15881, "zRot": -0.07204}, "8": {"x": -0.108, "y": -0.002, "z": -0.193, "xRot": 0.23622, "yRot": -0.27706, "zRot": -0.08745}, "9": {"x": -0.117, "y": -0.008, "z": -0.307, "xRot": 0.21507, "yRot": -0.30097, "zRot": -0.07865}, "10": {"x": -0.118, "y": -0.009, "z": -0.323, "xRot": 0.19941, "yRot": -0.30492, "zRot": -0.07324}}}, {"name": "rightHand", "keyframes": {"0": {"x": 0.0, "y": 0.0, "z": -0.0, "xRot": 0.0, "yRot": -0.0, "zRot": -0.0}, "1": {"x": 0.0, "y": 0.0, "z": -0.0, "xRot": 0.0, "yRot": -0.0, "zRot": -0.0}, "2": {"x": 0.0, "y": 0.0, "z": -0.0, "xRot": 0.0, "yRot": -0.0, "zRot": -0.0}, "3": {"x": 0.0, "y": 0.0, "z": -0.0, "xRot": 0.0, "yRot": -0.0, "zRot": -0.0}, "4": {"x": 0.0, "y": 0.0, "z": -0.0, "xRot": 0.0, "yRot": -0.0, "zRot": -0.0}, "5": {"x": 0.0, "y": 0.0, "z": -0.0, "xRot": 0.0, "yRot": -0.0,