{"frame_length": 10, "parts": [{"name": "leftLeg", "keyframes": {"0": {"x": 0.0, "y": -0.0, "z": -0.0, "xRot": 0.0, "yRot": -0.0, "zRot": -0.0}, "1": {"x": -0.0, "y": 0.0, "z": -0.014, "xRot": 0.00117, "yRot": -0.0, "zRot": -0.0}, "2": {"x": -0.0, "y": 0.0, "z": -0.028, "xRot": 0.00234, "yRot": -0.0, "zRot": -2e-05}, "3": {"x": 0.0, "y": 0.0, "z": -0.014, "xRot": 0.00117, "yRot": -0.0, "zRot": 1e-05}, "4": {"x": 0.0, "y": 0.0, "z": 0.021, "xRot": -0.00176, "yRot": 0.0, "zRot": 3e-05}, "5": {"x": -0.001, "y": 0.0, "z": 0.067, "xRot": -0.00556, "yRot": -0.0, "zRot": -7e-05}, "6": {"x": -0.004, "y": 0.001, "z": 0.112, "xRot": -0.00936, "yRot": -0.0, "zRot": -0.00031}, "7": {"x": -0.007, "y": 0.001, "z": 0.147, "xRot": -0.01227, "yRot": 0.0, "zRot": -0.00058}, "8": {"x": -0.009, "y": 0.001, "z": 0.161, "xRot": -0.01344, "yRot": 0.0, "zRot": -0.00072}, "9": {"x": -0.009, "y": 0.001, "z": 0.161, "xRot": -0.01344, "yRot": 0.0, "zRot": -0.00072}, "10": {"x": -0.009, "y": 0.001, "z": 0.161, "xRot": -0.01344, "yRot": 0.0, "zRot": -0.00072}}}, {"name": "rightLeg", "keyframes": {"0": {"x": 0.0, "y": -0.0, "z": -0.0, "xRot": 0.0, "yRot": -0.0, "zRot": -0.0}, "1": {"x": 0.0, "y": 0.0, "z": 0.014, "xRot": -0.00117, "yRot": -0.0, "zRot": 0.0}, "2": {"x": 0.0, "y": 0.0, "z": 0.028, "xRot": -0.00234, "yRot": -0.0, "zRot": 2e-05}, "3": {"x": 0.0, "y": 0.0, "z": 0.007, "xRot": -0.00054, "yRot": -0.0, "zRot": 2e-05}, "4": {"x": 0.001, "y": 0.0, "z": -0.047, "xRot": 0.00394, "yRot": -0.0, "zRot": 8e-05}, "5": {"x": 0.003, "y": 0.001, "z": -0.117, "xRot": 0.00976, "yRot": -0.0, "zRot": 0.00028}, "6": {"x": 0.008, "y": 0.001, "z": -0.187, "xRot": 0.01558, "yRot": -0.0, "zRot": 0.00063}, "7": {"x": 0.012, "y": 0.002, "z": -0.24, "xRot": 0.02004, "yRot": -0.0, "zRot": 0.00099}, "8": {"x": 0.014, "y": 0.003, "z": -0.262, "xRot": 0.02183, "yRot": 0.0, "zRot": 0.00115}, "9": {"x": 0.014, "y": 0.003, "z": -0.262, "xRot": 0.02183, "yRot": 0.0, "zRot": 0.00115}, "10": {"x": 0.014, "y": 0.003, "z": -0.262, "xRot": 0.02183, "yRot": 0.0, "zRot": 0.00115}}}, {"name": "body", "keyframes": {"0": {"x": 0.0, "y": -0.0, "z": -0.0, "xRot": 0.0, "yRot": -0.0, "zRot": -0.0}, "1": {"x": 0.0, "y": -0.0, "z": -0.0, "xRot": 0.0, "yRot": 0.00701, "zRot": -0.0}, "2": {"x": 0.0, "y": -0.0, "z": -0.0, "xRot": 0.0, "yRot": 0.01402, "zRot": -0.0}, "3": {"x": 0.0, "y": -0.0, "z": -0.004, "xRot": 0.0, "yRot": 0.00513, "zRot": -0.0}, "4": {"x": 0.001, "y": -0.0, "z": -0.013, "xRot": 0.0, "yRot": -0.01709, "zRot": -0.0}, "5": {"x": 0.001, "y": -0.0, "z": -0.025, "xRot": 0.0, "yRot": -0.04599, "zRot": -0.0}, "6": {"x": 0.002, "y": -0.0, "z": -0.037, "xRot": 0.0, "yRot": -0.07489, "zRot": -0.0}, "7": {"x": 0.002, "y": -0.0, "z": -0.047, "xRot": 0.0, "yRot": -0.09711, "zRot": -0.0}, "8": {"x": 0.003, "y": -0.0, "z": -0.05, "xRot": 0.0, "yRot": -0.106, "zRot": -0.0}, "9": {"x": 0.003, "y": -0.0, "z": -0.05, "xRot": 0.0, "yRot": -0.106, "zRot": -0.0}, "10": {"x": 0.003, "y": -0.0, "z": -0.05, "xRot": 0.0, "yRot": -0.106, "zRot": -0.0}}}, {"name": "cloak", "keyframes": {"0": {"x": 0.0, "y": -0.0, "z": -0.0, "xRot": 0.0, "yRot": -0.0, "zRot": -0.0}, "1": {"x": 0.018, "y": -0.0, "z": -0.0, "xRot": 0.0, "yRot": -0.0, "zRot": -0.0}, "2": {"x": 0.035, "y": -0.0, "z": -0.0, "xRot": 0.0, "yRot": -0.0, "zRot": -0.0}, "3": {"x": 0.013, "y": -0.0, "z": -0.004, "xRot": 0.0, "yRot": -0.0, "zRot": -0.0}, "4": {"x": -0.042, "y": -0.0, "z": -0.013, "xRot": 0.0, "yRot": -0.0, "zRot": -0.0}, "5": {"x": -0.114, "y": -0.0, "z": -0.028, "xRot": 0.0, "yRot": -0.0, "zRot": -0.0}, "6": {"x": -0.185, "y": -0.0, "z": -0.044, "xRot": 0.0, "yRot": -0.0, "zRot": -0.0}, "7": {"x": -0.24, "y": -0.0, "z": -0.058, "xRot": 0.0, "yRot": -0.0, "zRot": -0.0}, "8": {"x": -0.262, "y": -0.0, "z": -0.064, "xRot": 0.0, "yRot": -0.0, "zRot": -0.0}, "9": {"x": -0.262, "y": -0.0, "z": -0.064, "xRot": 0.0, "yRot": -0.0, "zRot": -0.0}, "10": {"x": -0.262, "y": -0.0, "z": -0.064, "xRot": 0.0, "yRot": -0.0, "zRot": -0.0}}}, {"name": "head", "keyframes": {"0": {"x": 0.0, "y": -0.0, "z": -0.0, "xRot": 0.0, "yRot": -0.0, "zRot": -0.0}, "1": {"x": 0.0, "y": -0.0, "z": -0.0, "xRot": 0.0, "yRot": -0.0, "zRot": -0.0}, "2": {"x": 0.0, "y": -0.0, "z": -0.0, "xRot": 0.0, "yRot": -0.0, "zRot": -0.0}, "3": {"x": 0.0, "y": -0.0, "z": -0.004, "xRot": 0.0, "yRot": -0.0, "zRot": -0.0}, "4": {"x": 0.001, "y": -0.0, "z": -0.013, "xRot": 0.0, "yRot": -0.0, "zRot": -0.0}, "5": {"x": 0.001, "y": -0.0, "z": -0.025, "xRot": 0.0, "yRot": -0.0, "zRot": -0.0}, "6": {"x": 0.002, "y": -0.0, "z": -0.037, "xRot": 0.0, "yRot": -0.0, "zRot": -0.0}, "7": {"x": 0.002, "y": -0.0, "z": -0.047, "xRot": 0.0, "yRot": -0.0, "zRot": -0.0}, "8": {"x": 0.003, "y": -0.0, "z": -0.05, "xRot": 0.0, "yRot": -0.0, "zRot": -0.0}, "9": {"x": 0.003, "y": -0.0, "z": -0.05, "xRot": 0.0, "yRot": -0.0, "zRot": -0.0}, "10": {"x": 0.003, "y": -0.0, "z": -0.05, "xRot": 0.0, "yRot": -0.0, "zRot": -0.0}}}, {"name": "rightArm", "keyframes": {"0": {"x": -0.0, "y": -0.0, "z": -0.0, "xRot": 0.0, "yRot": -0.0, "zRot": -0.0}, "1": {"x": 0.0, "y": -0.0, "z": 0.035, "xRot": 0.01897, "yRot": -0.0, "zRot": 0.00537}, "2": {"x": 0.0, "y": -0.0, "z": 0.07, "xRot": 0.05421, "yRot": 0.0, "zRot": 0.01685}, "3": {"x": 0.0, "y": -0.0, "z": 0.022, "xRot": 0.07318, "yRot": -0.0, "zRot": 0.0275}, "4": {"x": 0.001, "y": -0.0, "z": -0.099, "xRot": 0.04418, "yRot": 0.0, "zRot": 0.03466}, "5": {"x": 0.007, "y": -0.0, "z": -0.255, "xRot": -0.02629, "yRot": 0.0, "zRot": 0.04036}, "6": {"x": 0.016, "y": -0.0, "z": -0.411, "xRot": -0.11343, "yRot": -0.0, "zRot": 0.04473}, "7": {"x": 0.026, "y": -0.0, "z": -0.531, "xRot": -0.19242, "yRot": -0.0, "zRot": 0.04791}, "8": {"x": 0.031, "y": -0.0, "z": -0.579, "xRot": -0.23846, "yRot": -0.0, "zRot": 0.05002}, "9": {"x": 0.031, "y": -0.0, "z": -0.579, "xRot": -0.25493, "yRot": -0.0, "zRot": 0.05118}, "10": {"x": 0.031, "y": -0.0, "z": -0.579, "xRot": -0.26076, "yRot": -0.0, "zRot": 0.05155}}}, {"name": "leftArm", "keyframes": {"0": {"x": 0.0, "y": -0.0, "z": -0.0, "xRot": 0.0, "yRot": -0.0, "zRot": -0.0}, "1": {"x": -0.0, "y": -0.0, "z": -0.035, "xRot": 0.0, "yRot": -0.0, "zRot": -0.0}, "2": {"x": -0.0, "y": -0.0, "z": -0.07, "xRot": 0.0, "yRot": -0.0, "zRot": -0.0}, "3": {"x": 0.0, "y": -0.0, "z": -0.029, "xRot": 0.0, "yRot": -0.0, "zRot": -0.0}, "4": {"x": -0.0, "y": -0.0, "z": 0.072, "xRot": 0.0, "yRot": -0.0, "zRot": -0.0}, "5": {"x": -0.004, "y": -0.0, "z": 0.205, "xRot": 0.0, "yRot": -0.0, "zRot": -0.0}, "6": {"x": -0.012, "y": -0.0, "z": 0.337, "xRot": 0.0, "yRot": -0.0, "zRot": -0.0}, "7": {"x": -0.021, "y": -0.0, "z": 0.438, "xRot": 0.0, "yRot": -0.0, "zRot": -0.0}, "8": {"x": -0.025, "y": -0.0, "z": 0.479, "xRot": 0.0, "yRot": -0.0, "zRot": -0.0}, "9": {"x": -0.025, "y": -0.0, "z": 0.479, "xRot": 0.0, "yRot": -0.0, "zRot": -0.0}, "10": {"x": -0.025, "y": -0.0, "z": 0.479, "xRot": 0.0, "yRot": -0.0, "zRot": -0.0}}}, {"name": "rightHand", "keyframes": {"0": {"x": 0.0, "y": 0.0, "z": -0.0, "xRot": 0.0, "yRot": -0.0, "zRot": -0.0}, "1": {"x": 0.0, "y": 0.0, "z": -0.0, "xRot": 0.0, "yRot": -0.0, "zRot": -0.0}, "2": {"x": 0.0, "y": 0.0, "z": -0.0, "xRot": 0.0, "yRot": -0.0, "zRot": -0.0}, "3": {"x": 0.0, "y": 0.0, "z": -0.0, "xRot": 0.0, "yRot": -0.0, "zRot": -0.0}, "4": {"x": 0.0, "y": 0.0, "z": -0.0, "xRot": 0.01458, "yRot": -0.0, "zRot": -0.0}, "5": {"x": 0.0, "y": 0.0, "z": -0.0, "xRot": 0.04666, "yRot": -0.0, "zRot": -0.0}, "6": {"x": 0.0, "y": 0.0, "z": -0.0, "xRot": 0.07874, "yRot": -0.0, "zRot": -0.0}, "7": {"x": 0.0, "y": 0.0, "z": -0.0, "xRot": 0.09332, "yRot": -0.0, "zRot": -0.0}, "8": {"x": 0.0, "y": 0.0, "z": -0.0, "xRot": 0.06912, "yRot": -0.0, "zRot": -0.0}, "9": {"x": 0.0, "y": 0.0, "z": -0.0, "xRot": 0.02419, "yRot": -0.0, "zRot": -0.0}, "10": {"x": 0.0, "y": 0.0, "z": -0.0, "xRot": 0.0, "yRot": -0.0, "zRot": -0.0}}}, {"name": "leftHand", "keyframes": {"0": {"x": 0.0, "y": 0.0, "z": -0.0, "xRot": 0.0, "yRot": -0.0, "zRot": -0.0}, "1": {"x": 0.0, "y": 0.0, "z": -0.0, "xRot": 0.0,