{"frame_length": 10, "parts": [{"name": "leftLeg", "keyframes": {"0": {"x": 0.0, "y": -0.0, "z": -0.0, "xRot": 0.0, "yRot": -0.0, "zRot": -0.0}, "1": {"x": -0.001, "y": 0.0, "z": 0.019, "xRot": -0.00154, "yRot": -0.0, "zRot": -9e-05}, "2": {"x": -0.004, "y": 0.0, "z": 0.066, "xRot": -0.00553, "yRot": -0.0, "zRot": -0.00033}, "3": {"x": -0.008, "y": 0.001, "z": 0.132, "xRot": -0.01097, "yRot": -0.0, "zRot": -0.00066}, "4": {"x": -0.013, "y": 0.002, "z": 0.203, "xRot": -0.0169, "yRot": -0.0, "zRot": -0.00105}, "5": {"x": -0.017, "y": 0.003, "z": 0.268, "xRot": -0.02235, "yRot": -0.0, "zRot": -0.00141}, "6": {"x": -0.02, "y": 0.004, "z": 0.316, "xRot": -0.02633, "yRot": 0.0, "zRot": -0.00169}, "7": {"x": -0.022, "y": 0.005, "z": 0.334, "xRot": -0.02787, "yRot": -0.0, "zRot": -0.00179}, "8": {"x": -0.021, "y": 0.004, "z": 0.325, "xRot": -0.02712, "yRot": 0.0, "zRot": -0.00174}, "9": {"x": -0.02, "y": 0.004, "z": 0.309, "xRot": -0.02573, "yRot": -0.0, "zRot": -0.00164}, "10": {"x": -0.019, "y": 0.004, "z": 0.3, "xRot": -0.02498, "yRot": -0.0, "zRot": -0.00159}}}, {"name": "rightLeg", "keyframes": {"0": {"x": 0.0, "y": -0.0, "z": -0.0, "xRot": 0.0, "yRot": -0.0, "zRot": -0.0}, "1": {"x": -0.001, "y": 0.0, "z": -0.001, "xRot": 6e-05, "yRot": -0.0, "zRot": -9e-05}, "2": {"x": -0.003, "y": 0.0, "z": -0.002, "xRot": 0.0002, "yRot": -0.0, "zRot": -0.00028}, "3": {"x": -0.006, "y": 0.0, "z": -0.005, "xRot": 0.00039, "yRot": -0.0, "zRot": -0.00047}, "4": {"x": -0.007, "y": 0.0, "z": -0.007, "xRot": 0.0006, "yRot": 0.0, "zRot": -0.00059}, "5": {"x": -0.007, "y": 0.0, "z": -0.009, "xRot": 0.00078, "yRot": 0.0, "zRot": -0.00061}, "6": {"x": -0.007, "y": 0.0, "z": -0.011, "xRot": 0.00091, "yRot": -0.0, "zRot": -0.00057}, "7": {"x": -0.007, "y": 0.0, "z": -0.012, "xRot": 0.00096, "yRot": -0.0, "zRot": -0.00054}, "8": {"x": -0.007, "y": 0.0, "z": -0.011, "xRot": 0.00093, "yRot": -0.0, "zRot": -0.00056}, "9": {"x": -0.007, "y": 0.0, "z": -0.011, "xRot": 0.00089, "yRot": -0.0, "zRot": -0.00058}, "10": {"x": -0.007, "y": 0.0, "z": -0.01, "xRot": 0.00087, "yRot": 0.0, "zRot": -0.00059}}}, {"name": "body", "keyframes": {"0": {"x": 0.0, "y": -0.0, "z": -0.0, "xRot": 0.0, "yRot": -0.0, "zRot": -0.0}, "1": {"x": -0.001, "y": 0.0, "z": 0.019, "xRot": -0.00086, "yRot": -0.0048, "zRot": -0.0}, "2": {"x": -0.004, "y": 0.001, "z": 0.069, "xRot": -0.00308, "yRot": -0.01717, "zRot": 0.0}, "3": {"x": -0.009, "y": 0.002, "z": 0.137, "xRot": -0.00612, "yRot": -0.03409, "zRot": -0.0}, "4": {"x": -0.016, "y": 0.002, "z": 0.211, "xRot": -0.00942, "yRot": -0.05252, "zRot": -0.0}, "5": {"x": -0.022, "y": 0.003, "z": 0.279, "xRot": -0.01246, "yRot": -0.06944, "zRot": -0.0}, "6": {"x": -0.028, "y": 0.004, "z": 0.328, "xRot": -0.01468, "yRot": -0.08181, "zRot": -0.0}, "7": {"x": -0.03, "y": 0.004, "z": 0.347, "xRot": -0.01554, "yRot": -0.08661, "zRot": -0.0}, "8": {"x": -0.029, "y": 0.004, "z": 0.338, "xRot": -0.01512, "yRot": -0.08427, "zRot": 0.0}, "9": {"x": -0.027, "y": 0.004, "z": 0.321, "xRot": -0.01434, "yRot": -0.07994, "zRot": -0.0}, "10": {"x": -0.026, "y": 0.004, "z": 0.311, "xRot": -0.01393, "yRot": -0.0776, "zRot": 0.0}}}, {"name": "cloak", "keyframes": {"0": {"x": 0.0, "y": -0.0, "z": -0.0, "xRot": 0.0, "yRot": -0.0, "zRot": -0.0}, "1": {"x": -0.013, "y": 0.002, "z": 0.019, "xRot": 0.0, "yRot": -0.0, "zRot": -0.0}, "2": {"x": -0.047, "y": 0.008, "z": 0.069, "xRot": 0.0, "yRot": -0.0, "zRot": -0.0}, "3": {"x": -0.095, "y": 0.017, "z": 0.135, "xRot": 0.0, "yRot": -0.0, "zRot": -0.0}, "4": {"x": -0.147, "y": 0.026, "z": 0.207, "xRot": 0.0, "yRot": -0.0, "zRot": -0.0}, "5": {"x": -0.196, "y": 0.035, "z": 0.272, "xRot": 0.0, "yRot": -0.0, "zRot": -0.0}, "6": {"x": -0.232, "y": 0.041, "z": 0.319, "xRot": 0.0, "yRot": -0.0, "zRot": -0.0}, "7": {"x": -0.246, "y": 0.043, "z": 0.338, "xRot": 0.0, "yRot": -0.0, "zRot": -0.0}, "8": {"x": -0.239, "y": 0.042, "z": 0.329, "xRot": 0.0, "yRot": -0.0, "zRot": -0.0}, "9": {"x": -0.227, "y": 0.04, "z": 0.312, "xRot": 0.0, "yRot": -0.0, "zRot": -0.0}, "10": {"x": -0.22, "y": 0.039, "z": 0.303, "xRot": 0.0, "yRot": -0.0, "zRot": -0.0}}}, {"name": "head", "keyframes": {"0": {"x": 0.0, "y": -0.0, "z": -0.0, "xRot": 0.0, "yRot": -0.0, "zRot": -0.0}, "1": {"x": -0.001, "y": 0.0, "z": 0.019, "xRot": 0.0, "yRot": -0.0, "zRot": -0.0}, "2": {"x": -0.004, "y": 0.001, "z": 0.069, "xRot": 0.0, "yRot": -0.0, "zRot": -0.0}, "3": {"x": -0.009, "y": 0.002, "z": 0.137, "xRot": 0.0, "yRot": -0.0, "zRot": -0.0}, "4": {"x": -0.016, "y": 0.002, "z": 0.211, "xRot": 0.0, "yRot": -0.0, "zRot": -0.0}, "5": {"x": -0.022, "y": 0.003, "z": 0.279, "xRot": 0.0, "yRot": -0.0, "zRot": -0.0}, "6": {"x": -0.028, "y": 0.004, "z": 0.328, "xRot": 0.0, "yRot": -0.0, "zRot": -0.0}, "7": {"x": -0.03, "y": 0.004, "z": 0.347, "xRot": 0.0, "yRot": -0.0, "zRot": -0.0}, "8": {"x": -0.029, "y": 0.004, "z": 0.338, "xRot": 0.0, "yRot": -0.0, "zRot": -0.0}, "9": {"x": -0.027, "y": 0.004, "z": 0.321, "xRot": 0.0, "yRot": -0.0, "zRot": -0.0}, "10": {"x": -0.026, "y": 0.004, "z": 0.311, "xRot": 0.0, "yRot": -0.0, "zRot": -0.0}}}, {"name": "rightArm", "keyframes": {"0": {"x": -0.0, "y": -0.0, "z": -0.0, "xRot": 0.0, "yRot": -0.0, "zRot": -0.0}, "1": {"x": -0.001, "y": 0.0, "z": -0.006, "xRot": 0.0, "yRot": -0.0, "zRot": -0.0}, "2": {"x": -0.003, "y": 0.001, "z": -0.023, "xRot": 0.0, "yRot": -0.0, "zRot": -0.0}, "3": {"x": -0.006, "y": 0.001, "z": -0.046, "xRot": 0.0, "yRot": -0.0, "zRot": -0.0}, "4": {"x": -0.008, "y": 0.002, "z": -0.071, "xRot": 0.0, "yRot": -0.0, "zRot": -0.0}, "5": {"x": -0.009, "y": 0.003, "z": -0.093, "xRot": 0.0, "yRot": -0.0, "zRot": -0.0}, "6": {"x": -0.009, "y": 0.004, "z": -0.11, "xRot": 0.0, "yRot": -0.0, "zRot": -0.0}, "7": {"x": -0.009, "y": 0.004, "z": -0.116, "xRot": 0.0, "yRot": -0.0, "zRot": -0.0}, "8": {"x": -0.009, "y": 0.004, "z": -0.113, "xRot": 0.0, "yRot": -0.0, "zRot": -0.0}, "9": {"x": -0.009, "y": 0.004, "z": -0.107, "xRot": 0.0, "yRot": -0.0, "zRot": -0.0}, "10": {"x": -0.009, "y": 0.004, "z": -0.104, "xRot": 0.0, "yRot": -0.0, "zRot": -0.0}}}, {"name": "leftArm", "keyframes": {"0": {"x": 0.0, "y": -0.0, "z": -0.0, "xRot": 0.0, "yRot": -0.0, "zRot": -0.0}, "1": {"x": -0.001, "y": -0.017, "z": 0.043, "xRot": -0.0007, "yRot": -0.00513, "zRot": -0.00039}, "2": {"x": -0.005, "y": -0.057, "z": 0.16, "xRot": -0.00175, "yRot": -0.0198, "zRot": -0.0031}, "3": {"x": -0.013, "y": -0.107, "z": 0.335, "xRot": -0.00146, "yRot": -0.043, "zRot": -0.01046}, "4": {"x": -0.032, "y": -0.152, "z": 0.569, "xRot": 0.0121, "yRot": -0.09438, "zRot": -0.04355}, "5": {"x": -0.065, "y": -0.178, "z": 0.839, "xRot": 0.04123, "yRot": -0.17217, "zRot": -0.10305}, "6": {"x": -0.104, "y": -0.115, "z": 1.086, "xRot": 0.07127, "yRot": -0.24303, "zRot": -0.16058}, "7": {"x": -0.135, "y": 0.013, "z": 1.253, "xRot": 0.08521, "yRot": -0.27392, "zRot": -0.18653}, "8": {"x": -0.149, "y": 0.083, "z": 1.318, "xRot": 0.08126, "yRot": -0.26674, "zRot": -0.18156}, "9": {"x": -0.155, "y": 0.048, "z": 1.336, "xRot": 0.07398, "yRot": -0.25339, "zRot": -0.17236}, "10": {"x": -0.158, "y": 0.013, "z": 1.344, "xRot": 0.0701, "yRot": -0.2462, "zRot": -0.16742}}}, {"name": "rightHand", "keyframes": {"0": {"x": 0.0, "y": 0.0, "z": -0.0, "xRot": 0.0, "yRot": -0.0, "zRot": -0.0}, "1": {"x": 0.0, "y": 0.0, "z": -0.0, "xRot": 0.0, "yRot": -0.0, "zRot": -0.0}, "2": {"x": 0.0, "y": 0.0, "z": -0.0, "xRot": 0.0, "yRot": -0.0, "zRot": -0.0}, "3": {"x": 0.0, "y": 0.0, "z": -0.0, "xRot": 0.0, "yRot": -0.0, "zRot": -0.0}, "4": {"x": 0.0, "y": 0.0, "z": -0.0, "xRot": 0.0, "yRot": -0.0, "zRot": -0.0}, "5": {"x": 0.0, "y": 0.0, "z": -0.0, "xRot": 0.0, "yRot": -0.0, "zRot": -0.0}, "6": {"x": 0.0, "y": 0.0, "z": -0.0, "xRot": 0.0, "yRot": -0.0, "zRot": -0.0}, "7": {"x": 0.0, "y": 0.0, "z": -0.0, "xRot": 0.0, "yRot": -0.0, "zRot": -0.0}, "8": {"x": 0.0, "y": 0.0, "z": -0.0, "xRot": 0.0, "yRot": -0.0, "zRot": -0.0}, "9": {"x": 0.0, "y": 0.0, "z": -0.0, "xRot": 0.0, "yRot": -0.0, "zRot": -0.0}, "10": {"x": 0.0, "y": 0.0, "z": -0.0,