{"format_version": "0.2", "frame_length": 19, "parts": [{"name": "rightHand", "keyframes": {"0": {"translate": [0.0, -0.0, -0.0], "rotate": [0.0, -0.0, -0.0]}, "1": {"translate": [0.0, -0.0, 0.0], "rotate": [0.0, -0.0, -0.0]}, "2": {"translate": [-0.0, -0.0, 0.0], "rotate": [0.0, -0.0, -0.0]}, "3": {"translate": [-0.0, -0.0, -0.0], "rotate": [0.0, -0.0, -0.0]}, "4": {"translate": [0.0, -0.0, 0.0], "rotate": [0.0, -0.0, -0.0]}, "5": {"translate": [0.0, -0.0, 0.0], "rotate": [0.0, -0.0, -0.0]}, "6": {"translate": [-0.0, 0.0, -0.0], "rotate": [0.0, -0.0, -0.0]}, "7": {"translate": [-0.0, 0.0, -0.0], "rotate": [0.0, -0.0, -0.0]}, "8": {"translate": [0.0, -0.0, -0.0], "rotate": [0.0, -0.0, -0.0]}, "9": {"translate": [0.0, -0.0, 0.0], "rotate": [0.0, -0.0, -0.0]}, "10": {"translate": [0.0, -0.0, -0.0], "rotate": [0.0, -0.0, -0.0]}, "11": {"translate": [-0.0, -0.0, -0.0], "rotate": [0.0, -0.0, -0.0]}, "12": {"translate": [0.0, -0.0, 0.0], "rotate": [0.0, -0.0, -0.0]}, "13": {"translate": [-0.0, -0.0, -0.0], "rotate": [0.0, -0.0, -0.0]}, "14": {"translate": [-0.0, 0.0, 0.0], "rotate": [0.0, -0.0, -0.0]}, "15": {"translate": [0.0, -0.0, -0.0], "rotate": [0.0, -0.0, -0.0]}, "16": {"translate": [-0.0, -0.0, -0.0], "rotate": [0.0, -0.0, -0.0]}, "17": {"translate": [-0.0, 0.0, 0.0], "rotate": [0.0, -0.0, -0.0]}, "18": {"translate": [-0.0, -0.0, -0.0], "rotate": [0.0, -0.0, -0.0]}, "19": {"translate": [0.0, -0.0, -0.0], "rotate": [0.0, -0.0, -0.0]}}}, {"name": "rightArm", "keyframes": {"0": {"translate": [-13.212, 12.257, -10.635], "rotate": [-2.01879, 0.51489, 0.90105]}, "1": {"translate": [-13.198, 12.564, -10.636], "rotate": [-2.00853, 0.50372, 0.9053]}, "2": {"translate": [-13.153, 12.871, -10.639], "rotate": [-1.99832, 0.49254, 0.9095]}, "3": {"translate": [-13.084, 12.815, -10.644], "rotate": [-1.97927, 0.47086, 0.91676]}, "4": {"translate": [-12.998, 12.675, -10.649], "rotate": [-1.96035, 0.44915, 0.92385]}, "5": {"translate": [-12.905, 12.493, -10.655], "rotate": [-1.96463, 0.45403, 0.92221]}, "6": {"translate": [-12.813, 12.31, -10.662], "rotate": [-1.97537, 0.46621, 0.91809]}, "7": {"translate": [-12.727, 12.17, -10.667], "rotate": [-1.98939, 0.48204, 0.91265]}, "8": {"translate": [-12.658, 12.114, -10.672], "rotate": [-2.0035, 0.49786, 0.90712]}, "9": {"translate": [-12.611, 12.185, -10.675], "rotate": [-2.01441, 0.51002, 0.9028]}, "10": {"translate": [-12.595, 12.257, -10.676], "rotate": [-2.01879, 0.51489, 0.90105]}, "11": {"translate": [-12.615, 12.564, -10.675], "rotate": [-2.00853, 0.50372, 0.9053]}, "12": {"translate": [-12.664, 12.871, -10.672], "rotate": [-1.99832, 0.49254, 0.9095]}, "13": {"translate": [-12.733, 12.815, -10.667], "rotate": [-1.97927, 0.47086, 0.91676]}, "14": {"translate": [-12.816, 12.675, -10.661], "rotate": [-1.96035, 0.44915, 0.92385]}, "15": {"translate": [-12.905, 12.493, -10.655], "rotate": [-1.96463, 0.45403, 0.92221]}, "16": {"translate": [-12.995, 12.31, -10.649], "rotate": [-1.97537, 0.46621, 0.91809]}, "17": {"translate": [-13.078, 12.17, -10.644], "rotate": [-1.98939, 0.48204, 0.91265]}, "18": {"translate": [-13.147, 12.114, -10.639], "rotate": [-2.0035, 0.49786, 0.90712]}, "19": {"translate": [-13.194, 12.185, -10.636], "rotate": [-2.01441, 0.51002, 0.9028]}}}, {"name": "leftHand", "keyframes": {"0": {"translate": [0.0, -0.0, -0.0], "rotate": [-0.0, -0.0, -0.0]}, "1": {"translate": [-0.0, -0.0, -0.0], "rotate": [-0.0, -0.0, -0.0]}, "2": {"translate": [0.0, 0.0, -0.0], "rotate": [-0.0, -0.0, -0.0]}, "3": {"translate": [0.0, 0.0, -0.0], "rotate": [-0.0, -0.0, -0.0]}, "4": {"translate": [0.0, 0.0, -0.0], "rotate": [-0.0, -0.0, -0.0]}, "5": {"translate": [0.0, -0.0, -0.0], "rotate": [-0.0, -0.0, -0.0]}, "6": {"translate": [0.0, 0.0, -0.0], "rotate": [-0.0, -0.0, -0.0]}, "7": {"translate": [0.0, -0.0, -0.0], "rotate": [-0.0, -0.0, -0.0]}, "8": {"translate": [-0.0, -0.0, -0.0], "rotate": [-0.0, -0.0, -0.0]}, "9": {"translate": [0.0, 0.0, -0.0], "rotate": [-0.0, -0.0, -0.0]}, "10": {"translate": [0.0, 0.0, -0.0], "rotate": [-0.0, -0.0, -0.0]}, "11": {"translate": [0.0, -0.0, -0.0], "rotate": [-0.0, -0.0, -0.0]}, "12": {"translate": [0.0, 0.0, -0.0], "rotate": [-0.0, -0.0, -0.0]}, "13": {"translate": [-0.0, -0.0, -0.0], "rotate": [-0.0, -0.0, -0.0]}, "14": {"translate": [0.0, 0.0, -0.0], "rotate": [-0.0, -0.0, -0.0]}, "15": {"translate": [0.0, -0.0, 0.0], "rotate": [-0.0, -0.0, -0.0]}, "16": {"translate": [0.0, 0.0, -0.0], "rotate": [-0.0, -0.0, -0.0]}, "17": {"translate": [0.0, -0.0, -0.0], "rotate": [-0.0, -0.0, -0.0]}, "18": {"translate": [0.0, 0.0, -0.0], "rotate": [-0.0, -0.0, -0.0]}, "19": {"translate": [-0.0, -0.0, -0.0], "rotate": [-0.0, -0.0, -0.0]}}}, {"name": "leftArm", "keyframes": {"0": {"translate": [12.324, 12.389, -10.74], "rotate": [-2.01879, -0.51489, -0.90105]}, "1": {"translate": [12.332, 12.69, -10.735], "rotate": [-2.00853, -0.50373, -0.9053]}, "2": {"translate": [12.349, 12.978, -10.722], "rotate": [-1.99832, -0.49255, -0.9095]}, "3": {"translate": [12.371, 12.894, -10.703], "rotate": [-1.97927, -0.47086, -0.91676]}, "4": {"translate": [12.396, 12.721, -10.68], "rotate": [-1.96035, -0.44916, -0.92385]}, "5": {"translate": [12.423, 12.502, -10.654], "rotate": [-1.96463, -0.45403, -0.92221]}, "6": {"translate": [12.45, 12.283, -10.629], "rotate": [-1.97537, -0.46622, -0.91809]}, "7": {"translate": [12.475, 12.109, -10.605], "rotate": [-1.98939, -0.48205, -0.91265]}, "8": {"translate": [12.496, 12.025, -10.586], "rotate": [-2.0035, -0.49787, -0.90712]}, "9": {"translate": [12.512, 12.078, -10.573], "rotate": [-2.01441, -0.51003, -0.9028]}, "10": {"translate": [12.518, 12.142, -10.568], "rotate": [-2.01879, -0.51489, -0.90105]}, "11": {"translate": [12.515, 12.456, -10.573], "rotate": [-2.00853, -0.50373, -0.9053]}, "12": {"translate": [12.503, 12.782, -10.586], "rotate": [-1.99832, -0.49255, -0.9095]}, "13": {"translate": [12.48, 12.754, -10.605], "rotate": [-1.97927, -0.47086, -0.91676]}, "14": {"translate": [12.453, 12.647, -10.629], "rotate": [-1.96035, -0.44916, -0.92385]}, "15": {"translate": [12.423, 12.502, -10.654], "rotate": [-1.96463, -0.45403, -0.92221]}, "16": {"translate": [12.393, 12.356, -10.68], "rotate": [-1.97537, -0.46622, -0.91809]}, "17": {"translate": [12.365, 12.25, -10.703], "rotate": [-1.98939, -0.48205, -0.91265]}, "18": {"translate": [12.343, 12.221, -10.723], "rotate": [-2.0035, -0.49787, -0.90712]}, "19": {"translate": [12.329, 12.311, -10.736], "rotate": [-2.01441, -0.51003, -0.9028]}}}, {"name": "camera", "keyframes": {"0": {"translate": [0.497, 1.959, -0.0], "rotate": [0.0, -0.0, 0.01187]}, "1": {"translate": [0.526, 1.662, -0.0], "rotate": [0.0, -0.0, 0.01235]}, "2": {"translate": [0.497, 0.954, -0.0], "rotate": [0.0, -0.0, 0.01171]}, "3": {"translate": [0.418, 0.108, -0.0], "rotate": [0.0, -0.0, 0.00996]}, "4": {"translate": [0.301, -0.6, -0.0], "rotate": [0.0, -0.0, 0.00734]}, "5": {"translate": [0.159, -0.897, -0.0], "rotate": [0.0, -0.0, 0.00411]}, "6": {"translate": [0.005, -0.6, -0.0], "rotate": [0.0, -0.0, 0.00052]}, "7": {"translate": [-0.15, 0.108, -0.0], "rotate": [0.0, -0.0, -0.00307]}, "8": {"translate": [-0.292, 0.954, -0.0], "rotate": [0.0, -0.0, -0.00631]}, "9": {"translate": [-0.408, 1.662, -0.0], "rotate": [0.0, -0.0, -0.00892]}, "10": {"translate": [-0.488, 1.959, -0.0], "rotate": [0.0, -0.0, -0.01068]}, "11": {"translate": [-0.517, 1.662, -0.0], "rotate": [0.0, -0.0, -0.01132]}, "12": {"translate": [-0.488, 0.954, -0.0], "rotate": [0.0, -0.0, -0.01083]}, "13": {"translate": [-0.408, 0.108, -0.0], "rotate": [0.0, -0.0, -0.00938]}, "14": {"translate": [-0.292, -0.6, -0.0], "rotate": [0.0, -0.0, -0.00699]}, "15": {"translate": [-0.15, -0.897, -0.0], "rotate": [0.0, -0.0, -0.00368]}, "16": {"translate": [0.005, -0.6, -0.0], "rotate": [0.0, -0.0, 0.00052]}, "17": {"translate": [0.159, 0.108, -0.0], "rotate": [0.0, -0.0, 0.00472]}, "18": {"translate": [0.301, 0.954, -0.0], "rotate": [0.0, -0.0, 0.00802]}, "19": {"translate": [0.418, 1.662, -0.0],