{"format_version": "0.2", "frame_length": 10, "parts": [{"name": "rightHand", "keyframes": {"0": {"translate": [0.0, -0.0, -0.0], "rotate": [0.0, -0.0, -0.0]}, "1": {"translate": [0.0, -0.0, -0.0], "rotate": [0.0, -0.0, -0.0]}, "2": {"translate": [-0.0, -0.0, -0.0], "rotate": [0.0, -0.0, -0.0]}, "3": {"translate": [-0.0, -0.0, -0.0], "rotate": [0.0, -0.0, -0.0]}, "4": {"translate": [0.0, 0.0, -0.0], "rotate": [0.0, -0.0, -0.0]}, "5": {"translate": [0.0, 0.0, -0.0], "rotate": [0.0, -0.0, -0.0]}, "6": {"translate": [-0.0, 0.0, 0.0], "rotate": [0.0, -0.0, -0.0]}, "7": {"translate": [0.0, -0.0, -0.0], "rotate": [0.0, -0.0, -0.0]}, "8": {"translate": [0.0, 0.0, 0.0], "rotate": [0.0, -0.0, -0.0]}, "9": {"translate": [0.0, -0.0, -0.0], "rotate": [0.0, -0.0, -0.0]}, "10": {"translate": [-0.0, -0.0, -0.0], "rotate": [0.0, -0.0, -0.0]}}}, {"name": "rightArm", "keyframes": {"0": {"translate": [-12.915, 12.269, -10.657], "rotate": [-1.99832, 0.49254, 0.9095]}, "1": {"translate": [-12.998, 11.866, -10.695], "rotate": [-1.98064, 0.44409, 0.92191]}, "2": {"translate": [-13.153, 11.118, -10.767], "rotate": [-1.93722, 0.32207, 0.95062]}, "3": {"translate": [-13.236, 10.715, -10.805], "rotate": [-1.88136, 0.1617, 0.98393]}, "4": {"translate": [-13.24, 11.246, -10.736], "rotate": [-1.81372, -0.03206, 1.01913]}, "5": {"translate": [-13.252, 12.908, -10.567], "rotate": [-1.73242, -0.25722, 1.0545]}, "6": {"translate": [-13.269, 15.81, -10.353], "rotate": [-1.64527, -0.48258, 1.08429]}, "7": {"translate": [-13.293, 20.057, -10.151], "rotate": [1.5794, -2.46423, -2.03722]}, "8": {"translate": [-13.336, 28.83, -9.92], "rotate": [1.65997, -2.29737, -2.02664]}, "9": {"translate": [-13.39, 39.931, -9.676], "rotate": [1.73389, -2.16546, -2.02601]}, "10": {"translate": [-13.416, 45.401, -9.563], "rotate": [1.76787, -2.11196, -2.02899]}}}, {"name": "leftHand", "keyframes": {"0": {"translate": [-0.0, -0.0, 0.0], "rotate": [-0.0, -0.0, -0.0]}, "1": {"translate": [-0.0, -0.0, 0.0], "rotate": [-0.0, -0.0, -0.0]}, "2": {"translate": [-0.0, -0.0, 0.0], "rotate": [-0.0, -0.0, -0.0]}, "3": {"translate": [-0.0, -0.0, 0.0], "rotate": [-0.0, -0.0, -0.0]}, "4": {"translate": [-0.0, -0.0, 0.0], "rotate": [-0.0, -0.0, -0.0]}, "5": {"translate": [-0.0, -0.0, 0.0], "rotate": [-0.0, -0.0, -0.0]}, "6": {"translate": [-0.0, -0.0, 0.0], "rotate": [-0.0, -0.0, -0.0]}, "7": {"translate": [-0.0, -0.0, 0.0], "rotate": [-0.0, -0.0, -0.0]}, "8": {"translate": [-0.0, -0.0, 0.0], "rotate": [-0.0, -0.0, -0.0]}, "9": {"translate": [-0.0, -0.0, 0.0], "rotate": [-0.0, -0.0, -0.0]}, "10": {"translate": [-0.0, -0.0, 0.0], "rotate": [-0.0, -0.0, -0.0]}}}, {"name": "leftArm", "keyframes": {"0": {"translate": [12.418, 12.269, -10.657], "rotate": [-2.01765, -0.50159, -0.90757]}, "1": {"translate": [12.418, 12.269, -10.657], "rotate": [-2.01765, -0.50159, -0.90757]}, "2": {"translate": [12.418, 12.269, -10.657], "rotate": [-2.01765, -0.50159, -0.90757]}, "3": {"translate": [12.418, 12.269, -10.657], "rotate": [-2.01765, -0.50159, -0.90757]}, "4": {"translate": [12.418, 12.269, -10.657], "rotate": [-2.01765, -0.50159, -0.90757]}, "5": {"translate": [12.418, 12.269, -10.657], "rotate": [-2.01765, -0.50159, -0.90757]}, "6": {"translate": [12.418, 12.269, -10.657], "rotate": [-2.01765, -0.50159, -0.90757]}, "7": {"translate": [12.418, 12.269, -10.657], "rotate": [-2.01765, -0.50159, -0.90757]}, "8": {"translate": [12.418, 12.269, -10.657], "rotate": [-2.01765, -0.50159, -0.90757]}, "9": {"translate": [12.418, 12.269, -10.657], "rotate": [-2.01765, -0.50159, -0.90757]}, "10": {"translate": [12.418, 12.269, -10.657], "rotate": [-2.01765, -0.50159, -0.90757]}}}, {"name": "camera", "keyframes": {"0": {"translate": [0.0, 0.0, -0.0], "rotate": [0.0, -0.0, -0.0]}, "1": {"translate": [0.0, 0.0, -0.0], "rotate": [0.0, -0.0, -0.0]}, "2": {"translate": [0.0, 0.0, -0.0], "rotate": [0.0, -0.0, -0.0]}, "3": {"translate": [0.0, 0.0, -0.0], "rotate": [0.0, -0.0, -0.0]}, "4": {"translate": [0.0, 0.0, -0.0], "rotate": [0.0, -0.0, -0.0]}, "5": {"translate": [0.0, 0.0, -0.0], "rotate": [0.0, -0.0, -0.0]}, "6": {"translate": [0.0, 0.0, -0.0], "rotate": [0.0, -0.0, -0.0]}, "7": {"translate": [0.0, 0.0, -0.0], "rotate": [0.0, -0.0, -0.0]}, "8": {"translate": [0.0, 0.0, -0.0], "rotate": [0.0, -0.0, -0.0]}, "9": {"translate": [0.0, 0.0, -0.0], "rotate": [0.0, -0.0, -0.0]}, "10": {"translate": [0.0, 0.0, -0.0], "rotate": [0.0, -0.0, -0.0]}}}, {"name": "root", "keyframes": {"0": {"translate": [0.0, -0.0, -0.0], "rotate": [0.0, -0.0, -0.0]}, "1": {"translate": [0.0, -0.0, -0.0], "rotate": [0.0, -0.0, -0.0]}, "2": {"translate": [0.0, -0.0, -0.0], "rotate": [0.0, -0.0, -0.0]}, "3": {"translate": [0.0, -0.0, -0.0], "rotate": [0.0, -0.0, -0.0]}, "4": {"translate": [0.0, -0.0, -0.0], "rotate": [0.0, -0.0, -0.0]}, "5": {"translate": [0.0, -0.0, -0.0], "rotate": [0.0, -0.0, -0.0]}, "6": {"translate": [0.0, -0.0, -0.0], "rotate": [0.0, -0.0, -0.0]}, "7": {"translate": [0.0, -0.0, -0.0], "rotate": [0.0, -0.0, -0.0]}, "8": {"translate": [0.0, -0.0, -0.0], "rotate": [0.0, -0.0, -0.0]}, "9": {"translate": [0.0, -0.0, -0.0], "rotate": [0.0, -0.0, -0.0]}, "10": {"translate": [0.0, -0.0, -0.0], "rotate": [0.0, -0.0, -0.0]}}}]}