{"format_version": "0.2", "frame_length": 20, "parts": [{"name": "root", "keyframes": {"0": {"translate": [0.0, -0.0, -0.0], "rotate": [0.0, 0.0, -0.0]}, "1": {"translate": [0.0, -0.0, -0.0], "rotate": [0.0, 0.0, -0.0]}, "2": {"translate": [0.0, -0.0, -0.0], "rotate": [0.0, 0.0, -0.0]}, "3": {"translate": [0.0, -0.0, -0.0], "rotate": [0.0, 0.0, -0.0]}, "4": {"translate": [0.0, -0.0, -0.0], "rotate": [0.0, 0.0, -0.0]}, "5": {"translate": [0.0, -0.0, -0.0], "rotate": [0.0, 0.0, -0.0]}, "6": {"translate": [0.0, -0.0, -0.0], "rotate": [0.0, 0.0, -0.0]}, "7": {"translate": [0.0, -0.0, -0.0], "rotate": [0.0, 0.0, -0.0]}, "8": {"translate": [0.0, -0.0, -0.0], "rotate": [0.0, 0.0, -0.0]}, "9": {"translate": [0.0, -0.0, -0.0], "rotate": [0.0, 0.0, -0.0]}, "10": {"translate": [0.0, -0.0, -0.0], "rotate": [0.0, 0.0, -0.0]}, "11": {"translate": [0.0, -0.0, -0.0], "rotate": [0.0, 0.0, -0.0]}, "12": {"translate": [0.0, -0.0, -0.0], "rotate": [0.0, 0.0, -0.0]}, "13": {"translate": [0.0, -0.0, -0.0], "rotate": [0.0, 0.0, -0.0]}, "14": {"translate": [0.0, -0.0, -0.0], "rotate": [0.0, 0.0, -0.0]}, "15": {"translate": [0.0, -0.0, -0.0], "rotate": [0.0, 0.0, -0.0]}, "16": {"translate": [0.0, -0.0, -0.0], "rotate": [0.0, 0.0, -0.0]}, "17": {"translate": [0.0, -0.0, -0.0], "rotate": [0.0, 0.0, -0.0]}, "18": {"translate": [0.0, -0.0, -0.0], "rotate": [0.0, 0.0, -0.0]}, "19": {"translate": [0.0, -0.0, -0.0], "rotate": [0.0, 0.0, -0.0]}, "20": {"translate": [0.0, -0.0, -0.0], "rotate": [0.0, 0.0, -0.0]}}}, {"name": "rightFrontLeg", "keyframes": {"0": {"translate": [-0.069, 0.021, -0.062], "rotate": [0.01028, 0.0, -0.01159]}, "1": {"translate": [-0.071, 0.021, -0.062], "rotate": [0.01031, 0.0, -0.01182]}, "2": {"translate": [-0.074, 0.021, -0.062], "rotate": [0.01032, 0.0, -0.01234]}, "3": {"translate": [-0.077, 0.021, -0.061], "rotate": [0.0102, 0.0, -0.01285]}, "4": {"translate": [-0.078, 0.02, -0.059], "rotate": [0.00985, 0.0, -0.01305]}, "5": {"translate": [-0.076, 0.019, -0.055], "rotate": [0.00912, 0.0, -0.01265]}, "6": {"translate": [-0.068, 0.017, -0.049], "rotate": [0.00813, 0.0, -0.01128]}, "7": {"translate": [-0.054, 0.014, -0.041], "rotate": [0.00689, 0.0, -0.00899]}, "8": {"translate": [-0.037, 0.011, -0.031], "rotate": [0.00522, 0.0, -0.00612]}, "9": {"translate": [-0.018, 0.006, -0.018], "rotate": [0.00297, 0.0, -0.00302]}, "10": {"translate": [0.0, -0.0, -0.0], "rotate": [0.0, -0.0, -0.0]}, "11": {"translate": [0.02, -0.008, 0.025], "rotate": [-0.00415, -0.0, 0.00329]}, "12": {"translate": [0.043, -0.018, 0.057], "rotate": [-0.00941, -0.0, 0.0071]}, "13": {"translate": [0.066, -0.029, 0.09], "rotate": [-0.01504, -0.0, 0.01091]}, "14": {"translate": [0.086, -0.039, 0.122], "rotate": [-0.02027, -0.0, 0.01417]}, "15": {"translate": [0.099, -0.046, 0.147], "rotate": [-0.02433, -0.0, 0.01629]}, "16": {"translate": [0.104, -0.051, 0.163], "rotate": [-0.02713, -0.0, 0.01719]}, "17": {"translate": [0.105, -0.055, 0.176], "rotate": [-0.02917, -0.0, 0.01736]}, "18": {"translate": [0.104, -0.057, 0.184], "rotate": [-0.03054, -0.0, 0.01709]}, "19": {"translate": [0.101, -0.059, 0.189], "rotate": [-0.0313, -0.0, 0.0167]}, "20": {"translate": [0.1, -0.059, 0.19], "rotate": [-0.03153, -0.0, 0.0165]}}}, {"name": "leftFrontLeg", "keyframes": {"0": {"translate": [-0.08, -0.061, 0.196], "rotate": [-0.03242, -0.0, -0.01328]}, "1": {"translate": [-0.082, -0.061, 0.195], "rotate": [-0.03229, 0.0, -0.01349]}, "2": {"translate": [-0.084, -0.06, 0.192], "rotate": [-0.03178, -0.0, -0.01394]}, "3": {"translate": [-0.087, -0.058, 0.185], "rotate": [-0.0307, 0.0, -0.01432]}, "4": {"translate": [-0.087, -0.055, 0.174], "rotate": [-0.02885, -0.0, -0.01433]}, "5": {"translate": [-0.083, -0.05, 0.157], "rotate": [-0.02607, -0.0, -0.01369]}, "6": {"translate": [-0.073, -0.042, 0.131], "rotate": [-0.02176, 0.0, -0.01202]}, "7": {"translate": [-0.057, -0.031, 0.097], "rotate": [-0.01607, 0.0, -0.00942]}, "8": {"translate": [-0.038, -0.019, 0.06], "rotate": [-0.00996, -0.0, -0.00631]}, "9": {"translate": [-0.018, -0.009, 0.026], "rotate": [-0.00431, 0.0, -0.00306]}, "10": {"translate": [0.0, -0.0, -0.0], "rotate": [0.0, -0.0, -0.0]}, "11": {"translate": [0.019, 0.006, -0.017], "rotate": [0.00282, -0.0, 0.00325]}, "12": {"translate": [0.042, 0.01, -0.028], "rotate": [0.00472, -0.0, 0.00694]}, "13": {"translate": [0.063, 0.012, -0.036], "rotate": [0.00597, 0.0, 0.01056]}, "14": {"translate": [0.081, 0.014, -0.041], "rotate": [0.00685, -0.0, 0.01359]}, "15": {"translate": [0.093, 0.016, -0.046], "rotate": [0.00766, -0.0, 0.01548]}, "16": {"translate": [0.097, 0.018, -0.05], "rotate": [0.00842, 0.0, 0.01616]}, "17": {"translate": [0.097, 0.019, -0.054], "rotate": [0.00895, -0.0, 0.01615]}, "18": {"translate": [0.094, 0.02, -0.056], "rotate": [0.00929, -0.0, 0.01575]}, "19": {"translate": [0.091, 0.02, -0.057], "rotate": [0.00947, -0.0, 0.01528]}, "20": {"translate": [0.09, 0.02, -0.057], "rotate": [0.00952, -0.0, 0.01506]}}}, {"name": "leftBackLeg", "keyframes": {"0": {"translate": [-0.576, 0.088, 0.173], "rotate": [-0.02896, -0.0, -0.09705]}, "1": {"translate": [-0.576, 0.088, 0.172], "rotate": [-0.02886, -0.0, -0.09707]}, "2": {"translate": [-0.573, 0.087, 0.17], "rotate": [-0.02843, -0.0, -0.09654]}, "3": {"translate": [-0.561, 0.084, 0.165], "rotate": [-0.02755, -0.0, -0.09458]}, "4": {"translate": [-0.536, 0.078, 0.156], "rotate": [-0.02604, -0.0, -0.09033]}, "5": {"translate": [-0.493, 0.07, 0.142], "rotate": [-0.02375, -0.0, -0.0829]}, "6": {"translate": [-0.422, 0.056, 0.12], "rotate": [-0.0201, 0.0, -0.07094]}, "7": {"translate": [-0.327, 0.04, 0.091], "rotate": [-0.01512, -0.0, -0.05487]}, "8": {"translate": [-0.218, 0.023, 0.057], "rotate": [-0.00956, -0.0, -0.03647]}, "9": {"translate": [-0.105, 0.009, 0.025], "rotate": [-0.00422, -0.0, -0.01758]}, "10": {"translate": [0.0, -0.0, -0.0], "rotate": [0.0, -0.0, -0.0]}, "11": {"translate": [0.103, -0.005, -0.017], "rotate": [0.00289, -0.0, 0.01723]}, "12": {"translate": [0.212, -0.006, -0.03], "rotate": [0.00501, -0.0, 0.03532]}, "13": {"translate": [0.317, -0.005, -0.04], "rotate": [0.00661, -0.0, 0.0528]}, "14": {"translate": [0.41, -0.002, -0.048], "rotate": [0.00792, 0.0, 0.06817]}, "15": {"translate": [0.48, 0.001, -0.055], "rotate": [0.00917, -0.0, 0.07992]}, "16": {"translate": [0.528, 0.003, -0.062], "rotate": [0.01028, -0.0, 0.08784]}, "17": {"translate": [0.56, 0.004, -0.067], "rotate": [0.01109, -0.0, 0.09305]}, "18": {"translate": [0.578, 0.005, -0.07], "rotate": [0.01162, 0.0, 0.09609]}, "19": {"translate": [0.586, 0.005, -0.072], "rotate": [0.01192, -0.0, 0.09752]}, "20": {"translate": [0.589, 0.005, -0.072], "rotate": [0.012, -0.0, 0.09787]}}}, {"name": "rightBackLeg", "keyframes": {"0": {"translate": [-0.589, 0.003, -0.078], "rotate": [0.01296, 0.0, -0.09793]}, "1": {"translate": [-0.589, 0.003, -0.078], "rotate": [0.01297, 0.0, -0.09794]}, "2": {"translate": [-0.586, 0.003, -0.078], "rotate": [0.01292, 0.0, -0.09738]}, "3": {"translate": [-0.574, 0.003, -0.076], "rotate": [0.01265, 0.0, -0.09538]}, "4": {"translate": [-0.548, 0.001, -0.072], "rotate": [0.01203, 0.0, -0.09105]}, "5": {"translate": [-0.502, -0.001, -0.066], "rotate": [0.01092, 0.0, -0.0835]}, "6": {"translate": [-0.429, -0.003, -0.057], "rotate": [0.00942, 0.0, -0.07138]}, "7": {"translate": [-0.331, -0.006, -0.046], "rotate": [0.00765, 0.0, -0.05513]}, "8": {"translate": [-0.22, -0.007, -0.033], "rotate": [0.00555, 0.0, -0.0366]}, "9": {"translate": [-0.106, -0.005, -0.018], "rotate": [0.00305, 0.0, -0.0176]}, "10": {"translate": [0.0, -0.0, -0.0], "rotate": [0.0, -0.0, -0.0]}, "11": {"translate": [0.103, 0.009, 0.024], "rotate": [-0.00408, -0.0, 0.0172]}, "12": {"translate": [0.21, 0.022, 0.054], "rotate": [-0.00907, -0.0, 0.03519]}, "13": {"translate": [0.313, 0.037, 0.085], "rotate": [-0.01423, -0.0, 0.05249]}, "14": {"translate": [0.403, 0.052, 0.113], "rotate": [-0.01887, -0.0, 0.06765]}, "15": {"translate": [0.471, 0.065, 0.134],