{"format_version": "0.2", "frame_length": 10, "parts": [{"name": "root", "keyframes": {"0": {"translate": [0.0, -0.0, -0.0], "rotate": [0.0, 0.0, -0.0]}, "1": {"translate": [0.0, -0.0, -0.0], "rotate": [0.0, 0.0, -0.0]}, "2": {"translate": [0.0, -0.0, -0.0], "rotate": [0.0, 0.0, -0.0]}, "3": {"translate": [0.0, -0.0, -0.0], "rotate": [0.0, 0.0, -0.0]}, "4": {"translate": [0.0, -0.0, -0.0], "rotate": [0.0, 0.0, -0.0]}, "5": {"translate": [0.0, -0.0, -0.0], "rotate": [0.0, 0.0, -0.0]}, "6": {"translate": [0.0, -0.0, -0.0], "rotate": [0.0, 0.0, -0.0]}, "7": {"translate": [0.0, -0.0, -0.0], "rotate": [0.0, 0.0, -0.0]}, "8": {"translate": [0.0, -0.0, -0.0], "rotate": [0.0, 0.0, -0.0]}, "9": {"translate": [0.0, -0.0, -0.0], "rotate": [0.0, 0.0, -0.0]}, "10": {"translate": [0.0, -0.0, -0.0], "rotate": [0.0, 0.0, -0.0]}}}, {"name": "rightFrontLeg", "keyframes": {"0": {"translate": [0.0, -0.0, 0.0], "rotate": [-1e-05, -0.0, 6e-05]}, "1": {"translate": [0.0, 0.008, -0.024], "rotate": [0.00392, -0.0, 6e-05]}, "2": {"translate": [0.0, 0.021, -0.062], "rotate": [0.01039, -0.0, 6e-05]}, "3": {"translate": [0.0, 0.027, -0.08], "rotate": [0.01338, -0.0, 6e-05]}, "4": {"translate": [0.0, 0.022, -0.064], "rotate": [0.01067, -0.0, 6e-05]}, "5": {"translate": [0.0, 0.008, -0.024], "rotate": [0.004, -0.0, 6e-05]}, "6": {"translate": [0.0, -0.001, 0.003], "rotate": [-0.00043, -0.0, 6e-05]}, "7": {"translate": [0.0, -0.001, 0.002], "rotate": [-0.00033, -0.0, 6e-05]}, "8": {"translate": [0.0, -0.0, 0.001], "rotate": [-0.00015, -0.0, 6e-05]}, "9": {"translate": [0.0, -0.0, 0.0], "rotate": [-4e-05, -0.0, 6e-05]}, "10": {"translate": [0.0, -0.0, 0.0], "rotate": [-1e-05, -0.0, 6e-05]}}}, {"name": "leftFrontLeg", "keyframes": {"0": {"translate": [0.0, -0.0, 0.0], "rotate": [-4e-05, 0.0, 6e-05]}, "1": {"translate": [0.0, 0.008, -0.023], "rotate": [0.00389, 0.0, 6e-05]}, "2": {"translate": [0.0, 0.021, -0.062], "rotate": [0.01035, -0.0, 6e-05]}, "3": {"translate": [0.0, 0.027, -0.08], "rotate": [0.01335, -0.0, 6e-05]}, "4": {"translate": [0.0, 0.022, -0.064], "rotate": [0.01064, -0.0, 6e-05]}, "5": {"translate": [0.0, 0.008, -0.024], "rotate": [0.00397, -0.0, 6e-05]}, "6": {"translate": [0.0, -0.001, 0.003], "rotate": [-0.00046, -0.0, 6e-05]}, "7": {"translate": [0.0, -0.001, 0.002], "rotate": [-0.00036, -0.0, 6e-05]}, "8": {"translate": [0.0, -0.0, 0.001], "rotate": [-0.00018, -0.0, 6e-05]}, "9": {"translate": [0.0, -0.0, 0.0], "rotate": [-7e-05, 0.0, 6e-05]}, "10": {"translate": [0.0, -0.0, 0.0], "rotate": [-4e-05, 0.0, 6e-05]}}}, {"name": "leftBackLeg", "keyframes": {"0": {"translate": [0.0, 0.0, 0.0], "rotate": [-4e-05, -0.0, -0.0]}, "1": {"translate": [-0.0, -0.008, -0.025], "rotate": [0.00422, -0.0, -0.0]}, "2": {"translate": [-0.0, -0.025, -0.078], "rotate": [0.013, -0.0, -0.0]}, "3": {"translate": [-0.0, -0.035, -0.109], "rotate": [0.01818, 0.0, -1e-05]}, "4": {"translate": [-0.0, -0.025, -0.076], "rotate": [0.01268, -0.0, -0.0]}, "5": {"translate": [-0.0, -0.008, -0.024], "rotate": [0.00396, -0.0, -0.0]}, "6": {"translate": [0.0, -0.0, -0.001], "rotate": [0.00011, -0.0, 0.0]}, "7": {"translate": [0.0, -0.0, -0.0], "rotate": [5e-05, 0.0, 0.0]}, "8": {"translate": [0.0, 0.0, 0.0], "rotate": [-4e-05, 0.0, 0.0]}, "9": {"translate": [0.0, 0.0, 0.0], "rotate": [-6e-05, -0.0, 0.0]}, "10": {"translate": [0.0, 0.0, 0.0], "rotate": [-4e-05, -0.0, -0.0]}}}, {"name": "rightBackLeg", "keyframes": {"0": {"translate": [0.0, 0.0, 0.0], "rotate": [-1e-05, -0.0, -0.0]}, "1": {"translate": [-0.0, -0.008, -0.026], "rotate": [0.00425, 0.0, -0.0]}, "2": {"translate": [-0.0, -0.026, -0.078], "rotate": [0.01303, 0.0, -0.0]}, "3": {"translate": [-0.0, -0.035, -0.11], "rotate": [0.0182, 0.0, -1e-05]}, "4": {"translate": [-0.0, -0.025, -0.076], "rotate": [0.01271, 0.0, -0.0]}, "5": {"translate": [-0.0, -0.008, -0.024], "rotate": [0.00399, 0.0, -0.0]}, "6": {"translate": [0.0, -0.0, -0.001], "rotate": [0.00014, -0.0, 0.0]}, "7": {"translate": [0.0, -0.0, -0.0], "rotate": [8e-05, -0.0, 0.0]}, "8": {"translate": [0.0, 0.0, 0.0], "rotate": [-1e-05, -0.0, 0.0]}, "9": {"translate": [0.0, 0.0, 0.0], "rotate": [-3e-05, -0.0, 0.0]}, "10": {"translate": [0.0, 0.0, 0.0], "rotate": [-1e-05, -0.0, -0.0]}}}, {"name": "head", "keyframes": {"0": {"translate": [-0.0, 0.0, -0.0], "rotate": [0.00036, -4e-05, -4e-05]}, "1": {"translate": [-0.0, 0.014, -0.343], "rotate": [0.00717, -4e-05, -4e-05]}, "2": {"translate": [-0.0, 0.055, -0.978], "rotate": [0.02927, -4e-05, -4e-05]}, "3": {"translate": [-0.0, 0.086, -1.319], "rotate": [0.08362, -4e-05, -4e-05]}, "4": {"translate": [-0.0, 0.055, -0.886], "rotate": [0.12268, -4e-05, -4e-05]}, "5": {"translate": [-0.0, 0.02, -0.081], "rotate": [0.07201, -4e-05, -4e-05]}, "6": {"translate": [-0.0, 0.012, 0.353], "rotate": [-0.02208, -4e-05, -4e-05]}, "7": {"translate": [-0.0, 0.006, 0.298], "rotate": [-0.07274, -4e-05, -4e-05]}, "8": {"translate": [-0.0, 0.002, 0.176], "rotate": [-0.05379, -4e-05, -4e-05]}, "9": {"translate": [-0.0, 0.0, 0.055], "rotate": [-0.01859, -4e-05, -4e-05]}, "10": {"translate": [-0.0, 0.0, -0.0], "rotate": [0.00036, -4e-05, -4e-05]}}}, {"name": "body", "keyframes": {"0": {"translate": [-0.0, 0.0, -0.0], "rotate": [4e-05, -4e-05, -4e-05]}, "1": {"translate": [-0.0, 0.014, -0.343], "rotate": [0.02652, -4e-05, -4e-05]}, "2": {"translate": [-0.0, 0.055, -0.978], "rotate": [0.07568, -4e-05, -4e-05]}, "3": {"translate": [-0.0, 0.086, -1.319], "rotate": [0.10215, -4e-05, -4e-05]}, "4": {"translate": [-0.0, 0.055, -0.886], "rotate": [0.06805, -4e-05, -4e-05]}, "5": {"translate": [-0.0, 0.02, -0.081], "rotate": [0.00474, -4e-05, -4e-05]}, "6": {"translate": [-0.0, 0.012, 0.353], "rotate": [-0.02936, -4e-05, -4e-05]}, "7": {"translate": [-0.0, 0.006, 0.298], "rotate": [-0.02476, -4e-05, -4e-05]}, "8": {"translate": [-0.0, 0.002, 0.176], "rotate": [-0.01466, -4e-05, -4e-05]}, "9": {"translate": [-0.0, 0.0, 0.055], "rotate": [-0.00455, -4e-05, -4e-05]}, "10": {"translate": [-0.0, 0.0, -0.0], "rotate": [4e-05, -4e-05, -4e-05]}}}]}