{"format_version": "0.2", "frame_length": 20, "parts": [{"name": "root", "keyframes": {"0": {"translate": [0.0, -0.0, -0.0], "rotate": [0.0, 0.0, -0.0]}, "1": {"translate": [0.0, -0.0, -0.0], "rotate": [0.0, 0.0, -0.0]}, "2": {"translate": [0.0, -0.0, -0.0], "rotate": [0.0, 0.0, -0.0]}, "3": {"translate": [0.0, -0.0, -0.0], "rotate": [0.0, 0.0, -0.0]}, "4": {"translate": [0.0, -0.0, -0.0], "rotate": [0.0, 0.0, -0.0]}, "5": {"translate": [0.0, -0.0, -0.0], "rotate": [0.0, 0.0, -0.0]}, "6": {"translate": [0.0, -0.0, -0.0], "rotate": [0.0, 0.0, -0.0]}, "7": {"translate": [0.0, -0.0, -0.0], "rotate": [0.0, 0.0, -0.0]}, "8": {"translate": [0.0, -0.0, -0.0], "rotate": [0.0, 0.0, -0.0]}, "9": {"translate": [0.0, -0.0, -0.0], "rotate": [0.0, 0.0, -0.0]}, "10": {"translate": [0.0, -0.0, -0.0], "rotate": [0.0, 0.0, -0.0]}, "11": {"translate": [0.0, -0.0, -0.0], "rotate": [0.0, 0.0, -0.0]}, "12": {"translate": [0.0, -0.0, -0.0], "rotate": [0.0, 0.0, -0.0]}, "13": {"translate": [0.0, -0.0, -0.0], "rotate": [0.0, 0.0, -0.0]}, "14": {"translate": [0.0, -0.0, -0.0], "rotate": [0.0, 0.0, -0.0]}, "15": {"translate": [0.0, -0.0, -0.0], "rotate": [0.0, 0.0, -0.0]}, "16": {"translate": [0.0, -0.0, -0.0], "rotate": [0.0, 0.0, -0.0]}, "17": {"translate": [0.0, -0.0, -0.0], "rotate": [0.0, 0.0, -0.0]}, "18": {"translate": [0.0, -0.0, -0.0], "rotate": [0.0, 0.0, -0.0]}, "19": {"translate": [0.0, -0.0, -0.0], "rotate": [0.0, 0.0, -0.0]}, "20": {"translate": [0.0, -0.0, -0.0], "rotate": [0.0, 0.0, -0.0]}}}, {"name": "head", "keyframes": {"0": {"translate": [-0.052, 0.408, 0.348], "rotate": [0.00118, -0.0, 0.02371]}, "1": {"translate": [-0.082, 0.552, 0.323], "rotate": [-0.00018, 0.0, 0.00218]}, "2": {"translate": [-0.106, 0.637, 0.286], "rotate": [0.00767, 0.0, -0.01935]}, "3": {"translate": [-0.117, 0.534, 0.264], "rotate": [0.02498, 0.0, -0.03914]}, "4": {"translate": [-0.108, 0.344, 0.277], "rotate": [0.04228, 0.0, -0.05543]}, "5": {"translate": [-0.093, 0.242, 0.307], "rotate": [0.05015, 0.0, -0.06649]}, "6": {"translate": [-0.07, 0.246, 0.342], "rotate": [0.04399, 0.0, -0.07056]}, "7": {"translate": [-0.042, 0.259, 0.372], "rotate": [0.02997, 0.0, -0.06649]}, "8": {"translate": [-0.01, 0.287, 0.385], "rotate": [0.01473, 0.0, -0.05543]}, "9": {"translate": [0.024, 0.334, 0.373], "rotate": [0.00495, -0.0, -0.03914]}, "10": {"translate": [0.058, 0.408, 0.348], "rotate": [0.00118, 0.0, -0.01935]}, "11": {"translate": [0.088, 0.552, 0.323], "rotate": [-0.00018, 0.0, 0.00218]}, "12": {"translate": [0.112, 0.638, 0.286], "rotate": [0.00767, -0.0, 0.02371]}, "13": {"translate": [0.123, 0.534, 0.264], "rotate": [0.02498, 0.0, 0.0435]}, "14": {"translate": [0.119, 0.344, 0.277], "rotate": [0.04228, -0.0, 0.05979]}, "15": {"translate": [0.103, 0.242, 0.307], "rotate": [0.05015, -0.0, 0.07085]}, "16": {"translate": [0.08, 0.246, 0.342], "rotate": [0.04399, 0.0, 0.07492]}, "17": {"translate": [0.051, 0.259, 0.372], "rotate": [0.02997, 0.0, 0.07085]}, "18": {"translate": [0.018, 0.287, 0.385], "rotate": [0.01473, 0.0, 0.05979]}, "19": {"translate": [-0.017, 0.334, 0.373], "rotate": [0.00495, -0.0, 0.0435]}, "20": {"translate": [-0.052, 0.408, 0.348], "rotate": [0.00118, 0.0, 0.02371]}}}, {"name": "body", "keyframes": {"0": {"translate": [-0.052, 0.408, 0.348], "rotate": [-0.04314, 0.04718, -0.00853]}, "1": {"translate": [-0.082, 0.552, 0.323], "rotate": [-0.04002, 0.0443, -0.01209]}, "2": {"translate": [-0.106, 0.637, 0.286], "rotate": [-0.03538, 0.0365, -0.01451]}, "3": {"translate": [-0.117, 0.534, 0.264], "rotate": [-0.0326, 0.02501, -0.0154]}, "4": {"translate": [-0.108, 0.344, 0.277], "rotate": [-0.03417, 0.01105, -0.01383]}, "5": {"translate": [-0.093, 0.242, 0.307], "rotate": [-0.03791, -0.00413, -0.01146]}, "6": {"translate": [-0.07, 0.246, 0.342], "rotate": [-0.04238, -0.01932, -0.00798]}, "7": {"translate": [-0.042, 0.259, 0.372], "rotate": [-0.04613, -0.03328, -0.00375]}, "8": {"translate": [-0.01, 0.287, 0.385], "rotate": [-0.0477, -0.04477, 0.00086]}, "9": {"translate": [0.024, 0.334, 0.373], "rotate": [-0.04627, -0.05257, 0.00546]}, "10": {"translate": [0.058, 0.408, 0.348], "rotate": [-0.04314, -0.05544, 0.00969]}, "11": {"translate": [0.088, 0.552, 0.323], "rotate": [-0.04002, -0.05257, 0.01317]}, "12": {"translate": [0.112, 0.638, 0.286], "rotate": [-0.03538, -0.04477, 0.01554]}, "13": {"translate": [0.123, 0.534, 0.264], "rotate": [-0.0326, -0.03328, 0.01641]}, "14": {"translate": [0.119, 0.344, 0.277], "rotate": [-0.03417, -0.01932, 0.01552]}, "15": {"translate": [0.103, 0.242, 0.307], "rotate": [-0.03791, -0.00413, 0.0131]}, "16": {"translate": [0.08, 0.246, 0.342], "rotate": [-0.04238, 0.01105, 0.00954]}, "17": {"translate": [0.051, 0.259, 0.372], "rotate": [-0.04613, 0.02501, 0.00521]}, "18": {"translate": [0.018, 0.287, 0.385], "rotate": [-0.0477, 0.0365, 0.0005]}, "19": {"translate": [-0.017, 0.334, 0.373], "rotate": [-0.04627, 0.0443, -0.0042]}, "20": {"translate": [-0.052, 0.408, 0.348], "rotate": [-0.04314, 0.04718, -0.00853]}}}, {"name": "rightFrontLeg", "keyframes": {"0": {"translate": [-0.289, -2.351, 1.484], "rotate": [-0.69023, 0.0, -0.04897]}, "1": {"translate": [-0.222, -2.003, 1.037], "rotate": [-0.53137, 0.0, -0.03594]}, "2": {"translate": [-0.122, -0.933, 0.225], "rotate": [-0.22859, 0.0, -0.01931]}, "3": {"translate": [-0.046, -0.043, -0.063], "rotate": [-0.02242, 0.0, -0.00769]}, "4": {"translate": [0.008, 0.138, -0.128], "rotate": [0.10101, -0.0, 0.00141]}, "5": {"translate": [0.06, 0.239, -0.171], "rotate": [0.21331, -0.0, 0.01101]}, "6": {"translate": [0.108, 0.248, -0.263], "rotate": [0.34075, -0.0, 0.02162]}, "7": {"translate": [0.149, 0.233, -0.404], "rotate": [0.47328, -0.0, 0.03364]}, "8": {"translate": [0.179, 0.232, -0.519], "rotate": [0.54834, -0.0, 0.04402]}, "9": {"translate": [0.211, -0.067, -0.665], "rotate": [0.50254, -0.0, 0.0492]}, "10": {"translate": [0.245, -0.767, -0.746], "rotate": [0.34521, -0.0, 0.04938]}, "11": {"translate": [0.256, -1.543, -0.486], "rotate": [0.11489, -0.0, 0.04463]}, "12": {"translate": [0.215, -2.052, 0.058], "rotate": [-0.11598, -0.0, 0.03468]}, "13": {"translate": [0.129, -2.281, 0.571], "rotate": [-0.31555, -0.0, 0.02047]}, "14": {"translate": [0.034, -2.319, 0.859], "rotate": [-0.47359, -0.0, 0.00547]}, "15": {"translate": [-0.054, -2.317, 0.968], "rotate": [-0.55723, 0.0, -0.00875]}, "16": {"translate": [-0.135, -2.342, 1.062], "rotate": [-0.59535, 0.0, -0.02225]}, "17": {"translate": [-0.206, -2.367, 1.152], "rotate": [-0.62423, 0.0, -0.03421]}, "18": {"translate": [-0.261, -2.383, 1.252], "rotate": [-0.64807, 0.0, -0.04353]}, "19": {"translate": [-0.291, -2.38, 1.367], "rotate": [-0.66998, 0.0, -0.04894]}, "20": {"translate": [-0.289, -2.351, 1.484], "rotate": [-0.69023, 0.0, -0.04897]}}}, {"name": "leftFrontLeg", "keyframes": {"0": {"translate": [-0.195, -1.16, -0.191], "rotate": [0.23787, -0.0, -0.03639]}, "1": {"translate": [-0.189, -1.825, 0.219], "rotate": [-0.00505, -0.0, -0.03148]}, "2": {"translate": [-0.14, -2.16, 0.767], "rotate": [-0.22943, -0.0, -0.02223]}, "3": {"translate": [-0.061, -2.26, 1.145], "rotate": [-0.40629, 0.0, -0.00965]}, "4": {"translate": [0.018, -2.243, 1.265], "rotate": [-0.53891, -0.0, 0.00288]}, "5": {"translate": [0.097, -2.241, 1.256], "rotate": [-0.60422, -0.0, 0.01599]}, "6": {"translate": [0.176, -2.28, 1.265], "rotate": [-0.62889, -0.0, 0.02912]}, "7": {"translate": [0.247, -2.323, 1.283], "rotate": [-0.64602, -0.0, 0.04125]}, "8": {"translate": [0.305, -2.355, 1.325], "rotate": [-0.66035, 0.0, 0.05114]}, "9": {"translate": [0.339, -2.364, 1.401], "rotate": [-0.67582, -0.0, 0.05725]}, "10": {"translate": [0.34, -2.34, 1.505], "rotate": [-0.6937, -0.0, 0.05782]}, "11": {"translate": [0.269, -1.993, 1.077], "rotate": [-0.53771, -0.0, 0.04356]}, "12": {"translate": [0.157, -0.94, 0.307], "rotate": [-0.24158, -0.0, 0.02498]}, "13": {"translate": [0.076, -0.081, 0.064], "rotate": [-0.04339, 0.0, 0.01242]}, "14": {"translate": [0.017, 0.06, 0.053],