{"frame_length": 10, "parts": [{"name": "leftLeg", "keyframes": {"0": {"x": 0.0, "y": -0.0, "z": -0.0, "xRot": 0.0, "yRot": -0.0, "zRot": -0.0}, "1": {"x": 0.001, "y": 0.0, "z": 0.094, "xRot": -0.00784, "yRot": -0.0, "zRot": 9e-05}, "2": {"x": 0.0, "y": 0.004, "z": 0.326, "xRot": -0.02721, "yRot": -0.0, "zRot": 3e-05}, "3": {"x": -0.009, "y": -0.272, "z": 0.632, "xRot": -0.0382, "yRot": -0.02197, "zRot": -0.00259}, "4": {"x": -0.03, "y": -0.704, "z": 0.934, "xRot": -0.03357, "yRot": -0.06709, "zRot": -0.00852}, "5": {"x": -0.056, "y": -0.999, "z": 1.141, "xRot": -0.01023, "yRot": -0.12854, "zRot": -0.01924}, "6": {"x": -0.088, "y": -1.214, "z": 1.299, "xRot": 0.02828, "yRot": -0.20555, "zRot": -0.03849}, "7": {"x": -0.126, "y": -1.281, "z": 1.476, "xRot": 0.06213, "yRot": -0.27605, "zRot": -0.06172}, "8": {"x": -0.147, "y": -0.909, "z": 1.662, "xRot": 0.09371, "yRot": -0.34183, "zRot": -0.0863}, "9": {"x": -0.137, "y": -0.241, "z": 1.842, "xRot": 0.12295, "yRot": -0.40101, "zRot": -0.10984}, "10": {"x": -0.126, "y": 0.115, "z": 1.93, "xRot": 0.1354, "yRot": -0.42665, "zRot": -0.12036}}}, {"name": "rightLeg", "keyframes": {"0": {"x": 0.0, "y": -0.0, "z": -0.0, "xRot": 0.0, "yRot": -0.0, "zRot": -0.0}, "1": {"x": -0.01, "y": 0.0, "z": 0.0, "xRot": -0.00372, "yRot": -0.0, "zRot": -0.00086}, "2": {"x": -0.036, "y": 0.001, "z": -0.025, "xRot": -0.01169, "yRot": -0.0, "zRot": -0.003}, "3": {"x": -0.066, "y": 0.002, "z": -0.116, "xRot": -0.01896, "yRot": 0.0, "zRot": -0.00553}, "4": {"x": -0.089, "y": 0.003, "z": -0.299, "xRot": -0.02178, "yRot": 0.0, "zRot": -0.00744}, "5": {"x": -0.096, "y": 0.002, "z": -0.578, "xRot": -0.01818, "yRot": 0.0, "zRot": -0.00804}, "6": {"x": -0.08, "y": 0.001, "z": -0.884, "xRot": -0.01228, "yRot": -0.0, "zRot": -0.0067}, "7": {"x": -0.037, "y": 0.0, "z": -1.153, "xRot": -0.00789, "yRot": -0.0, "zRot": -0.0031}, "8": {"x": 0.022, "y": 0.0, "z": -1.37, "xRot": -0.00464, "yRot": -0.0, "zRot": 0.00185}, "9": {"x": 0.077, "y": 0.0, "z": -1.515, "xRot": -0.00271, "yRot": -0.0, "zRot": 0.00645}, "10": {"x": 0.101, "y": 0.0, "z": -1.566, "xRot": -0.00213, "yRot": -0.0, "zRot": 0.00845}}}, {"name": "body", "keyframes": {"0": {"x": 0.0, "y": -0.0, "z": -0.0, "xRot": 0.0, "yRot": -0.0, "zRot": -0.0}, "1": {"x": 0.002, "y": 0.022, "z": -0.112, "xRot": 0.01691, "yRot": -0.00732, "zRot": 7e-05}, "2": {"x": 0.015, "y": 0.096, "z": -0.397, "xRot": 0.06014, "yRot": -0.02603, "zRot": 0.00026}, "3": {"x": 0.054, "y": 0.233, "z": -0.78, "xRot": 0.1184, "yRot": -0.05125, "zRot": 0.00051}, "4": {"x": 0.121, "y": 0.433, "z": -1.184, "xRot": 0.18042, "yRot": -0.0781, "zRot": 0.00078}, "5": {"x": 0.202, "y": 0.676, "z": -1.532, "xRot": 0.23492, "yRot": -0.10169, "zRot": 0.00102}, "6": {"x": 0.308, "y": 1.019, "z": -1.875, "xRot": 0.28942, "yRot": -0.12528, "zRot": 0.00125}, "7": {"x": 0.459, "y": 1.485, "z": -2.255, "xRot": 0.35144, "yRot": -0.15213, "zRot": 0.00152}, "8": {"x": 0.624, "y": 1.972, "z": -2.597, "xRot": 0.4097, "yRot": -0.17735, "zRot": 0.00177}, "9": {"x": 0.76, "y": 2.36, "z": -2.841, "xRot": 0.45292, "yRot": -0.19606, "zRot": 0.00196}, "10": {"x": 0.816, "y": 2.518, "z": -2.934, "xRot": 0.46984, "yRot": -0.20338, "zRot": 0.00203}}}, {"name": "cloak", "keyframes": {"0": {"x": 0.0, "y": -0.0, "z": -0.0, "xRot": 0.0, "yRot": -0.0, "zRot": -0.0}, "1": {"x": -0.017, "y": -0.02, "z": -0.112, "xRot": 0.0167, "yRot": -0.0085, "zRot": -0.00136}, "2": {"x": -0.05, "y": -0.054, "z": -0.403, "xRot": 0.06204, "yRot": -0.03158, "zRot": -0.00506}, "3": {"x": -0.073, "y": -0.062, "z": -0.801, "xRot": 0.12884, "yRot": -0.0656, "zRot": -0.01052}, "4": {"x": -0.071, "y": -0.015, "z": -1.232, "xRot": 0.20997, "yRot": -0.1069, "zRot": -0.01714}, "5": {"x": -0.044, "y": 0.094, "z": -1.614, "xRot": 0.29825, "yRot": -0.15184, "zRot": -0.02435}, "6": {"x": 0.01, "y": 0.305, "z": -1.998, "xRot": 0.38653, "yRot": -0.19679, "zRot": -0.03155}, "7": {"x": 0.104, "y": 0.624, "z": -2.435, "xRot": 0.46765, "yRot": -0.23809, "zRot": -0.03817}, "8": {"x": 0.221, "y": 0.975, "z": -2.84, "xRot": 0.53446, "yRot": -0.27211, "zRot": -0.04363}, "9": {"x": 0.324, "y": 1.265, "z": -3.136, "xRot": 0.57979, "yRot": -0.29519, "zRot": -0.04733}, "10": {"x": 0.368, "y": 1.385, "z": -3.251, "xRot": 0.5965, "yRot": -0.30369, "zRot": -0.04869}}}, {"name": "head", "keyframes": {"0": {"x": 0.0, "y": -0.0, "z": -0.0, "xRot": 0.0, "yRot": -0.0, "zRot": -0.0}, "1": {"x": 0.002, "y": 0.022, "z": -0.112, "xRot": 0.0, "yRot": -0.0, "zRot": -0.0}, "2": {"x": 0.015, "y": 0.096, "z": -0.397, "xRot": 0.0, "yRot": -0.0, "zRot": -0.0}, "3": {"x": 0.054, "y": 0.233, "z": -0.78, "xRot": 0.0, "yRot": -0.0, "zRot": -0.0}, "4": {"x": 0.121, "y": 0.433, "z": -1.184, "xRot": 0.0, "yRot": -0.0, "zRot": -0.0}, "5": {"x": 0.202, "y": 0.676, "z": -1.532, "xRot": 0.0, "yRot": -0.0, "zRot": -0.0}, "6": {"x": 0.308, "y": 1.019, "z": -1.875, "xRot": 0.0, "yRot": -0.0, "zRot": -0.0}, "7": {"x": 0.459, "y": 1.485, "z": -2.255, "xRot": 0.0, "yRot": -0.0, "zRot": -0.0}, "8": {"x": 0.624, "y": 1.972, "z": -2.597, "xRot": 0.0, "yRot": -0.0, "zRot": -0.0}, "9": {"x": 0.76, "y": 2.36, "z": -2.841, "xRot": 0.0, "yRot": -0.0, "zRot": -0.0}, "10": {"x": 0.816, "y": 2.518, "z": -2.934, "xRot": 0.0, "yRot": -0.0, "zRot": -0.0}}}, {"name": "rightArm", "keyframes": {"0": {"x": -0.0, "y": -0.0, "z": -0.0, "xRot": 0.0, "yRot": -0.0, "zRot": -0.0}, "1": {"x": 0.001, "y": 0.022, "z": -0.115, "xRot": -0.00715, "yRot": 0.00071, "zRot": 0.00156}, "2": {"x": 0.013, "y": 0.091, "z": -0.407, "xRot": -0.02655, "yRot": 0.00262, "zRot": 0.00581}, "3": {"x": 0.047, "y": 0.216, "z": -0.801, "xRot": -0.05515, "yRot": 0.00544, "zRot": 0.01206}, "4": {"x": 0.106, "y": 0.397, "z": -1.216, "xRot": -0.08987, "yRot": 0.00887, "zRot": 0.01965}, "5": {"x": 0.178, "y": 0.616, "z": -1.577, "xRot": -0.12766, "yRot": 0.0126, "zRot": 0.02791}, "6": {"x": 0.274, "y": 0.93, "z": -1.934, "xRot": -0.16545, "yRot": 0.01633, "zRot": 0.03617}, "7": {"x": 0.409, "y": 1.355, "z": -2.332, "xRot": -0.20017, "yRot": 0.01976, "zRot": 0.04377}, "8": {"x": 0.558, "y": 1.797, "z": -2.695, "xRot": -0.22876, "yRot": 0.02258, "zRot": 0.05002}, "9": {"x": 0.682, "y": 2.148, "z": -2.957, "xRot": -0.24817, "yRot": 0.0245, "zRot": 0.05426}, "10": {"x": 0.733, "y": 2.291, "z": -3.057, "xRot": -0.25532, "yRot": 0.0252, "zRot": 0.05582}}}, {"name": "leftArm", "keyframes": {"0": {"x": 0.0, "y": -0.0, "z": -0.0, "xRot": 0.0, "yRot": -0.0, "zRot": -0.0}, "1": {"x": 0.001, "y": 0.022, "z": -0.041, "xRot": 0.01145, "yRot": -0.01089, "zRot": -0.00947}, "2": {"x": 0.01, "y": 0.094, "z": -0.147, "xRot": 0.04254, "yRot": -0.04044, "zRot": -0.03519}, "3": {"x": 0.034, "y": 0.222, "z": -0.288, "xRot": 0.08836, "yRot": -0.08398, "zRot": -0.07308}, "4": {"x": 0.076, "y": 0.405, "z": -0.436, "xRot": 0.14399, "yRot": -0.13686, "zRot": -0.1191}, "5": {"x": 0.127, "y": 0.626, "z": -0.562, "xRot": 0.20453, "yRot": -0.1944, "zRot": -0.16918}, "6": {"x": 0.196, "y": 0.942, "z": -0.684, "xRot": 0.26507, "yRot": -0.25194, "zRot": -0.21925}, "7": {"x": 0.294, "y": 1.37, "z": -0.816, "xRot": 0.3207, "yRot": -0.30482, "zRot": -0.26527}, "8": {"x": 0.402, "y": 1.815, "z": -0.931, "xRot": 0.36651, "yRot": -0.34837, "zRot": -0.30317}, "9": {"x": 0.49, "y": 2.167, "z": -1.009, "xRot": 0.3976, "yRot": -0.37791, "zRot": -0.32888}, "10": {"x": 0.527, "y": 2.311, "z": -1.037, "xRot": 0.40906, "yRot": -0.3888, "zRot": -0.33835}}}, {"name": "leftHand", "keyframes": {"0": {"x": 6.0, "y": 12.0, "z": -2.0, "xRot": 0.0, "yRot": -0.0, "zRot": -0.0}, "1": {"x": 6.116, "y": 12.034, "z": -1.916, "xRot": 0.01145, "yRot": -0.01089, "zRot": -0.00947}, "2": {"x": 6.426, "y": 12.126, "z": -1.678, "xRot": 0.04254, "yRot": -0.04044, "zRot": -0.03519}, "3": {"x": 6.861, "y": 12.252, "z": -1.31, "xRot": 0.08836, "yRot": -0.08398, "zRot": -0.07308}, "4": {"x": 7.343, "y": 12.389, "z": -0.839, "xRot": 0.14399, "yRot": -0.13686, "zRot": -0.1191}, "5": {"x": 7.797, "y": 12.516, "z": -0.297, "xRot": 0.20453, "yRot": -0.1944,