{"format_version": "0.2", "frame_length": 16, "parts": [{"name": "root", "keyframes": {"0": {"translate": [0.0, -0.0, -0.0], "rotate": [0.0, 0.0, -0.0]}, "1": {"translate": [0.0, -0.0, -0.0], "rotate": [0.0, 0.0, -0.0]}, "2": {"translate": [0.0, -0.0, -0.0], "rotate": [0.0, 0.0, -0.0]}, "3": {"translate": [0.0, -0.0, -0.0], "rotate": [0.0, 0.0, -0.0]}, "4": {"translate": [0.0, -0.0, -0.0], "rotate": [0.0, 0.0, -0.0]}, "5": {"translate": [0.0, -0.0, -0.0], "rotate": [0.0, 0.0, -0.0]}, "6": {"translate": [0.0, -0.0, -0.0], "rotate": [0.0, 0.0, -0.0]}, "7": {"translate": [0.0, -0.0, -0.0], "rotate": [0.0, 0.0, -0.0]}, "8": {"translate": [0.0, -0.0, -0.0], "rotate": [0.0, 0.0, -0.0]}, "9": {"translate": [0.0, -0.0, -0.0], "rotate": [0.0, 0.0, -0.0]}, "10": {"translate": [0.0, -0.0, -0.0], "rotate": [0.0, 0.0, -0.0]}, "11": {"translate": [0.0, -0.0, -0.0], "rotate": [0.0, 0.0, -0.0]}, "12": {"translate": [0.0, -0.0, -0.0], "rotate": [0.0, 0.0, -0.0]}, "13": {"translate": [0.0, -0.0, -0.0], "rotate": [0.0, 0.0, -0.0]}, "14": {"translate": [0.0, -0.0, -0.0], "rotate": [0.0, 0.0, -0.0]}, "15": {"translate": [0.0, -0.0, -0.0], "rotate": [0.0, 0.0, -0.0]}, "16": {"translate": [0.0, -0.0, -0.0], "rotate": [0.0, 0.0, -0.0]}}}, {"name": "leftLeg", "keyframes": {"0": {"translate": [-0.009, -0.381, 0.679], "rotate": [0.13189, 0.01129, -0.04565]}, "1": {"translate": [-0.007, -0.381, 0.675], "rotate": [0.12568, 0.01444, -0.04565]}, "2": {"translate": [-0.006, -0.382, 0.675], "rotate": [0.1244, 0.01671, -0.04564]}, "3": {"translate": [-0.005, -0.383, 0.68], "rotate": [0.12869, 0.01763, -0.04563]}, "4": {"translate": [-0.006, -0.385, 0.689], "rotate": [0.1374, 0.01689, -0.04561]}, "5": {"translate": [-0.007, -0.386, 0.701], "rotate": [0.14889, 0.01477, -0.04559]}, "6": {"translate": [-0.009, -0.388, 0.714], "rotate": [0.16151, 0.01173, -0.04558]}, "7": {"translate": [-0.012, -0.389, 0.726], "rotate": [0.17361, 0.00821, -0.04556]}, "8": {"translate": [-0.015, -0.389, 0.735], "rotate": [0.18354, 0.00465, -0.04556]}, "9": {"translate": [-0.017, -0.389, 0.739], "rotate": [0.18975, 0.0015, -0.04556]}, "10": {"translate": [-0.018, -0.388, 0.739], "rotate": [0.19104, -0.00077, -0.04557]}, "11": {"translate": [-0.019, -0.386, 0.734], "rotate": [0.18675, -0.00169, -0.04559]}, "12": {"translate": [-0.018, -0.385, 0.725], "rotate": [0.17803, -0.00095, -0.04561]}, "13": {"translate": [-0.017, -0.383, 0.713], "rotate": [0.16655, 0.00117, -0.04562]}, "14": {"translate": [-0.014, -0.382, 0.7], "rotate": [0.15393, 0.00421, -0.04564]}, "15": {"translate": [-0.012, -0.381, 0.688], "rotate": [0.14183, 0.00773, -0.04565]}, "16": {"translate": [-0.009, -0.381, 0.679], "rotate": [0.13189, 0.01129, -0.04565]}}}, {"name": "rightLeg", "keyframes": {"0": {"translate": [-0.0, -0.0, -0.016], "rotate": [0.08043, 0.00245, 0.02295]}, "1": {"translate": [-0.0, -0.0, -0.008], "rotate": [0.07366, 0.00557, 0.02295]}, "2": {"translate": [-0.0, -0.0, 0.002], "rotate": [0.0666, 0.00775, 0.02295]}, "3": {"translate": [0.0, -0.0, 0.011], "rotate": [0.06005, 0.00855, 0.02295]}, "4": {"translate": [0.0, -0.0, 0.018], "rotate": [0.0548, 0.00766, 0.02294]}, "5": {"translate": [0.0, -0.0, 0.022], "rotate": [0.05167, 0.0054, 0.02294]}, "6": {"translate": [0.0, -0.0, 0.023], "rotate": [0.05148, 0.00223, 0.02294]}, "7": {"translate": [-0.0, -0.0, 0.021], "rotate": [0.05467, -0.00139, 0.02294]}, "8": {"translate": [-0.0, -0.0, 0.016], "rotate": [0.06027, -0.00498, 0.02294]}, "9": {"translate": [-0.0, -0.0, 0.007], "rotate": [0.06704, -0.0081, 0.02294]}, "10": {"translate": [-0.0, -0.0, -0.002], "rotate": [0.0741, -0.01028, 0.02294]}, "11": {"translate": [0.0, -0.0, -0.011], "rotate": [0.08065, -0.01108, 0.02294]}, "12": {"translate": [0.0, -0.0, -0.018], "rotate": [0.0859, -0.01019, 0.02294]}, "13": {"translate": [0.0, -0.0, -0.022], "rotate": [0.08902, -0.00793, 0.02295]}, "14": {"translate": [0.0, -0.0, -0.023], "rotate": [0.08922, -0.00476, 0.02295]}, "15": {"translate": [0.0, -0.0, -0.021], "rotate": [0.08603, -0.00115, 0.02295]}, "16": {"translate": [-0.0, -0.0, -0.016], "rotate": [0.08043, 0.00245, 0.02295]}}}, {"name": "rightHand", "keyframes": {"0": {"translate": [0.0, -0.0, -0.0], "rotate": [0.0, 0.0, -0.0]}, "1": {"translate": [0.0, -0.0, 0.0], "rotate": [0.0, 0.0, -0.0]}, "2": {"translate": [0.0, 0.0, -0.0], "rotate": [0.0, -0.0, -0.0]}, "3": {"translate": [0.0, 0.0, 0.0], "rotate": [0.0, -0.0, 0.0]}, "4": {"translate": [0.0, 0.0, -0.0], "rotate": [0.0, 0.0, 0.0]}, "5": {"translate": [0.0, 0.0, -0.0], "rotate": [0.0, 0.0, 0.0]}, "6": {"translate": [0.0, 0.0, -0.0], "rotate": [0.0, 0.0, 0.0]}, "7": {"translate": [0.0, 0.0, -0.0], "rotate": [0.0, 0.0, -0.0]}, "8": {"translate": [0.0, 0.0, -0.0], "rotate": [-0.0, -0.0, -0.0]}, "9": {"translate": [0.0, 0.0, 0.0], "rotate": [0.0, 0.0, -0.0]}, "10": {"translate": [-0.0, 0.0, -0.0], "rotate": [-0.0, 0.0, -0.0]}, "11": {"translate": [0.0, -0.0, 0.0], "rotate": [0.0, 0.0, -0.0]}, "12": {"translate": [0.0, 0.0, -0.0], "rotate": [0.0, 0.0, 0.0]}, "13": {"translate": [0.0, 0.0, -0.0], "rotate": [-0.0, -0.0, -0.0]}, "14": {"translate": [0.0, 0.0, -0.0], "rotate": [-0.0, -0.0, -0.0]}, "15": {"translate": [0.0, -0.0, -0.0], "rotate": [0.0, 0.0, 0.0]}, "16": {"translate": [0.0, -0.0, -0.0], "rotate": [0.0, 0.0, -0.0]}}}, {"name": "rightArm", "keyframes": {"0": {"translate": [0.003, -0.15, 0.966], "rotate": [0.14592, 0.08905, 0.11119]}, "1": {"translate": [0.006, -0.15, 0.979], "rotate": [0.14837, 0.0921, 0.11127]}, "2": {"translate": [0.008, -0.151, 0.982], "rotate": [0.15415, 0.09416, 0.1114]}, "3": {"translate": [0.009, -0.153, 0.975], "rotate": [0.16207, 0.09479, 0.11156]}, "4": {"translate": [0.008, -0.155, 0.958], "rotate": [0.17095, 0.09372, 0.11174]}, "5": {"translate": [0.006, -0.157, 0.934], "rotate": [0.17967, 0.09128, 0.11189]}, "6": {"translate": [0.003, -0.158, 0.907], "rotate": [0.18714, 0.08797, 0.11202]}, "7": {"translate": [-0.0, -0.16, 0.881], "rotate": [0.19227, 0.08426, 0.11209]}, "8": {"translate": [-0.003, -0.16, 0.86], "rotate": [0.19397, 0.08064, 0.1121]}, "9": {"translate": [-0.006, -0.16, 0.847], "rotate": [0.19152, 0.07759, 0.11203]}, "10": {"translate": [-0.008, -0.158, 0.844], "rotate": [0.18574, 0.07553, 0.1119]}, "11": {"translate": [-0.009, -0.157, 0.851], "rotate": [0.17782, 0.0749, 0.11174]}, "12": {"translate": [-0.008, -0.155, 0.868], "rotate": [0.16895, 0.07597, 0.11157]}, "13": {"translate": [-0.006, -0.153, 0.892], "rotate": [0.16023, 0.07841, 0.11141]}, "14": {"translate": [-0.003, -0.151, 0.919], "rotate": [0.15276, 0.08172, 0.11128]}, "15": {"translate": [-0.0, -0.15, 0.945], "rotate": [0.14762, 0.08543, 0.1112]}, "16": {"translate": [0.003, -0.15, 0.966], "rotate": [0.14592, 0.08905, 0.11119]}}}, {"name": "leftHand", "keyframes": {"0": {"translate": [-0.0, -0.0, 0.0], "rotate": [-0.0, -0.0, -0.0]}, "1": {"translate": [0.0, -0.0, 0.0], "rotate": [0.0, -0.0, -0.0]}, "2": {"translate": [-0.0, -0.0, -0.0], "rotate": [0.0, 0.0, -0.0]}, "3": {"translate": [-0.0, 0.0, 0.0], "rotate": [0.0, 0.0, 0.0]}, "4": {"translate": [0.0, 0.0, -0.0], "rotate": [-0.0, 0.0, -0.0]}, "5": {"translate": [0.0, 0.0, 0.0], "rotate": [0.0, 0.0, 0.0]}, "6": {"translate": [0.0, 0.0, -0.0], "rotate": [-0.0, -0.0, -0.0]}, "7": {"translate": [-0.0, -0.0, -0.0], "rotate": [0.0, -0.0, -0.0]}, "8": {"translate": [0.0, 0.0, -0.0], "rotate": [-0.0, -0.0, -0.0]}, "9": {"translate": [0.0, 0.0, -0.0], "rotate": [0.0, 0.0, -0.0]}, "10": {"translate": [0.0, -0.0, -0.0], "rotate": [-0.0, -0.0, 0.0]}, "11": {"translate": [-0.0, 0.0, -0.0], "rotate": [0.0, -0.0, -0.0]}, "12": {"translate": [0.0, -0.0, 0.0], "rotate": [0.0, -0.0, -0.0]}, "13": {"translate": [-0.0, 0.0, -0.0], "rotate": [-0.0, 0.0, -0.0]}, "14": {"translate": [0.0, 0.0, -0.0], "rotate": [0.0, -0.0, -0.0]}, "15": {"translate": [0.0, -0.0, -0.0], "rotate": [0.0, -0.0, -0.0]}, "16": {"translate": [-0.0, -0.0, 0.0], "rotate": [-0.0, -0.0, -0.0]}}}, {"name": "leftArm",