{"format_version": "0.2", "frame_length": 25, "parts": [{"name": "rightHand", "keyframes": {"0": {"translate": [0.0, -0.0, 0.0], "rotate": [0.0, -0.0, -0.0]}, "1": {"translate": [0.0, 0.0, 0.0], "rotate": [0.0, -0.0, -0.0]}, "2": {"translate": [0.0, -0.0, -0.0], "rotate": [0.0, -0.0, -0.0]}, "3": {"translate": [-0.0, -0.0, -0.0], "rotate": [0.0, -0.0, -0.0]}, "4": {"translate": [-0.0, -0.0, -0.0], "rotate": [0.0, -0.0, -0.0]}, "5": {"translate": [-0.0, 0.0, 0.0], "rotate": [0.0, -0.0, -0.0]}, "6": {"translate": [0.0, 0.0, 0.0], "rotate": [0.0, -0.0, -0.0]}, "7": {"translate": [0.0, -0.0, -0.0], "rotate": [0.0, -0.0, -0.0]}, "8": {"translate": [-0.0, -0.0, -0.0], "rotate": [0.0, -0.0, -0.0]}, "9": {"translate": [0.0, 0.0, 0.0], "rotate": [0.0, -0.0, -0.0]}, "10": {"translate": [-0.0, -0.0, -0.0], "rotate": [0.0, -0.0, -0.0]}, "11": {"translate": [-0.0, -0.0, -0.0], "rotate": [0.0, -0.0, -0.0]}, "12": {"translate": [0.0, -0.0, 0.0], "rotate": [0.0, -0.0, -0.0]}, "13": {"translate": [0.0, -0.0, -0.0], "rotate": [0.0, -0.0, -0.0]}, "14": {"translate": [-0.0, -0.0, 0.0], "rotate": [0.0, -0.0, -0.0]}, "15": {"translate": [0.0, -0.0, -0.0], "rotate": [0.0, -0.0, -0.0]}, "16": {"translate": [0.0, 0.0, 0.0], "rotate": [0.0, -0.0, -0.0]}, "17": {"translate": [0.0, 0.0, 0.0], "rotate": [0.0, -0.0, -0.0]}, "18": {"translate": [0.0, -0.0, -0.0], "rotate": [0.0, -0.0, -0.0]}, "19": {"translate": [0.0, -0.0, 0.0], "rotate": [0.0, -0.0, -0.0]}, "20": {"translate": [0.0, -0.0, -0.0], "rotate": [0.0, -0.0, -0.0]}, "21": {"translate": [0.0, -0.0, 0.0], "rotate": [0.0, -0.0, -0.0]}, "22": {"translate": [0.0, -0.0, 0.0], "rotate": [0.0, -0.0, -0.0]}, "23": {"translate": [0.0, -0.0, 0.0], "rotate": [0.0, -0.0, -0.0]}, "24": {"translate": [0.0, -0.0, 0.0], "rotate": [0.0, -0.0, -0.0]}, "25": {"translate": [0.0, -0.0, 0.0], "rotate": [0.0, -0.0, -0.0]}}}, {"name": "rightArm", "keyframes": {"0": {"translate": [-12.915, 12.269, -10.657], "rotate": [-1.99832, 0.49254, 0.9095]}, "1": {"translate": [-13.349, 10.937, -14.343], "rotate": [-1.94167, 0.79006, 0.81413]}, "2": {"translate": [-11.025, 10.382, -15.159], "rotate": [-1.84655, 0.47446, 0.8729]}, "3": {"translate": [-9.007, 10.037, -15.083], "rotate": [-1.76387, 0.10043, 0.93643]}, "4": {"translate": [-9.438, 10.675, -14.636], "rotate": [-1.78734, 0.04451, 1.03491]}, "5": {"translate": [-10.338, 11.96, -13.692], "rotate": [-1.85797, 0.06212, 1.16552]}, "6": {"translate": [-11.113, 12.953, -12.844], "rotate": [-1.90399, 0.08344, 1.23103]}, "7": {"translate": [-11.549, 13.325, -12.264], "rotate": [-1.91066, 0.11754, 1.20788]}, "8": {"translate": [-11.863, 13.4, -11.778], "rotate": [-1.91208, 0.19344, 1.15506]}, "9": {"translate": [-12.117, 13.225, -11.467], "rotate": [-1.92131, 0.27099, 1.09702]}, "10": {"translate": [-12.433, 12.766, -11.265], "rotate": [-1.94629, 0.35172, 1.02675]}, "11": {"translate": [-12.766, 12.216, -11.097], "rotate": [-1.98396, 0.43254, 0.94795]}, "12": {"translate": [-12.929, 11.953, -11.031], "rotate": [-2.00551, 0.46876, 0.90942]}, "13": {"translate": [-12.935, 12.117, -10.925], "rotate": [-1.99925, 0.464, 0.91258]}, "14": {"translate": [-12.931, 12.415, -10.721], "rotate": [-1.9855, 0.45357, 0.9196]}, "15": {"translate": [-12.927, 12.575, -10.611], "rotate": [-1.97173, 0.44324, 0.92683]}, "16": {"translate": [-12.925, 12.527, -10.618], "rotate": [-1.96523, 0.43883, 0.93077]}, "17": {"translate": [-12.921, 12.422, -10.634], "rotate": [-1.9683, 0.44473, 0.92935]}, "18": {"translate": [-12.917, 12.317, -10.649], "rotate": [-1.97637, 0.45811, 0.92425]}, "19": {"translate": [-12.915, 12.269, -10.657], "rotate": [-1.98628, 0.47389, 0.91768]}, "20": {"translate": [-12.915, 12.269, -10.657], "rotate": [-1.99473, 0.48704, 0.91196]}, "21": {"translate": [-12.915, 12.269, -10.657], "rotate": [-1.99832, 0.49254, 0.9095]}, "22": {"translate": [-12.915, 12.269, -10.657], "rotate": [-1.99832, 0.49254, 0.9095]}, "23": {"translate": [-12.915, 12.269, -10.657], "rotate": [-1.99832, 0.49254, 0.9095]}, "24": {"translate": [-12.915, 12.269, -10.657], "rotate": [-1.99832, 0.49254, 0.9095]}, "25": {"translate": [-12.915, 12.269, -10.657], "rotate": [-1.99832, 0.49254, 0.9095]}}}, {"name": "leftHand", "keyframes": {"0": {"translate": [-0.0, 0.0, -0.0], "rotate": [-0.0, -0.0, -0.0]}, "1": {"translate": [0.0, -0.0, -0.0], "rotate": [-0.0, -0.0, -0.0]}, "2": {"translate": [0.0, -0.0, -0.0], "rotate": [0.0, -0.0, -0.0]}, "3": {"translate": [-0.0, -0.0, -0.0], "rotate": [-0.0, -0.0, -0.0]}, "4": {"translate": [0.0, -0.0, -0.0], "rotate": [-0.0, -0.0, -0.0]}, "5": {"translate": [0.0, 0.0, -0.0], "rotate": [-0.0, -0.0, -0.0]}, "6": {"translate": [-0.0, 0.0, 0.0], "rotate": [-0.0, -0.0, -0.0]}, "7": {"translate": [0.0, 0.0, -0.0], "rotate": [-0.0, -0.0, -0.0]}, "8": {"translate": [0.0, -0.0, -0.0], "rotate": [-0.0, -0.0, -0.0]}, "9": {"translate": [0.0, 0.0, -0.0], "rotate": [-0.0, -0.0, -0.0]}, "10": {"translate": [0.0, -0.0, -0.0], "rotate": [-0.0, -0.0, -0.0]}, "11": {"translate": [0.0, 0.0, -0.0], "rotate": [-0.0, -0.0, -0.0]}, "12": {"translate": [0.0, 0.0, -0.0], "rotate": [-0.0, -0.0, -0.0]}, "13": {"translate": [0.0, -0.0, -0.0], "rotate": [0.0, -0.0, -0.0]}, "14": {"translate": [0.0, -0.0, -0.0], "rotate": [-0.0, -0.0, -0.0]}, "15": {"translate": [0.0, -0.0, -0.0], "rotate": [-0.0, -0.0, -0.0]}, "16": {"translate": [-0.0, -0.0, -0.0], "rotate": [-0.0, -0.0, -0.0]}, "17": {"translate": [-0.0, -0.0, -0.0], "rotate": [-0.0, -0.0, -0.0]}, "18": {"translate": [-0.0, -0.0, -0.0], "rotate": [-0.0, -0.0, -0.0]}, "19": {"translate": [-0.0, -0.0, -0.0], "rotate": [-0.0, -0.0, -0.0]}, "20": {"translate": [-0.0, -0.0, -0.0], "rotate": [-0.0, -0.0, -0.0]}, "21": {"translate": [-0.0, -0.0, -0.0], "rotate": [-0.0, -0.0, -0.0]}, "22": {"translate": [-0.0, -0.0, -0.0], "rotate": [-0.0, -0.0, -0.0]}, "23": {"translate": [-0.0, -0.0, -0.0], "rotate": [-0.0, -0.0, -0.0]}, "24": {"translate": [-0.0, -0.0, -0.0], "rotate": [-0.0, -0.0, -0.0]}, "25": {"translate": [-0.0, -0.0, -0.0], "rotate": [-0.0, -0.0, -0.0]}}}, {"name": "leftArm", "keyframes": {"0": {"translate": [12.418, 12.269, -10.657], "rotate": [-2.01765, -0.50159, -0.90757]}, "1": {"translate": [12.439, 12.337, -10.65], "rotate": [-2.00318, -0.49686, -0.9145]}, "2": {"translate": [12.487, 12.499, -10.634], "rotate": [-1.96896, -0.48551, -0.93088]}, "3": {"translate": [12.545, 12.692, -10.615], "rotate": [-1.92863, -0.47182, -0.95017]}, "4": {"translate": [12.593, 12.853, -10.599], "rotate": [-1.89526, -0.46024, -0.96613]}, "5": {"translate": [12.613, 12.921, -10.592], "rotate": [-1.88138, -0.45536, -0.97277]}, "6": {"translate": [12.6, 12.873, -10.597], "rotate": [-1.88908, -0.45866, -0.96906]}, "7": {"translate": [12.567, 12.75, -10.61], "rotate": [-1.90904, -0.46716, -0.95942]}, "8": {"translate": [12.522, 12.581, -10.628], "rotate": [-1.93662, -0.4787, -0.94606]}, "9": {"translate": [12.473, 12.397, -10.647], "rotate": [-1.96706, -0.49116, -0.93123]}, "10": {"translate": [12.428, 12.229, -10.664], "rotate": [-1.99538, -0.50246, -0.91732]}, "11": {"translate": [12.395, 12.105, -10.677], "rotate": [-2.01641, -0.51058, -0.9068]}, "12": {"translate": [12.383, 12.057, -10.682], "rotate": [-2.02485, -0.51352, -0.90223]}, "13": {"translate": [12.388, 12.09, -10.678], "rotate": [-2.02392, -0.51148, -0.90265]}, "14": {"translate": [12.4, 12.163, -10.669], "rotate": [-2.02142, -0.5074, -0.90454]}, "15": {"translate": [12.413, 12.236, -10.661], "rotate": [-2.01883, -0.5034, -0.9066]}, "16": {"translate": [12.418, 12.269, -10.657], "rotate": [-2.01765, -0.50159, -0.90757]}, "17": {"translate": [12.418, 12.269, -10.657], "rotate": [-2.01765, -0.50159, -0.90757]}, "18": {"translate": [12.418, 12.269, -10.657], "rotate": [-2.01765, -0.50159, -0.90757]}, "19": {"translate": [12.418, 12.269, -10.657], "rotate": [-2.01765, -0.50159, -0.90757]}, "20": {"translate": [12.418, 12.269, -10.657], "rotate": [-2.01765, -0.50159, -0.90757]}, "21": {"translate": [12.418, 12.269, -10.657],