{"format_version": "0.2", "frame_length": 25, "parts": [{"name": "rightHand", "keyframes": {"0": {"translate": [0.0, -0.0, 0.0], "rotate": [0.0, -0.0, -0.0]}, "1": {"translate": [0.0, -0.0, 0.0], "rotate": [0.0, -0.0, -0.0]}, "2": {"translate": [0.0, -0.0, -0.0], "rotate": [0.0, -0.0, -0.0]}, "3": {"translate": [0.0, 0.0, -0.0], "rotate": [0.0, -0.0, -0.0]}, "4": {"translate": [-0.0, 0.0, -0.0], "rotate": [0.0, -0.0, -0.0]}, "5": {"translate": [0.0, 0.0, -0.0], "rotate": [0.0, -0.0, -0.0]}, "6": {"translate": [0.0, -0.0, -0.0], "rotate": [0.0, -0.0, -0.0]}, "7": {"translate": [0.0, 0.0, -0.0], "rotate": [0.0, -0.0, -0.0]}, "8": {"translate": [0.0, 0.0, -0.0], "rotate": [0.0, -0.0, -0.0]}, "9": {"translate": [0.0, -0.0, -0.0], "rotate": [0.0, -0.0, -0.0]}, "10": {"translate": [-0.0, -0.0, -0.0], "rotate": [0.0, -0.0, -0.0]}, "11": {"translate": [0.0, -0.0, -0.0], "rotate": [0.0, -0.0, -0.0]}, "12": {"translate": [-0.0, -0.0, 0.0], "rotate": [0.0, -0.0, -0.0]}, "13": {"translate": [0.0, -0.0, -0.0], "rotate": [0.0, -0.0, -0.0]}, "14": {"translate": [-0.0, -0.0, -0.0], "rotate": [0.0, -0.0, -0.0]}, "15": {"translate": [0.0, -0.0, -0.0], "rotate": [0.0, -0.0, -0.0]}, "16": {"translate": [-0.0, -0.0, -0.0], "rotate": [0.0, -0.0, -0.0]}, "17": {"translate": [0.0, -0.0, -0.0], "rotate": [0.0, -0.0, -0.0]}, "18": {"translate": [0.0, -0.0, -0.0], "rotate": [0.0, -0.0, -0.0]}, "19": {"translate": [0.0, -0.0, 0.0], "rotate": [0.0, -0.0, -0.0]}, "20": {"translate": [0.0, -0.0, -0.0], "rotate": [0.0, -0.0, -0.0]}, "21": {"translate": [0.0, -0.0, 0.0], "rotate": [0.0, -0.0, -0.0]}, "22": {"translate": [0.0, -0.0, 0.0], "rotate": [0.0, -0.0, -0.0]}, "23": {"translate": [0.0, -0.0, 0.0], "rotate": [0.0, -0.0, -0.0]}, "24": {"translate": [0.0, -0.0, 0.0], "rotate": [0.0, -0.0, -0.0]}, "25": {"translate": [0.0, -0.0, 0.0], "rotate": [0.0, -0.0, -0.0]}}}, {"name": "rightArm", "keyframes": {"0": {"translate": [-12.915, 12.269, -10.657], "rotate": [-1.99832, 0.49254, 0.9095]}, "1": {"translate": [-13.094, 11.263, -14.57], "rotate": [-1.94167, 0.79006, 0.81413]}, "2": {"translate": [-10.65, 10.569, -15.797], "rotate": [-1.83224, 0.42335, 0.9007]}, "3": {"translate": [-8.582, 10.079, -15.98], "rotate": [-1.74704, 0.00679, 0.97631]}, "4": {"translate": [-9.105, 10.706, -15.333], "rotate": [-1.78069, -0.03591, 1.06799]}, "5": {"translate": [-10.191, 11.973, -13.99], "rotate": [-1.8615, -0.01316, 1.1963]}, "6": {"translate": [-11.113, 12.953, -12.844], "rotate": [-1.91234, 0.0093, 1.2612]}, "7": {"translate": [-11.592, 13.326, -12.202], "rotate": [-1.91364, 0.08106, 1.22257]}, "8": {"translate": [-11.908, 13.412, -11.758], "rotate": [-1.91157, 0.2298, 1.14028]}, "9": {"translate": [-12.177, 13.252, -11.494], "rotate": [-1.92605, 0.35352, 1.0617]}, "10": {"translate": [-12.523, 12.808, -11.306], "rotate": [-1.95509, 0.41797, 0.9961]}, "11": {"translate": [-12.87, 12.264, -11.144], "rotate": [-1.98907, 0.45629, 0.93585]}, "12": {"translate": [-13.028, 11.999, -11.075], "rotate": [-2.00551, 0.46876, 0.90942]}, "13": {"translate": [-13.006, 12.15, -10.957], "rotate": [-1.99925, 0.464, 0.91258]}, "14": {"translate": [-12.961, 12.429, -10.735], "rotate": [-1.9855, 0.45357, 0.9196]}, "15": {"translate": [-12.927, 12.575, -10.611], "rotate": [-1.97173, 0.44324, 0.92683]}, "16": {"translate": [-12.916, 12.523, -10.613], "rotate": [-1.96523, 0.43883, 0.93077]}, "17": {"translate": [-12.912, 12.418, -10.63], "rotate": [-1.9683, 0.44473, 0.92935]}, "18": {"translate": [-12.914, 12.315, -10.648], "rotate": [-1.97637, 0.45811, 0.92425]}, "19": {"translate": [-12.915, 12.269, -10.657], "rotate": [-1.98628, 0.47389, 0.91768]}, "20": {"translate": [-12.915, 12.269, -10.657], "rotate": [-1.99473, 0.48704, 0.91196]}, "21": {"translate": [-12.915, 12.269, -10.657], "rotate": [-1.99832, 0.49254, 0.9095]}, "22": {"translate": [-12.915, 12.269, -10.657], "rotate": [-1.99832, 0.49254, 0.9095]}, "23": {"translate": [-12.915, 12.269, -10.657], "rotate": [-1.99832, 0.49254, 0.9095]}, "24": {"translate": [-12.915, 12.269, -10.657], "rotate": [-1.99832, 0.49254, 0.9095]}, "25": {"translate": [-12.915, 12.269, -10.657], "rotate": [-1.99832, 0.49254, 0.9095]}}}, {"name": "leftHand", "keyframes": {"0": {"translate": [-0.0, 0.0, -0.0], "rotate": [-0.0, -0.0, -0.0]}, "1": {"translate": [0.0, -0.0, -0.0], "rotate": [-0.0, -0.0, -0.0]}, "2": {"translate": [0.0, -0.0, -0.0], "rotate": [-0.0, -0.0, -0.0]}, "3": {"translate": [-0.0, 0.0, -0.0], "rotate": [-0.0, -0.0, -0.0]}, "4": {"translate": [0.0, 0.0, -0.0], "rotate": [-0.0, -0.0, -0.0]}, "5": {"translate": [0.0, 0.0, -0.0], "rotate": [-0.0, -0.0, -0.0]}, "6": {"translate": [0.0, 0.0, -0.0], "rotate": [-0.0, -0.0, -0.0]}, "7": {"translate": [0.0, 0.0, -0.0], "rotate": [-0.0, -0.0, -0.0]}, "8": {"translate": [-0.0, 0.0, -0.0], "rotate": [-0.0, -0.0, -0.0]}, "9": {"translate": [0.0, -0.0, -0.0], "rotate": [-0.0, -0.0, -0.0]}, "10": {"translate": [0.0, -0.0, -0.0], "rotate": [-0.0, -0.0, -0.0]}, "11": {"translate": [-0.0, -0.0, -0.0], "rotate": [-0.0, -0.0, -0.0]}, "12": {"translate": [0.0, 0.0, -0.0], "rotate": [-0.0, -0.0, -0.0]}, "13": {"translate": [0.0, -0.0, -0.0], "rotate": [0.0, -0.0, -0.0]}, "14": {"translate": [0.0, -0.0, -0.0], "rotate": [-0.0, -0.0, -0.0]}, "15": {"translate": [0.0, -0.0, -0.0], "rotate": [-0.0, -0.0, -0.0]}, "16": {"translate": [-0.0, -0.0, -0.0], "rotate": [-0.0, -0.0, -0.0]}, "17": {"translate": [-0.0, -0.0, -0.0], "rotate": [-0.0, -0.0, -0.0]}, "18": {"translate": [-0.0, -0.0, -0.0], "rotate": [-0.0, -0.0, -0.0]}, "19": {"translate": [-0.0, -0.0, -0.0], "rotate": [-0.0, -0.0, -0.0]}, "20": {"translate": [-0.0, -0.0, -0.0], "rotate": [-0.0, -0.0, -0.0]}, "21": {"translate": [-0.0, -0.0, -0.0], "rotate": [-0.0, -0.0, -0.0]}, "22": {"translate": [-0.0, -0.0, -0.0], "rotate": [-0.0, -0.0, -0.0]}, "23": {"translate": [-0.0, -0.0, -0.0], "rotate": [-0.0, -0.0, -0.0]}, "24": {"translate": [-0.0, -0.0, -0.0], "rotate": [-0.0, -0.0, -0.0]}, "25": {"translate": [-0.0, -0.0, -0.0], "rotate": [-0.0, -0.0, -0.0]}}}, {"name": "leftArm", "keyframes": {"0": {"translate": [12.418, 12.269, -10.657], "rotate": [-2.01765, -0.50159, -0.90757]}, "1": {"translate": [12.439, 12.337, -10.65], "rotate": [-2.00318, -0.49686, -0.9145]}, "2": {"translate": [12.487, 12.499, -10.634], "rotate": [-1.96896, -0.48551, -0.93088]}, "3": {"translate": [12.545, 12.692, -10.615], "rotate": [-1.92863, -0.47182, -0.95017]}, "4": {"translate": [12.593, 12.853, -10.599], "rotate": [-1.89526, -0.46024, -0.96613]}, "5": {"translate": [12.613, 12.921, -10.592], "rotate": [-1.88138, -0.45536, -0.97277]}, "6": {"translate": [12.6, 12.873, -10.597], "rotate": [-1.88908, -0.45866, -0.96906]}, "7": {"translate": [12.567, 12.75, -10.61], "rotate": [-1.90904, -0.46716, -0.95942]}, "8": {"translate": [12.522, 12.581, -10.628], "rotate": [-1.93662, -0.4787, -0.94606]}, "9": {"translate": [12.473, 12.397, -10.647], "rotate": [-1.96706, -0.49116, -0.93123]}, "10": {"translate": [12.428, 12.229, -10.664], "rotate": [-1.99538, -0.50246, -0.91732]}, "11": {"translate": [12.395, 12.105, -10.677], "rotate": [-2.01641, -0.51058, -0.9068]}, "12": {"translate": [12.383, 12.057, -10.682], "rotate": [-2.02485, -0.51352, -0.90223]}, "13": {"translate": [12.388, 12.09, -10.678], "rotate": [-2.02392, -0.51148, -0.90265]}, "14": {"translate": [12.4, 12.163, -10.669], "rotate": [-2.02142, -0.5074, -0.90454]}, "15": {"translate": [12.413, 12.236, -10.661], "rotate": [-2.01883, -0.5034, -0.9066]}, "16": {"translate": [12.418, 12.269, -10.657], "rotate": [-2.01765, -0.50159, -0.90757]}, "17": {"translate": [12.418, 12.269, -10.657], "rotate": [-2.01765, -0.50159, -0.90757]}, "18": {"translate": [12.418, 12.269, -10.657], "rotate": [-2.01765, -0.50159, -0.90757]}, "19": {"translate": [12.418, 12.269, -10.657], "rotate": [-2.01765, -0.50159, -0.90757]}, "20": {"translate": [12.418, 12.269, -10.657], "rotate": [-2.01765, -0.50159, -0.90757]}, "21": {"translate": [12.418, 12.269, -10.657],