{"format_version": "0.2", "frame_length": 20, "parts": [{"name": "rightHand", "keyframes": {"0": {"translate": [0.0, -0.0, 0.0], "rotate": [0.0, -0.0, -0.0]}, "1": {"translate": [0.0, -0.0, 0.0], "rotate": [0.0, -0.0, -0.0]}, "2": {"translate": [0.0, -0.0, -0.0], "rotate": [0.0, -0.0, -0.0]}, "3": {"translate": [-0.0, -0.0, -0.0], "rotate": [0.0, -0.0, -0.0]}, "4": {"translate": [0.0, -0.0, 0.0], "rotate": [0.0, -0.0, -0.0]}, "5": {"translate": [0.0, -0.0, 0.0], "rotate": [0.0, -0.0, -0.0]}, "6": {"translate": [0.0, 0.0, 0.0], "rotate": [0.0, -0.0, -0.0]}, "7": {"translate": [0.0, -0.0, 0.0], "rotate": [0.0, -0.0, -0.0]}, "8": {"translate": [0.0, -0.0, 0.0], "rotate": [0.0, -0.0, -0.0]}, "9": {"translate": [0.0, 0.0, -0.0], "rotate": [0.0, -0.0, -0.0]}, "10": {"translate": [-0.0, -0.0, 0.0], "rotate": [0.0, -0.0, -0.0]}, "11": {"translate": [0.0, 0.0, 0.0], "rotate": [0.0, -0.0, -0.0]}, "12": {"translate": [-0.0, -0.0, -0.0], "rotate": [0.0, -0.0, -0.0]}, "13": {"translate": [-0.0, -0.0, -0.0], "rotate": [0.0, -0.0, -0.0]}, "14": {"translate": [0.0, 0.0, -0.0], "rotate": [0.0, -0.0, -0.0]}, "15": {"translate": [0.0, -0.0, 0.0], "rotate": [0.0, -0.0, -0.0]}, "16": {"translate": [0.0, -0.0, 0.0], "rotate": [0.0, -0.0, -0.0]}, "17": {"translate": [0.0, -0.0, 0.0], "rotate": [0.0, -0.0, -0.0]}, "18": {"translate": [0.0, -0.0, 0.0], "rotate": [0.0, -0.0, -0.0]}, "19": {"translate": [0.0, -0.0, 0.0], "rotate": [0.0, -0.0, -0.0]}, "20": {"translate": [0.0, -0.0, 0.0], "rotate": [0.0, -0.0, -0.0]}}}, {"name": "rightArm", "keyframes": {"0": {"translate": [-12.915, 12.269, -10.657], "rotate": [-1.99832, 0.49254, 0.9095]}, "1": {"translate": [-12.845, 11.947, -11.08], "rotate": [-1.97639, 0.39542, 0.80211]}, "2": {"translate": [-12.399, 11.582, -14.975], "rotate": [-1.33532, -0.06508, 0.35689]}, "3": {"translate": [-12.258, 11.91, -14.949], "rotate": [-1.36817, -0.06508, 0.34278]}, "4": {"translate": [-12.541, 11.68, -14.193], "rotate": [-1.68219, 0.03648, 0.37781]}, "5": {"translate": [-12.904, 11.325, -13.13], "rotate": [-1.93531, 0.18654, 0.55068]}, "6": {"translate": [-13.012, 11.568, -12.002], "rotate": [-2.01055, 0.32537, 0.72377]}, "7": {"translate": [-13.028, 11.999, -11.075], "rotate": [-2.01055, 0.40426, 0.81628]}, "8": {"translate": [-12.985, 12.389, -10.704], "rotate": [-2.00337, 0.45026, 0.8716]}, "9": {"translate": [-12.927, 12.575, -10.611], "rotate": [-1.99646, 0.47242, 0.89877]}, "10": {"translate": [-12.914, 12.522, -10.613], "rotate": [-1.99492, 0.48177, 0.9067]}, "11": {"translate": [-12.911, 12.417, -10.629], "rotate": [-1.99659, 0.48701, 0.90808]}, "12": {"translate": [-12.913, 12.315, -10.648], "rotate": [-1.99759, 0.49019, 0.90891]}, "13": {"translate": [-12.915, 12.269, -10.657], "rotate": [-1.9981, 0.49184, 0.90933]}, "14": {"translate": [-12.915, 12.269, -10.657], "rotate": [-1.99829, 0.49245, 0.90948]}, "15": {"translate": [-12.915, 12.269, -10.657], "rotate": [-1.99832, 0.49254, 0.9095]}, "16": {"translate": [-12.915, 12.269, -10.657], "rotate": [-1.99832, 0.49254, 0.9095]}, "17": {"translate": [-12.915, 12.269, -10.657], "rotate": [-1.99832, 0.49254, 0.9095]}, "18": {"translate": [-12.915, 12.269, -10.657], "rotate": [-1.99832, 0.49254, 0.9095]}, "19": {"translate": [-12.915, 12.269, -10.657], "rotate": [-1.99832, 0.49254, 0.9095]}, "20": {"translate": [-12.915, 12.269, -10.657], "rotate": [-1.99832, 0.49254, 0.9095]}}}, {"name": "leftHand", "keyframes": {"0": {"translate": [-0.0, 0.0, -0.0], "rotate": [-0.0, -0.0, -0.0]}, "1": {"translate": [-0.0, 0.0, -0.0], "rotate": [-0.0, -0.0, -0.0]}, "2": {"translate": [-0.0, 0.0, -0.0], "rotate": [-0.0, -0.0, -0.0]}, "3": {"translate": [-0.0, 0.0, -0.0], "rotate": [-0.0, -0.0, -0.0]}, "4": {"translate": [-0.0, 0.0, -0.0], "rotate": [-0.0, -0.0, -0.0]}, "5": {"translate": [-0.0, 0.0, -0.0], "rotate": [-0.0, -0.0, -0.0]}, "6": {"translate": [-0.0, 0.0, -0.0], "rotate": [-0.0, -0.0, -0.0]}, "7": {"translate": [-0.0, 0.0, -0.0], "rotate": [-0.0, -0.0, -0.0]}, "8": {"translate": [-0.0, 0.0, -0.0], "rotate": [-0.0, -0.0, -0.0]}, "9": {"translate": [-0.0, 0.0, -0.0], "rotate": [-0.0, -0.0, -0.0]}, "10": {"translate": [-0.0, 0.0, -0.0], "rotate": [-0.0, -0.0, -0.0]}, "11": {"translate": [-0.0, 0.0, -0.0], "rotate": [-0.0, -0.0, -0.0]}, "12": {"translate": [-0.0, 0.0, -0.0], "rotate": [-0.0, -0.0, -0.0]}, "13": {"translate": [-0.0, 0.0, -0.0], "rotate": [-0.0, -0.0, -0.0]}, "14": {"translate": [-0.0, 0.0, -0.0], "rotate": [-0.0, -0.0, -0.0]}, "15": {"translate": [-0.0, 0.0, -0.0], "rotate": [-0.0, -0.0, -0.0]}, "16": {"translate": [-0.0, 0.0, -0.0], "rotate": [-0.0, -0.0, -0.0]}, "17": {"translate": [-0.0, 0.0, -0.0], "rotate": [-0.0, -0.0, -0.0]}, "18": {"translate": [-0.0, 0.0, -0.0], "rotate": [-0.0, -0.0, -0.0]}, "19": {"translate": [-0.0, 0.0, -0.0], "rotate": [-0.0, -0.0, -0.0]}, "20": {"translate": [-0.0, 0.0, -0.0], "rotate": [-0.0, -0.0, -0.0]}}}, {"name": "leftArm", "keyframes": {"0": {"translate": [12.418, 12.269, -10.657], "rotate": [-2.01765, -0.50159, -0.90757]}, "1": {"translate": [12.418, 12.269, -10.657], "rotate": [-2.01765, -0.50159, -0.90757]}, "2": {"translate": [12.418, 12.269, -10.657], "rotate": [-2.01765, -0.50159, -0.90757]}, "3": {"translate": [12.418, 12.269, -10.657], "rotate": [-2.01765, -0.50159, -0.90757]}, "4": {"translate": [12.418, 12.269, -10.657], "rotate": [-2.01765, -0.50159, -0.90757]}, "5": {"translate": [12.418, 12.269, -10.657], "rotate": [-2.01765, -0.50159, -0.90757]}, "6": {"translate": [12.418, 12.269, -10.657], "rotate": [-2.01765, -0.50159, -0.90757]}, "7": {"translate": [12.418, 12.269, -10.657], "rotate": [-2.01765, -0.50159, -0.90757]}, "8": {"translate": [12.418, 12.269, -10.657], "rotate": [-2.01765, -0.50159, -0.90757]}, "9": {"translate": [12.418, 12.269, -10.657], "rotate": [-2.01765, -0.50159, -0.90757]}, "10": {"translate": [12.418, 12.269, -10.657], "rotate": [-2.01765, -0.50159, -0.90757]}, "11": {"translate": [12.418, 12.269, -10.657], "rotate": [-2.01765, -0.50159, -0.90757]}, "12": {"translate": [12.418, 12.269, -10.657], "rotate": [-2.01765, -0.50159, -0.90757]}, "13": {"translate": [12.418, 12.269, -10.657], "rotate": [-2.01765, -0.50159, -0.90757]}, "14": {"translate": [12.418, 12.269, -10.657], "rotate": [-2.01765, -0.50159, -0.90757]}, "15": {"translate": [12.418, 12.269, -10.657], "rotate": [-2.01765, -0.50159, -0.90757]}, "16": {"translate": [12.418, 12.269, -10.657], "rotate": [-2.01765, -0.50159, -0.90757]}, "17": {"translate": [12.418, 12.269, -10.657], "rotate": [-2.01765, -0.50159, -0.90757]}, "18": {"translate": [12.418, 12.269, -10.657], "rotate": [-2.01765, -0.50159, -0.90757]}, "19": {"translate": [12.418, 12.269, -10.657], "rotate": [-2.01765, -0.50159, -0.90757]}, "20": {"translate": [12.418, 12.269, -10.657], "rotate": [-2.01765, -0.50159, -0.90757]}}}, {"name": "camera", "keyframes": {"0": {"translate": [0.0, 0.0, -0.0], "rotate": [0.0, -0.0, -0.0]}, "1": {"translate": [0.0, 0.0, -0.0], "rotate": [0.0, -0.0, -0.0]}, "2": {"translate": [0.0, 0.0, -0.0], "rotate": [0.0, -0.0, -0.0]}, "3": {"translate": [0.0, 0.0, -0.0], "rotate": [0.0, -0.0, -0.0]}, "4": {"translate": [0.0, 0.0, -0.0], "rotate": [0.0, -0.0, -0.0]}, "5": {"translate": [0.0, 0.0, -0.0], "rotate": [0.0, -0.0, -0.0]}, "6": {"translate": [0.0, 0.0, -0.0], "rotate": [0.0, -0.0, -0.0]}, "7": {"translate": [0.0, 0.0, -0.0], "rotate": [0.0, -0.0, -0.0]}, "8": {"translate": [0.0, 0.0, -0.0], "rotate": [0.0, -0.0, -0.0]}, "9": {"translate": [0.0, 0.0, -0.0], "rotate": [0.0, -0.0, -0.0]}, "10": {"translate": [0.0, 0.0, -0.0], "rotate": [0.0, -0.0, -0.0]}, "11": {"translate": [0.0, 0.0, -0.0], "rotate": [0.0, -0.0, -0.0]}, "12": {"translate": [0.0, 0.0, -0.0], "rotate": [0.0, -0.0, -0.0]}, "13": {"translate": [0.0, 0.0, -0.0], "rotate": [0.0, -0.0, -0.0]}, "14": {"translate": [0.0, 0.0, -0.0], "rotate": [0.0, -0.0, -0.0]}, "15": {"translate": [0.0, 0.0, -0.0], "rotate": [0.0, -0.0, -0.0]}, "16": {"translate": [0.0, 0.0, -0.0], "rotate": [0.0, -0.0, -0.0]},