{"format_version": "0.2", "frame_length": 20, "parts": [{"name": "rightHand", "keyframes": {"0": {"translate": [0.0, -0.0, 0.0], "rotate": [0.0, -0.0, -0.0]}, "1": {"translate": [0.0, -0.0, -0.0], "rotate": [0.0, -0.0, -0.0]}, "2": {"translate": [0.0, 0.0, 0.0], "rotate": [0.0, -0.0, -0.0]}, "3": {"translate": [0.0, -0.0, 0.0], "rotate": [0.0, -0.0, -0.0]}, "4": {"translate": [0.0, -0.0, 0.0], "rotate": [0.0, -0.0, -0.0]}, "5": {"translate": [0.0, -0.0, -0.0], "rotate": [0.0, -0.0, -0.0]}, "6": {"translate": [0.0, -0.0, -0.0], "rotate": [0.0, -0.0, -0.0]}, "7": {"translate": [0.0, -0.0, 0.0], "rotate": [0.0, -0.0, -0.0]}, "8": {"translate": [0.0, 0.0, -0.0], "rotate": [0.0, -0.0, -0.0]}, "9": {"translate": [-0.0, -0.0, -0.0], "rotate": [0.0, -0.0, -0.0]}, "10": {"translate": [0.0, 0.0, -0.0], "rotate": [0.0, -0.0, -0.0]}, "11": {"translate": [0.0, -0.0, 0.0], "rotate": [0.0, -0.0, -0.0]}, "12": {"translate": [0.0, 0.0, -0.0], "rotate": [0.0, -0.0, -0.0]}, "13": {"translate": [-0.0, 0.0, -0.0], "rotate": [0.0, -0.0, -0.0]}, "14": {"translate": [0.0, 0.0, -0.0], "rotate": [0.0, -0.0, -0.0]}, "15": {"translate": [0.0, 0.0, -0.0], "rotate": [0.0, -0.0, -0.0]}, "16": {"translate": [0.0, 0.0, -0.0], "rotate": [0.0, -0.0, -0.0]}, "17": {"translate": [0.0, 0.0, -0.0], "rotate": [0.0, -0.0, -0.0]}, "18": {"translate": [0.0, 0.0, -0.0], "rotate": [0.0, -0.0, -0.0]}, "19": {"translate": [0.0, 0.0, -0.0], "rotate": [0.0, -0.0, -0.0]}, "20": {"translate": [0.0, 0.0, -0.0], "rotate": [0.0, -0.0, -0.0]}}}, {"name": "rightArm", "keyframes": {"0": {"translate": [-12.915, 12.269, -10.657], "rotate": [-1.99832, 0.49254, 0.9095]}, "1": {"translate": [-12.89, 12.552, -10.143], "rotate": [-1.9736, 0.45079, 0.91913]}, "2": {"translate": [-12.819, 12.78, -9.186], "rotate": [-1.91697, 0.35569, 0.94722]}, "3": {"translate": [-12.735, 12.355, -7.992], "rotate": [-1.86767, 0.25789, 0.97535]}, "4": {"translate": [-12.664, 11.684, -7.006], "rotate": [-1.84963, 0.21352, 0.9851]}, "5": {"translate": [-12.637, 11.19, -6.624], "rotate": [-1.85629, 0.23231, 0.99494]}, "6": {"translate": [-12.642, 10.997, -6.48], "rotate": [-1.8639, 0.25676, 1.01848]}, "7": {"translate": [-12.543, 11.026, -7.245], "rotate": [-1.8606, 0.25975, 1.06123]}, "8": {"translate": [-12.304, 11.165, -11.063], "rotate": [-1.84934, 0.25432, 1.12624]}, "9": {"translate": [-12.207, 11.266, -13.738], "rotate": [-1.8431, 0.23998, 1.17034]}, "10": {"translate": [-12.275, 11.391, -13.438], "rotate": [-1.84142, 0.2244, 1.17333]}, "11": {"translate": [-12.78, 12.035, -10.394], "rotate": [-1.83449, 0.18554, 1.14301]}, "12": {"translate": [-12.742, 11.483, -7.857], "rotate": [-1.84914, 0.21961, 1.07027]}, "13": {"translate": [-12.642, 10.997, -6.48], "rotate": [-1.8639, 0.25676, 1.01848]}, "14": {"translate": [-12.642, 10.997, -6.48], "rotate": [-1.8639, 0.25676, 1.01848]}, "15": {"translate": [-12.642, 10.997, -6.48], "rotate": [-1.8639, 0.25676, 1.01848]}, "16": {"translate": [-12.642, 10.997, -6.48], "rotate": [-1.8639, 0.25676, 1.01848]}, "17": {"translate": [-12.642, 10.997, -6.48], "rotate": [-1.8639, 0.25676, 1.01848]}, "18": {"translate": [-12.642, 10.997, -6.48], "rotate": [-1.8639, 0.25676, 1.01848]}, "19": {"translate": [-12.642, 10.997, -6.48], "rotate": [-1.8639, 0.25676, 1.01848]}, "20": {"translate": [-12.642, 10.997, -6.48], "rotate": [-1.8639, 0.25676, 1.01848]}}}, {"name": "leftHand", "keyframes": {"0": {"translate": [-0.0, 0.0, -0.0], "rotate": [-0.0, -0.0, -0.0]}, "1": {"translate": [-0.0, -0.0, -0.0], "rotate": [-0.0, -0.0, -0.0]}, "2": {"translate": [-0.0, 0.0, 0.0], "rotate": [-0.0, -0.0, -0.0]}, "3": {"translate": [-0.0, -0.0, -0.0], "rotate": [-0.0, -0.0, -0.0]}, "4": {"translate": [-0.0, -0.0, -0.0], "rotate": [-0.0, -0.0, -0.0]}, "5": {"translate": [-0.0, 0.0, -0.0], "rotate": [-0.0, -0.0, -0.0]}, "6": {"translate": [-0.0, 0.0, -0.0], "rotate": [-0.0, -0.0, -0.0]}, "7": {"translate": [0.0, 0.0, -0.0], "rotate": [-0.0, -0.0, -0.0]}, "8": {"translate": [0.0, 0.0, -0.0], "rotate": [-0.0, -0.0, -0.0]}, "9": {"translate": [0.0, 0.0, -0.0], "rotate": [-0.0, -0.0, -0.0]}, "10": {"translate": [0.0, -0.0, -0.0], "rotate": [0.0, -0.0, -0.0]}, "11": {"translate": [0.0, 0.0, -0.0], "rotate": [-0.0, -0.0, -0.0]}, "12": {"translate": [0.0, 0.0, -0.0], "rotate": [-0.0, -0.0, -0.0]}, "13": {"translate": [0.0, -0.0, -0.0], "rotate": [-0.0, -0.0, -0.0]}, "14": {"translate": [0.0, -0.0, -0.0], "rotate": [-0.0, -0.0, -0.0]}, "15": {"translate": [0.0, -0.0, -0.0], "rotate": [-0.0, -0.0, -0.0]}, "16": {"translate": [0.0, -0.0, -0.0], "rotate": [-0.0, -0.0, -0.0]}, "17": {"translate": [0.0, -0.0, -0.0], "rotate": [-0.0, -0.0, -0.0]}, "18": {"translate": [0.0, -0.0, -0.0], "rotate": [-0.0, -0.0, -0.0]}, "19": {"translate": [0.0, -0.0, -0.0], "rotate": [-0.0, -0.0, -0.0]}, "20": {"translate": [0.0, -0.0, -0.0], "rotate": [-0.0, -0.0, -0.0]}}}, {"name": "leftArm", "keyframes": {"0": {"translate": [12.418, 12.269, -10.657], "rotate": [-2.01765, -0.50159, -0.90757]}, "1": {"translate": [12.418, 12.269, -10.657], "rotate": [-2.01765, -0.50159, -0.90757]}, "2": {"translate": [12.418, 12.269, -10.657], "rotate": [-2.01765, -0.50159, -0.90757]}, "3": {"translate": [12.418, 12.269, -10.657], "rotate": [-2.01765, -0.50159, -0.90757]}, "4": {"translate": [12.418, 12.269, -10.657], "rotate": [-2.01765, -0.50159, -0.90757]}, "5": {"translate": [12.418, 12.269, -10.657], "rotate": [-2.01765, -0.50159, -0.90757]}, "6": {"translate": [12.418, 12.269, -10.657], "rotate": [-2.01765, -0.50159, -0.90757]}, "7": {"translate": [12.418, 12.269, -10.657], "rotate": [-2.01765, -0.50159, -0.90757]}, "8": {"translate": [12.418, 12.269, -10.657], "rotate": [-2.01765, -0.50159, -0.90757]}, "9": {"translate": [12.418, 12.269, -10.657], "rotate": [-2.01765, -0.50159, -0.90757]}, "10": {"translate": [12.418, 12.269, -10.657], "rotate": [-2.01765, -0.50159, -0.90757]}, "11": {"translate": [12.418, 12.269, -10.657], "rotate": [-2.01765, -0.50159, -0.90757]}, "12": {"translate": [12.418, 12.269, -10.657], "rotate": [-2.01765, -0.50159, -0.90757]}, "13": {"translate": [12.418, 12.269, -10.657], "rotate": [-2.01765, -0.50159, -0.90757]}, "14": {"translate": [12.418, 12.269, -10.657], "rotate": [-2.01765, -0.50159, -0.90757]}, "15": {"translate": [12.418, 12.269, -10.657], "rotate": [-2.01765, -0.50159, -0.90757]}, "16": {"translate": [12.418, 12.269, -10.657], "rotate": [-2.01765, -0.50159, -0.90757]}, "17": {"translate": [12.418, 12.269, -10.657], "rotate": [-2.01765, -0.50159, -0.90757]}, "18": {"translate": [12.418, 12.269, -10.657], "rotate": [-2.01765, -0.50159, -0.90757]}, "19": {"translate": [12.418, 12.269, -10.657], "rotate": [-2.01765, -0.50159, -0.90757]}, "20": {"translate": [12.418, 12.269, -10.657], "rotate": [-2.01765, -0.50159, -0.90757]}}}, {"name": "camera", "keyframes": {"0": {"translate": [0.0, 0.0, -0.0], "rotate": [0.0, -0.0, -0.0]}, "1": {"translate": [-0.0, 0.158, 0.081], "rotate": [0.00516, -0.0, 0.00023]}, "2": {"translate": [-0.0, 0.315, 0.249], "rotate": [0.01321, -1e-05, 0.00099]}, "3": {"translate": [-0.0, 0.266, 0.388], "rotate": [0.01298, -3e-05, 0.0024]}, "4": {"translate": [-0.0, 0.158, 0.465], "rotate": [0.00681, -3e-05, 0.00459]}, "5": {"translate": [-0.0, 0.049, 0.496], "rotate": [0.00315, -2e-05, 0.00754]}, "6": {"translate": [-0.0, 0.0, 0.498], "rotate": [0.0, -0.0, 0.0118]}, "7": {"translate": [-0.0, 0.0, 0.38], "rotate": [-0.00333, 6e-05, 0.01834]}, "8": {"translate": [-0.0, 0.0, 0.009], "rotate": [-0.00488, 0.00014, 0.02899]}, "9": {"translate": [-0.0, 0.071, -0.194], "rotate": [0.00194, -9e-05, 0.0446]}, "10": {"translate": [-0.0, 0.141, -0.086], "rotate": [0.00877, -0.00038, 0.04283]}, "11": {"translate": [-0.0, 0.105, 0.152], "rotate": [0.0065, -0.00017, 0.02564]}, "12": {"translate": [-0.0, 0.037, 0.39], "rotate": [0.00227, -4e-05, 0.01846]}, "13": {"translate": [-0.0, 0.0, 0.498], "rotate": [0.0, -0.0, 0.01964]}, "14": {"translate": [-0.0, 0.0, 0.498], "rotate": [0.0, -0.0, 0.01964]},