{"format_version": "0.2", "frame_length": 19, "parts": [{"name": "rightHand", "keyframes": {"0": {"translate": [-0.0, 0.0, 0.0], "rotate": [0.0, -0.0, -0.0]}, "1": {"translate": [0.0, -0.0, 0.0], "rotate": [0.0, -0.0, -0.0]}, "2": {"translate": [0.0, -0.0, 0.0], "rotate": [0.0, -0.0, -0.0]}, "3": {"translate": [0.0, -0.0, -0.0], "rotate": [0.0, -0.0, -0.0]}, "4": {"translate": [0.0, -0.0, -0.0], "rotate": [0.0, -0.0, -0.0]}, "5": {"translate": [0.0, 0.0, 0.0], "rotate": [0.0, -0.0, -0.0]}, "6": {"translate": [-0.0, -0.0, -0.0], "rotate": [0.0, -0.0, -0.0]}, "7": {"translate": [-0.0, 0.0, -0.0], "rotate": [0.0, -0.0, -0.0]}, "8": {"translate": [-0.0, 0.0, -0.0], "rotate": [0.0, -0.0, -0.0]}, "9": {"translate": [-0.0, 0.0, -0.0], "rotate": [0.0, -0.0, -0.0]}, "10": {"translate": [-0.0, -0.0, 0.0], "rotate": [0.0, -0.0, -0.0]}, "11": {"translate": [-0.0, -0.0, -0.0], "rotate": [0.0, -0.0, -0.0]}, "12": {"translate": [-0.0, 0.0, -0.0], "rotate": [0.0, -0.0, -0.0]}, "13": {"translate": [0.0, -0.0, 0.0], "rotate": [0.0, -0.0, -0.0]}, "14": {"translate": [0.0, -0.0, -0.0], "rotate": [0.0, -0.0, -0.0]}, "15": {"translate": [0.0, 0.0, -0.0], "rotate": [0.0, -0.0, -0.0]}, "16": {"translate": [-0.0, 0.0, -0.0], "rotate": [0.0, -0.0, -0.0]}, "17": {"translate": [-0.0, 0.0, 0.0], "rotate": [0.0, -0.0, -0.0]}, "18": {"translate": [-0.0, -0.0, -0.0], "rotate": [0.0, -0.0, -0.0]}, "19": {"translate": [0.0, -0.0, -0.0], "rotate": [0.0, -0.0, -0.0]}}}, {"name": "rightArm", "keyframes": {"0": {"translate": [-13.215, 12.253, -10.632], "rotate": [-2.01879, 0.51489, 0.90105]}, "1": {"translate": [-13.2, 12.56, -10.633], "rotate": [-2.00853, 0.50372, 0.9053]}, "2": {"translate": [-13.156, 12.867, -10.636], "rotate": [-1.99832, 0.49254, 0.9095]}, "3": {"translate": [-13.086, 12.811, -10.641], "rotate": [-1.97927, 0.47086, 0.91676]}, "4": {"translate": [-13.001, 12.671, -10.647], "rotate": [-1.96035, 0.44915, 0.92385]}, "5": {"translate": [-12.908, 12.489, -10.653], "rotate": [-1.96463, 0.45403, 0.92221]}, "6": {"translate": [-12.815, 12.307, -10.659], "rotate": [-1.97537, 0.46621, 0.91809]}, "7": {"translate": [-12.73, 12.167, -10.665], "rotate": [-1.98939, 0.48204, 0.91265]}, "8": {"translate": [-12.661, 12.11, -10.669], "rotate": [-2.0035, 0.49786, 0.90712]}, "9": {"translate": [-12.614, 12.182, -10.672], "rotate": [-2.01441, 0.51002, 0.9028]}, "10": {"translate": [-12.598, 12.253, -10.673], "rotate": [-2.01879, 0.51489, 0.90105]}, "11": {"translate": [-12.618, 12.56, -10.672], "rotate": [-2.00853, 0.50372, 0.9053]}, "12": {"translate": [-12.667, 12.867, -10.669], "rotate": [-1.99832, 0.49254, 0.9095]}, "13": {"translate": [-12.736, 12.811, -10.664], "rotate": [-1.97927, 0.47086, 0.91676]}, "14": {"translate": [-12.819, 12.671, -10.659], "rotate": [-1.96035, 0.44915, 0.92385]}, "15": {"translate": [-12.908, 12.489, -10.653], "rotate": [-1.96463, 0.45403, 0.92221]}, "16": {"translate": [-12.998, 12.307, -10.647], "rotate": [-1.97537, 0.46621, 0.91809]}, "17": {"translate": [-13.081, 12.167, -10.641], "rotate": [-1.98939, 0.48204, 0.91265]}, "18": {"translate": [-13.15, 12.11, -10.637], "rotate": [-2.0035, 0.49786, 0.90712]}, "19": {"translate": [-13.197, 12.182, -10.634], "rotate": [-2.01441, 0.51002, 0.9028]}}}, {"name": "leftHand", "keyframes": {"0": {"translate": [-0.0, 0.0, -0.0], "rotate": [-0.0, -0.0, -0.0]}, "1": {"translate": [0.0, 0.0, -0.0], "rotate": [-0.0, -0.0, -0.0]}, "2": {"translate": [-0.0, 0.0, -0.0], "rotate": [-0.0, -0.0, -0.0]}, "3": {"translate": [-0.0, 0.0, 0.0], "rotate": [-0.0, -0.0, -0.0]}, "4": {"translate": [0.0, 0.0, -0.0], "rotate": [-0.0, -0.0, -0.0]}, "5": {"translate": [0.0, 0.0, -0.0], "rotate": [-0.0, -0.0, -0.0]}, "6": {"translate": [-0.0, 0.0, -0.0], "rotate": [-0.0, -0.0, -0.0]}, "7": {"translate": [-0.0, 0.0, -0.0], "rotate": [-0.0, -0.0, -0.0]}, "8": {"translate": [-0.0, 0.0, -0.0], "rotate": [-0.0, -0.0, -0.0]}, "9": {"translate": [-0.0, 0.0, -0.0], "rotate": [-0.0, -0.0, -0.0]}, "10": {"translate": [0.0, 0.0, -0.0], "rotate": [-0.0, -0.0, -0.0]}, "11": {"translate": [0.0, 0.0, -0.0], "rotate": [-0.0, -0.0, -0.0]}, "12": {"translate": [0.0, 0.0, -0.0], "rotate": [-0.0, -0.0, -0.0]}, "13": {"translate": [-0.0, -0.0, 0.0], "rotate": [0.0, -0.0, -0.0]}, "14": {"translate": [0.0, 0.0, -0.0], "rotate": [-0.0, -0.0, -0.0]}, "15": {"translate": [-0.0, -0.0, -0.0], "rotate": [-0.0, -0.0, -0.0]}, "16": {"translate": [-0.0, -0.0, 0.0], "rotate": [-0.0, -0.0, -0.0]}, "17": {"translate": [0.0, 0.0, -0.0], "rotate": [-0.0, -0.0, -0.0]}, "18": {"translate": [0.0, 0.0, -0.0], "rotate": [-0.0, -0.0, -0.0]}, "19": {"translate": [0.0, -0.0, -0.0], "rotate": [-0.0, -0.0, -0.0]}}}, {"name": "leftArm", "keyframes": {"0": {"translate": [12.418, 12.269, -10.657], "rotate": [-2.01765, -0.50159, -0.90757]}, "1": {"translate": [12.418, 12.269, -10.657], "rotate": [-2.01765, -0.50159, -0.90757]}, "2": {"translate": [12.418, 12.269, -10.657], "rotate": [-2.01765, -0.50159, -0.90757]}, "3": {"translate": [12.418, 12.269, -10.657], "rotate": [-2.01765, -0.50159, -0.90757]}, "4": {"translate": [12.418, 12.269, -10.657], "rotate": [-2.01765, -0.50159, -0.90757]}, "5": {"translate": [12.418, 12.269, -10.657], "rotate": [-2.01765, -0.50159, -0.90757]}, "6": {"translate": [12.418, 12.269, -10.657], "rotate": [-2.01765, -0.50159, -0.90757]}, "7": {"translate": [12.418, 12.269, -10.657], "rotate": [-2.01765, -0.50159, -0.90757]}, "8": {"translate": [12.418, 12.269, -10.657], "rotate": [-2.01765, -0.50159, -0.90757]}, "9": {"translate": [12.418, 12.269, -10.657], "rotate": [-2.01765, -0.50159, -0.90757]}, "10": {"translate": [12.418, 12.269, -10.657], "rotate": [-2.01765, -0.50159, -0.90757]}, "11": {"translate": [12.418, 12.269, -10.657], "rotate": [-2.01765, -0.50159, -0.90757]}, "12": {"translate": [12.418, 12.269, -10.657], "rotate": [-2.01765, -0.50159, -0.90757]}, "13": {"translate": [12.418, 12.269, -10.657], "rotate": [-2.01765, -0.50159, -0.90757]}, "14": {"translate": [12.418, 12.269, -10.657], "rotate": [-2.01765, -0.50159, -0.90757]}, "15": {"translate": [12.418, 12.269, -10.657], "rotate": [-2.01765, -0.50159, -0.90757]}, "16": {"translate": [12.418, 12.269, -10.657], "rotate": [-2.01765, -0.50159, -0.90757]}, "17": {"translate": [12.418, 12.269, -10.657], "rotate": [-2.01765, -0.50159, -0.90757]}, "18": {"translate": [12.418, 12.269, -10.657], "rotate": [-2.01765, -0.50159, -0.90757]}, "19": {"translate": [12.418, 12.269, -10.657], "rotate": [-2.01765, -0.50159, -0.90757]}}}, {"name": "camera", "keyframes": {"0": {"translate": [1.434, 1.33, -0.0], "rotate": [0.0, -0.0, 0.01163]}, "1": {"translate": [1.519, 1.098, -0.0], "rotate": [0.0, -0.0, 0.01235]}, "2": {"translate": [1.434, 0.546, -0.0], "rotate": [0.0, -0.0, 0.0115]}, "3": {"translate": [1.203, -0.113, -0.0], "rotate": [0.0, -0.0, 0.00932]}, "4": {"translate": [0.863, -0.666, -0.0], "rotate": [0.0, -0.0, 0.00639]}, "5": {"translate": [0.45, -0.897, -0.0], "rotate": [0.0, -0.0, 0.00326]}, "6": {"translate": [0.0, -0.666, -0.0], "rotate": [0.0, -0.0, 0.00052]}, "7": {"translate": [-0.45, -0.114, -0.0], "rotate": [0.0, -0.0, -0.00223]}, "8": {"translate": [-0.863, 0.546, -0.0], "rotate": [0.0, -0.0, -0.00535]}, "9": {"translate": [-1.203, 1.098, -0.0], "rotate": [0.0, -0.0, -0.00829]}, "10": {"translate": [-1.434, 1.329, -0.0], "rotate": [0.0, -0.0, -0.01047]}, "11": {"translate": [-1.519, 1.098, -0.0], "rotate": [0.0, -0.0, -0.01132]}, "12": {"translate": [-1.434, 0.546, -0.0], "rotate": [0.0, -0.0, -0.0106]}, "13": {"translate": [-1.203, -0.114, -0.0], "rotate": [0.0, -0.0, -0.00868]}, "14": {"translate": [-0.863, -0.666, -0.0], "rotate": [0.0, -0.0, -0.00594]}, "15": {"translate": [-0.45, -0.897, -0.0], "rotate": [0.0, -0.0, -0.00275]}, "16": {"translate": [0.0, -0.666, -0.0], "rotate": [0.0, -0.0, 0.00052]}, "17": {"translate": [0.45, -0.113, -0.0], "rotate": [0.0, -0.0, 0.00378]}, "18": {"translate": [0.863, 0.546, -0.0], "rotate": [0.0, -0.0, 0.00697]}, "19": {"translate": [1.203, 1.098, -0.0],