{"format_version": "0.2", "frame_length": 10, "parts": [{"name": "root", "keyframes": {"0": {"translate": [0.0, -0.0, -0.0], "rotate": [0.0, 0.0, -0.0]}, "1": {"translate": [0.0, -0.0, -0.0], "rotate": [0.0, 0.0, -0.0]}, "2": {"translate": [0.0, -0.0, -0.0], "rotate": [0.0, 0.0, -0.0]}, "3": {"translate": [0.0, -0.0, -0.0], "rotate": [0.0, 0.0, -0.0]}, "4": {"translate": [0.0, -0.0, -0.0], "rotate": [0.0, 0.0, -0.0]}, "5": {"translate": [0.0, -0.0, -0.0], "rotate": [0.0, 0.0, -0.0]}, "6": {"translate": [0.0, -0.0, -0.0], "rotate": [0.0, 0.0, -0.0]}, "7": {"translate": [0.0, -0.0, -0.0], "rotate": [0.0, 0.0, -0.0]}, "8": {"translate": [0.0, -0.0, -0.0], "rotate": [0.0, 0.0, -0.0]}, "9": {"translate": [0.0, -0.0, -0.0], "rotate": [0.0, 0.0, -0.0]}, "10": {"translate": [0.0, -0.0, -0.0], "rotate": [0.0, 0.0, -0.0]}}}, {"name": "leftLeg", "keyframes": {"0": {"translate": [0.0, -0.0, -0.0], "rotate": [0.0, 0.0, -0.0]}, "1": {"translate": [-0.001, 0.0, 0.019], "rotate": [-0.00154, -0.0, -9e-05]}, "2": {"translate": [-0.004, 0.0, 0.066], "rotate": [-0.00553, 0.0, -0.00033]}, "3": {"translate": [-0.008, 0.001, 0.132], "rotate": [-0.01097, 0.0, -0.00066]}, "4": {"translate": [-0.013, 0.002, 0.203], "rotate": [-0.0169, 0.0, -0.00105]}, "5": {"translate": [-0.017, 0.003, 0.268], "rotate": [-0.02235, 0.0, -0.00141]}, "6": {"translate": [-0.02, 0.004, 0.316], "rotate": [-0.02633, 0.0, -0.00169]}, "7": {"translate": [-0.022, 0.005, 0.334], "rotate": [-0.02787, 0.0, -0.00179]}, "8": {"translate": [-0.021, 0.004, 0.325], "rotate": [-0.02712, 0.0, -0.00174]}, "9": {"translate": [-0.02, 0.004, 0.309], "rotate": [-0.02573, 0.0, -0.00164]}, "10": {"translate": [-0.019, 0.004, 0.3], "rotate": [-0.02498, 0.0, -0.00159]}}}, {"name": "rightLeg", "keyframes": {"0": {"translate": [0.0, -0.0, -0.0], "rotate": [0.0, 0.0, -0.0]}, "1": {"translate": [-0.001, 0.0, -0.001], "rotate": [6e-05, -0.0, -9e-05]}, "2": {"translate": [-0.003, 0.0, -0.002], "rotate": [0.0002, 0.0, -0.00028]}, "3": {"translate": [-0.006, 0.0, -0.005], "rotate": [0.00039, -0.0, -0.00047]}, "4": {"translate": [-0.007, 0.0, -0.007], "rotate": [0.0006, 0.0, -0.00059]}, "5": {"translate": [-0.007, 0.0, -0.009], "rotate": [0.00078, 0.0, -0.00061]}, "6": {"translate": [-0.007, 0.0, -0.011], "rotate": [0.00091, 0.0, -0.00057]}, "7": {"translate": [-0.007, 0.0, -0.012], "rotate": [0.00096, 0.0, -0.00054]}, "8": {"translate": [-0.007, 0.0, -0.011], "rotate": [0.00093, -0.0, -0.00056]}, "9": {"translate": [-0.007, 0.0, -0.011], "rotate": [0.00089, 0.0, -0.00058]}, "10": {"translate": [-0.007, 0.0, -0.01], "rotate": [0.00087, 0.0, -0.00059]}}}, {"name": "rightHand", "keyframes": {"0": {"translate": [0.0, -0.0, -0.0], "rotate": [0.0, 0.0, -0.0]}, "1": {"translate": [0.0, 0.0, -0.0], "rotate": [0.0, 0.0, -0.0]}, "2": {"translate": [0.0, 0.0, 0.0], "rotate": [0.0, 0.0, -0.0]}, "3": {"translate": [-0.0, -0.0, -0.0], "rotate": [0.0, 0.0, -0.0]}, "4": {"translate": [0.0, 0.0, -0.0], "rotate": [0.0, 0.0, -0.0]}, "5": {"translate": [0.0, 0.0, -0.0], "rotate": [0.0, 0.0, -0.0]}, "6": {"translate": [0.0, 0.0, -0.0], "rotate": [0.0, 0.0, -0.0]}, "7": {"translate": [-0.0, -0.0, 0.0], "rotate": [0.0, 0.0, -0.0]}, "8": {"translate": [-0.0, -0.0, 0.0], "rotate": [0.0, 0.0, -0.0]}, "9": {"translate": [0.0, 0.0, 0.0], "rotate": [0.0, 0.0, -0.0]}, "10": {"translate": [-0.0, -0.0, 0.0], "rotate": [0.0, 0.0, -0.0]}}}, {"name": "rightArm", "keyframes": {"0": {"translate": [0.0, -0.0, -0.0], "rotate": [0.0, 0.0, -0.0]}, "1": {"translate": [-0.001, 0.0, -0.006], "rotate": [0.0, 0.0, -0.0]}, "2": {"translate": [-0.003, 0.001, -0.023], "rotate": [0.0, 0.0, -0.0]}, "3": {"translate": [-0.006, 0.001, -0.046], "rotate": [0.0, 0.0, -0.0]}, "4": {"translate": [-0.008, 0.002, -0.071], "rotate": [0.0, 0.0, -0.0]}, "5": {"translate": [-0.009, 0.003, -0.093], "rotate": [0.0, 0.0, -0.0]}, "6": {"translate": [-0.009, 0.004, -0.11], "rotate": [0.0, 0.0, -0.0]}, "7": {"translate": [-0.009, 0.004, -0.116], "rotate": [0.0, 0.0, -0.0]}, "8": {"translate": [-0.009, 0.004, -0.113], "rotate": [0.0, 0.0, -0.0]}, "9": {"translate": [-0.009, 0.004, -0.107], "rotate": [0.0, 0.0, -0.0]}, "10": {"translate": [-0.009, 0.004, -0.104], "rotate": [0.0, 0.0, -0.0]}}}, {"name": "leftHand", "keyframes": {"0": {"translate": [0.0, -0.0, -0.0], "rotate": [0.0, 0.0, -0.0]}, "1": {"translate": [-0.0, -0.0, 0.0], "rotate": [0.0, -0.0, 0.0]}, "2": {"translate": [-0.0, -0.0, 0.0], "rotate": [0.0, 0.0, -0.0]}, "3": {"translate": [0.0, 0.0, 0.0], "rotate": [0.0, -0.0, -0.0]}, "4": {"translate": [-0.0, 0.0, 0.0], "rotate": [0.0, -0.0, -0.0]}, "5": {"translate": [-0.0, -0.0, 0.0], "rotate": [-0.0, 0.0, -0.0]}, "6": {"translate": [-0.0, -0.0, 0.0], "rotate": [-0.0, 0.0, 0.0]}, "7": {"translate": [-0.0, 0.0, 0.0], "rotate": [0.0, 0.0, 0.0]}, "8": {"translate": [0.0, -0.0, -0.0], "rotate": [-0.0, -0.0, -0.0]}, "9": {"translate": [-0.0, -0.0, 0.0], "rotate": [0.0, -0.0, 0.0]}, "10": {"translate": [-0.0, -0.0, -0.0], "rotate": [0.0, -0.0, -0.0]}}}, {"name": "leftArm", "keyframes": {"0": {"translate": [0.0, -0.0, -0.0], "rotate": [0.0, 0.0, -0.0]}, "1": {"translate": [-0.001, -0.017, 0.043], "rotate": [0.00124, -0.00808, -0.00601]}, "2": {"translate": [-0.005, -0.057, 0.16], "rotate": [0.00511, -0.03068, -0.02148]}, "3": {"translate": [-0.013, -0.107, 0.335], "rotate": [0.01191, -0.06539, -0.04254]}, "4": {"translate": [-0.032, -0.152, 0.569], "rotate": [0.02748, -0.12046, -0.07752]}, "5": {"translate": [-0.065, -0.178, 0.839], "rotate": [0.05181, -0.18971, -0.12538]}, "6": {"translate": [-0.104, -0.115, 1.086], "rotate": [0.07489, -0.24888, -0.16802]}, "7": {"translate": [-0.135, 0.013, 1.253], "rotate": [0.08521, -0.27392, -0.18653]}, "8": {"translate": [-0.149, 0.083, 1.318], "rotate": [0.08126, -0.26674, -0.18156]}, "9": {"translate": [-0.155, 0.048, 1.336], "rotate": [0.07398, -0.25339, -0.17236]}, "10": {"translate": [-0.158, 0.013, 1.344], "rotate": [0.0701, -0.2462, -0.16742]}}}, {"name": "head", "keyframes": {"0": {"translate": [0.0, -0.0, -0.0], "rotate": [0.0, 0.0, -0.0]}, "1": {"translate": [-0.001, 0.0, 0.019], "rotate": [0.0, 0.0, -0.0]}, "2": {"translate": [-0.004, 0.001, 0.069], "rotate": [0.0, 0.0, -0.0]}, "3": {"translate": [-0.009, 0.002, 0.137], "rotate": [0.0, 0.0, -0.0]}, "4": {"translate": [-0.016, 0.002, 0.211], "rotate": [0.0, 0.0, -0.0]}, "5": {"translate": [-0.022, 0.003, 0.279], "rotate": [0.0, 0.0, -0.0]}, "6": {"translate": [-0.028, 0.004, 0.328], "rotate": [0.0, 0.0, -0.0]}, "7": {"translate": [-0.03, 0.004, 0.347], "rotate": [0.0, 0.0, -0.0]}, "8": {"translate": [-0.029, 0.004, 0.338], "rotate": [0.0, 0.0, -0.0]}, "9": {"translate": [-0.027, 0.004, 0.321], "rotate": [0.0, 0.0, -0.0]}, "10": {"translate": [-0.026, 0.004, 0.311], "rotate": [0.0, 0.0, -0.0]}}}, {"name": "body", "keyframes": {"0": {"translate": [0.0, -0.0, -0.0], "rotate": [0.0, 0.0, -0.0]}, "1": {"translate": [-0.001, 0.0, 0.019], "rotate": [-0.00086, -0.0048, -0.0]}, "2": {"translate": [-0.004, 0.001, 0.069], "rotate": [-0.00308, -0.01717, 0.0]}, "3": {"translate": [-0.009, 0.002, 0.137], "rotate": [-0.00612, -0.03409, -0.0]}, "4": {"translate": [-0.016, 0.002, 0.211], "rotate": [-0.00942, -0.05252, -0.0]}, "5": {"translate": [-0.022, 0.003, 0.279], "rotate": [-0.01246, -0.06944, -0.0]}, "6": {"translate": [-0.028, 0.004, 0.328], "rotate": [-0.01468, -0.08181, -0.0]}, "7": {"translate": [-0.03, 0.004, 0.347], "rotate": [-0.01554, -0.08661, -0.0]}, "8": {"translate": [-0.029, 0.004, 0.338], "rotate": [-0.01512, -0.08427, 0.0]}, "9": {"translate": [-0.027, 0.004, 0.321], "rotate": [-0.01434, -0.07994, -0.0]}, "10": {"translate": [-0.026, 0.004, 0.311], "rotate": [-0.01393, -0.0776, 0.0]}}}, {"name": "cape", "keyframes": {"0": {"translate": [0.0, -0.0, -0.0], "rotate": [0.0, 0.0, -0.0]}, "1": {"translate": [-0.013, 0.002, 0.019], "rotate": [-0.0, 0.0, -0.0]}, "2": {"translate": [-0.047, 0.008, 0.069], "rotate": [0.0, 0.0, 0.0]}, "3": {"translate": [-0.095, 0.017, 0.135],