{"format_version": "0.2", "frame_length": 10, "parts": [{"name": "root", "keyframes": {"0": {"translate": [0.0, -0.0, -0.0], "rotate": [0.0, 0.0, -0.0]}, "1": {"translate": [0.0, -0.0, -0.0], "rotate": [0.0, 0.0, -0.0]}, "2": {"translate": [0.0, -0.0, -0.0], "rotate": [0.0, 0.0, -0.0]}, "3": {"translate": [0.0, -0.0, -0.0], "rotate": [0.0, 0.0, -0.0]}, "4": {"translate": [0.0, -0.0, -0.0], "rotate": [0.0, 0.0, -0.0]}, "5": {"translate": [0.0, -0.0, -0.0], "rotate": [0.0, 0.0, -0.0]}, "6": {"translate": [0.0, -0.0, -0.0], "rotate": [0.0, 0.0, -0.0]}, "7": {"translate": [0.0, -0.0, -0.0], "rotate": [0.0, 0.0, -0.0]}, "8": {"translate": [0.0, -0.0, -0.0], "rotate": [0.0, 0.0, -0.0]}, "9": {"translate": [0.0, -0.0, -0.0], "rotate": [0.0, 0.0, -0.0]}, "10": {"translate": [0.0, -0.0, -0.0], "rotate": [0.0, 0.0, -0.0]}}}, {"name": "leftLeg", "keyframes": {"0": {"translate": [0.0, -0.0, -0.0], "rotate": [0.0, 0.0, -0.0]}, "1": {"translate": [0.345, 0.049, -1.032], "rotate": [0.08612, 0.0, 0.02889]}, "2": {"translate": [0.503, 0.123, -1.636], "rotate": [0.13677, -0.0, 0.04232]}, "3": {"translate": [0.409, 0.087, -1.379], "rotate": [0.11517, 0.0, 0.03435]}, "4": {"translate": [0.213, 0.029, -0.803], "rotate": [0.06696, -0.0, 0.01781]}, "5": {"translate": [0.034, 0.002, -0.214], "rotate": [0.01786, 0.0, 0.00286]}, "6": {"translate": [-0.04, 0.0, 0.057], "rotate": [-0.00472, 0.0, -0.00334]}, "7": {"translate": [-0.034, 0.0, 0.048], "rotate": [-0.00398, 0.0, -0.00286]}, "8": {"translate": [-0.021, 0.0, 0.028], "rotate": [-0.00235, 0.0, -0.00176]}, "9": {"translate": [-0.007, 0.0, 0.009], "rotate": [-0.00073, 0.0, -0.00057]}, "10": {"translate": [0.0, -0.0, -0.0], "rotate": [0.0, 0.0, -0.0]}}}, {"name": "rightLeg", "keyframes": {"0": {"translate": [0.0, -0.0, -0.0], "rotate": [0.0, 0.0, -0.0]}, "1": {"translate": [0.394, 0.017, -0.496], "rotate": [0.04133, 0.0, 0.0329]}, "2": {"translate": [0.626, 0.043, -0.802], "rotate": [0.06692, -0.0, 0.05228]}, "3": {"translate": [0.493, 0.03, -0.683], "rotate": [0.05692, -0.0, 0.04115]}, "4": {"translate": [0.237, 0.01, -0.426], "rotate": [0.0355, 0.0, 0.01974]}, "5": {"translate": [0.035, 0.001, -0.175], "rotate": [0.01456, 0.0, 0.0029]}, "6": {"translate": [-0.038, 0.0, -0.061], "rotate": [0.00507, 0.0, -0.00319]}, "7": {"translate": [-0.033, 0.0, -0.051], "rotate": [0.00428, 0.0, -0.00276]}, "8": {"translate": [-0.021, 0.0, -0.03], "rotate": [0.00254, 0.0, -0.00172]}, "9": {"translate": [-0.007, 0.0, -0.01], "rotate": [0.00079, 0.0, -0.00056]}, "10": {"translate": [0.0, -0.0, -0.0], "rotate": [0.0, 0.0, -0.0]}}}, {"name": "rightHand", "keyframes": {"0": {"translate": [0.0, -0.0, -0.0], "rotate": [0.0, 0.0, -0.0]}, "1": {"translate": [-0.0, 0.0, -0.0], "rotate": [0.0, 0.0, -0.0]}, "2": {"translate": [0.0, 0.0, 0.0], "rotate": [-0.0, 0.0, 0.0]}, "3": {"translate": [0.0, -0.0, 0.0], "rotate": [-0.0, -0.0, -0.0]}, "4": {"translate": [0.0, -0.0, -0.0], "rotate": [0.0, -0.0, -0.0]}, "5": {"translate": [0.0, 0.0, 0.0], "rotate": [-0.0, 0.0, -0.0]}, "6": {"translate": [0.0, 0.0, 0.0], "rotate": [0.0, 0.0, 0.0]}, "7": {"translate": [0.0, -0.0, 0.0], "rotate": [-0.0, 0.0, 0.0]}, "8": {"translate": [0.0, 0.0, -0.0], "rotate": [-0.0, 0.0, 0.0]}, "9": {"translate": [-0.0, -0.0, 0.0], "rotate": [0.0, 0.0, 0.0]}, "10": {"translate": [0.0, -0.0, -0.0], "rotate": [0.0, 0.0, -0.0]}}}, {"name": "rightArm", "keyframes": {"0": {"translate": [0.0, -0.0, -0.0], "rotate": [0.0, 0.0, -0.0]}, "1": {"translate": [-0.14, 0.201, -0.852], "rotate": [-0.17911, 0.13665, 0.01383]}, "2": {"translate": [-0.254, 0.348, -1.357], "rotate": [-0.38, 0.21104, 0.05154]}, "3": {"translate": [-0.207, 0.281, -1.102], "rotate": [-0.52714, 0.17288, 0.08963]}, "4": {"translate": [-0.114, 0.154, -0.534], "rotate": [-0.51631, 0.09597, 0.1076]}, "5": {"translate": [-0.038, 0.052, 0.039], "rotate": [-0.39123, 0.01807, 0.11633]}, "6": {"translate": [-0.011, 0.014, 0.3], "rotate": [-0.18894, -0.01878, 0.10551]}, "7": {"translate": [-0.008, 0.011, 0.253], "rotate": [0.0142, -0.01594, 0.0797]}, "8": {"translate": [-0.004, 0.006, 0.15], "rotate": [0.11253, -0.00766, 0.05314]}, "9": {"translate": [-0.001, 0.001, 0.047], "rotate": [0.06075, -0.00152, 0.02018]}, "10": {"translate": [0.0, -0.0, -0.0], "rotate": [0.0, 0.0, -0.0]}}}, {"name": "leftHand", "keyframes": {"0": {"translate": [0.0, -0.0, -0.0], "rotate": [0.0, 0.0, -0.0]}, "1": {"translate": [-0.0, 0.0, -0.0], "rotate": [0.0, -0.0, 0.0]}, "2": {"translate": [0.0, -0.0, -0.0], "rotate": [-0.0, 0.0, -0.0]}, "3": {"translate": [-0.0, 0.0, -0.0], "rotate": [-0.0, 0.0, -0.0]}, "4": {"translate": [0.0, -0.0, 0.0], "rotate": [-0.0, -0.0, -0.0]}, "5": {"translate": [-0.0, -0.0, 0.0], "rotate": [0.0, -0.0, 0.0]}, "6": {"translate": [0.0, -0.0, 0.0], "rotate": [0.0, 0.0, -0.0]}, "7": {"translate": [0.0, 0.0, -0.0], "rotate": [0.0, 0.0, 0.0]}, "8": {"translate": [-0.0, 0.0, 0.0], "rotate": [-0.0, 0.0, 0.0]}, "9": {"translate": [0.0, 0.0, 0.0], "rotate": [0.0, 0.0, 0.0]}, "10": {"translate": [0.0, -0.0, -0.0], "rotate": [0.0, 0.0, -0.0]}}}, {"name": "leftArm", "keyframes": {"0": {"translate": [0.0, -0.0, -0.0], "rotate": [0.0, 0.0, -0.0]}, "1": {"translate": [-0.247, -0.254, -2.239], "rotate": [-0.05929, 0.1902, -0.12464]}, "2": {"translate": [-0.524, -0.328, -3.564], "rotate": [-0.16342, 0.33007, -0.22677]}, "3": {"translate": [-0.39, -0.287, -2.924], "rotate": [-0.24841, 0.31005, -0.25309]}, "4": {"translate": [-0.166, -0.171, -1.499], "rotate": [-0.22601, 0.19481, -0.20565]}, "5": {"translate": [-0.039, -0.023, -0.061], "rotate": [-0.13398, 0.05985, -0.1264]}, "6": {"translate": [-0.015, 0.053, 0.593], "rotate": [-0.02328, -0.02047, -0.05342]}, "7": {"translate": [-0.012, 0.044, 0.5], "rotate": [0.04352, -0.03254, -0.01474]}, "8": {"translate": [-0.005, 0.025, 0.297], "rotate": [0.03759, -0.02005, -0.00335]}, "9": {"translate": [-0.001, 0.008, 0.093], "rotate": [0.01397, -0.00643, -5e-05]}, "10": {"translate": [0.0, -0.0, -0.0], "rotate": [0.0, 0.0, -0.0]}}}, {"name": "head", "keyframes": {"0": {"translate": [0.0, -0.0, -0.0], "rotate": [0.0, 0.0, -0.0]}, "1": {"translate": [-0.307, -0.017, -1.7], "rotate": [0.20644, 0.14687, 0.07198]}, "2": {"translate": [-0.581, 0.034, -2.704], "rotate": [0.41289, 0.29374, 0.14396]}, "3": {"translate": [-0.449, 0.012, -2.206], "rotate": [0.50672, 0.3605, 0.17668]}, "4": {"translate": [-0.213, -0.006, -1.096], "rotate": [0.41082, 0.31382, 0.14218]}, "5": {"translate": [-0.054, 0.015, 0.026], "rotate": [0.19982, 0.2083, 0.0663]}, "6": {"translate": [-0.008, 0.036, 0.536], "rotate": [-0.01117, 0.09577, -0.00958]}, "7": {"translate": [-0.005, 0.029, 0.452], "rotate": [-0.10708, 0.02805, -0.04407]}, "8": {"translate": [-0.001, 0.016, 0.268], "rotate": [-0.07932, 0.00831, -0.03265]}, "9": {"translate": [0.0, 0.005, 0.084], "rotate": [-0.02776, 0.00104, -0.01143]}, "10": {"translate": [0.0, -0.0, -0.0], "rotate": [0.0, 0.0, -0.0]}}}, {"name": "body", "keyframes": {"0": {"translate": [0.0, -0.0, -0.0], "rotate": [0.0, 0.0, -0.0]}, "1": {"translate": [-0.307, -0.017, -1.7], "rotate": [0.07808, 0.13914, -0.04597]}, "2": {"translate": [-0.581, 0.034, -2.704], "rotate": [0.12492, 0.22262, -0.06931]}, "3": {"translate": [-0.449, 0.012, -2.206], "rotate": [0.09839, 0.18325, -0.05787]}, "4": {"translate": [-0.213, -0.006, -1.096], "rotate": [0.04002, 0.09664, -0.0327]}, "5": {"translate": [-0.054, 0.015, 0.026], "rotate": [-0.01835, 0.01004, -0.00753]}, "6": {"translate": [-0.008, 0.036, 0.536], "rotate": [-0.04488, -0.02933, 0.00392]}, "7": {"translate": [-0.005, 0.029, 0.452], "rotate": [-0.03787, -0.02475, 0.0033]}, "8": {"translate": [-0.001, 0.016, 0.268], "rotate": [-0.02244, -0.01467, 0.00196]}, "9": {"translate": [0.0, 0.005, 0.084], "rotate": [-0.00701, -0.00458, 0.00061]}, "10": {"translate": [0.0, -0.0, -0.0], "rotate": [0.0, 0.0, -0.0]}}}, {"name": "cape", "keyframes": {"0": {"translate": [0.0, -0.0, -0.0], "rotate": [0.0, 0.0, -0.0]}, "1": {"translate": [0.03, -0.228, -1.732],