{"frame_length": 20, "parts": [{"name": "leftLeg", "keyframes": {"0": {"x": -0.095, "y": 0.001, "z": 0.1, "xRot": -0.00836, "yRot": -0.0, "zRot": -0.00789}, "1": {"x": -0.082, "y": 0.001, "z": 0.102, "xRot": -0.0085, "yRot": -0.0, "zRot": -0.00686}, "2": {"x": -0.071, "y": 0.001, "z": 0.096, "xRot": -0.00801, "yRot": -0.0, "zRot": -0.00591}, "3": {"x": -0.06, "y": 0.0, "z": 0.084, "xRot": -0.00704, "yRot": -0.0, "zRot": -0.00504}, "4": {"x": -0.051, "y": 0.0, "z": 0.069, "xRot": -0.00574, "yRot": -0.0, "zRot": -0.00422}, "5": {"x": -0.041, "y": 0.0, "z": 0.051, "xRot": -0.00428, "yRot": -0.0, "zRot": -0.00346}, "6": {"x": -0.033, "y": 0.0, "z": 0.034, "xRot": -0.0028, "yRot": 0.0, "zRot": -0.00273}, "7": {"x": -0.024, "y": 0.0, "z": 0.018, "xRot": -0.00148, "yRot": -0.0, "zRot": -0.00202}, "8": {"x": -0.016, "y": 0.0, "z": 0.006, "xRot": -0.00047, "yRot": -0.0, "zRot": -0.00133}, "9": {"x": -0.008, "y": 0.0, "z": -0.001, "xRot": 8e-05, "yRot": 0.0, "zRot": -0.00066}, "10": {"x": 0.0, "y": 0.0, "z": -0.0, "xRot": 0.0, "yRot": -0.0, "zRot": 1e-05}, "11": {"x": 0.008, "y": 0.0, "z": 0.013, "xRot": -0.00109, "yRot": -0.0, "zRot": 0.00068}, "12": {"x": 0.016, "y": 0.0, "z": 0.04, "xRot": -0.00336, "yRot": -0.0, "zRot": 0.00135}, "13": {"x": 0.024, "y": 0.0, "z": 0.08, "xRot": -0.00663, "yRot": -0.0, "zRot": 0.00201}, "14": {"x": 0.032, "y": 0.001, "z": 0.129, "xRot": -0.01072, "yRot": -0.0, "zRot": 0.00266}, "15": {"x": 0.04, "y": 0.001, "z": 0.185, "xRot": -0.01546, "yRot": -0.0, "zRot": 0.0033}, "16": {"x": 0.047, "y": 0.003, "z": 0.248, "xRot": -0.02067, "yRot": -0.0, "zRot": 0.00392}, "17": {"x": 0.054, "y": 0.004, "z": 0.314, "xRot": -0.02618, "yRot": 0.0, "zRot": 0.00453}, "18": {"x": 0.061, "y": 0.006, "z": 0.382, "xRot": -0.0318, "yRot": -0.0, "zRot": 0.0051}, "19": {"x": 0.068, "y": 0.009, "z": 0.448, "xRot": -0.03737, "yRot": -0.0, "zRot": 0.00565}, "20": {"x": 0.074, "y": 0.011, "z": 0.512, "xRot": -0.0427, "yRot": -0.0, "zRot": 0.00615}}}, {"name": "rightLeg", "keyframes": {"0": {"x": -0.073, "y": 0.011, "z": 0.512, "xRot": -0.0427, "yRot": -0.0, "zRot": -0.00612}, "1": {"x": -0.068, "y": 0.008, "z": 0.444, "xRot": -0.03698, "yRot": -0.0, "zRot": -0.00565}, "2": {"x": -0.061, "y": 0.006, "z": 0.374, "xRot": -0.03118, "yRot": 0.0, "zRot": -0.00511}, "3": {"x": -0.054, "y": 0.004, "z": 0.306, "xRot": -0.02546, "yRot": 0.0, "zRot": -0.00453}, "4": {"x": -0.047, "y": 0.002, "z": 0.24, "xRot": -0.01997, "yRot": 0.0, "zRot": -0.00392}, "5": {"x": -0.039, "y": 0.001, "z": 0.178, "xRot": -0.01485, "yRot": -0.0, "zRot": -0.00329}, "6": {"x": -0.032, "y": 0.001, "z": 0.123, "xRot": -0.01025, "yRot": -0.0, "zRot": -0.00264}, "7": {"x": -0.024, "y": 0.0, "z": 0.076, "xRot": -0.00632, "yRot": 0.0, "zRot": -0.00199}, "8": {"x": -0.016, "y": 0.0, "z": 0.038, "xRot": -0.0032, "yRot": -0.0, "zRot": -0.00132}, "9": {"x": -0.008, "y": 0.0, "z": 0.013, "xRot": -0.00105, "yRot": 0.0, "zRot": -0.00066}, "10": {"x": 0.0, "y": 0.0, "z": -0.0, "xRot": 0.0, "yRot": -0.0, "zRot": 1e-05}, "11": {"x": 0.008, "y": 0.0, "z": -0.001, "xRot": 0.00012, "yRot": -0.0, "zRot": 0.00068}, "12": {"x": 0.016, "y": 0.0, "z": 0.004, "xRot": -0.00031, "yRot": -0.0, "zRot": 0.00136}, "13": {"x": 0.025, "y": 0.0, "z": 0.014, "xRot": -0.00118, "yRot": -0.0, "zRot": 0.00205}, "14": {"x": 0.033, "y": 0.0, "z": 0.028, "xRot": -0.00234, "yRot": -0.0, "zRot": 0.00277}, "15": {"x": 0.042, "y": 0.0, "z": 0.044, "xRot": -0.00367, "yRot": -0.0, "zRot": 0.00351}, "16": {"x": 0.051, "y": 0.0, "z": 0.061, "xRot": -0.00504, "yRot": 0.0, "zRot": 0.00429}, "17": {"x": 0.061, "y": 0.0, "z": 0.076, "xRot": -0.00632, "yRot": 0.0, "zRot": 0.00511}, "18": {"x": 0.072, "y": 0.001, "z": 0.089, "xRot": -0.00739, "yRot": -0.0, "zRot": 0.00599}, "19": {"x": 0.083, "y": 0.001, "z": 0.097, "xRot": -0.00811, "yRot": -0.0, "zRot": 0.00692}, "20": {"x": 0.095, "y": 0.001, "z": 0.1, "xRot": -0.00836, "yRot": -0.0, "zRot": 0.00791}}}, {"name": "body", "keyframes": {"0": {"x": -0.227, "y": 0.001, "z": 0.417, "xRot": -0.0093, "yRot": 0.10297, "zRot": -0.01286}, "1": {"x": -0.205, "y": 0.001, "z": 0.372, "xRot": -0.00829, "yRot": 0.08532, "zRot": -0.01157}, "2": {"x": -0.184, "y": 0.001, "z": 0.32, "xRot": -0.00714, "yRot": 0.06941, "zRot": -0.01029}, "3": {"x": -0.162, "y": 0.0, "z": 0.266, "xRot": -0.00592, "yRot": 0.05518, "zRot": -0.009}, "4": {"x": -0.139, "y": 0.0, "z": 0.21, "xRot": -0.00469, "yRot": 0.04262, "zRot": -0.00772}, "5": {"x": -0.116, "y": 0.0, "z": 0.157, "xRot": -0.00349, "yRot": 0.03167, "zRot": -0.00643}, "6": {"x": -0.093, "y": 0.0, "z": 0.107, "xRot": -0.00238, "yRot": 0.02231, "zRot": -0.00514}, "7": {"x": -0.07, "y": 0.0, "z": 0.064, "xRot": -0.00142, "yRot": 0.0145, "zRot": -0.00386}, "8": {"x": -0.047, "y": 0.0, "z": 0.03, "xRot": -0.00067, "yRot": 0.0082, "zRot": -0.00257}, "9": {"x": -0.023, "y": 0.0, "z": 0.008, "xRot": -0.00018, "yRot": 0.00338, "zRot": -0.00129}, "10": {"x": 0.0, "y": 0.0, "z": -0.0, "xRot": 0.0, "yRot": -0.0, "zRot": -0.0}, "11": {"x": 0.024, "y": 0.0, "z": 0.008, "xRot": -0.00018, "yRot": -0.00364, "zRot": 0.00129}, "12": {"x": 0.047, "y": 0.0, "z": 0.03, "xRot": -0.00067, "yRot": -0.00913, "zRot": 0.00257}, "13": {"x": 0.07, "y": 0.0, "z": 0.064, "xRot": -0.00142, "yRot": -0.01633, "zRot": 0.00386}, "14": {"x": 0.094, "y": 0.0, "z": 0.107, "xRot": -0.00238, "yRot": -0.02511, "zRot": 0.00514}, "15": {"x": 0.117, "y": 0.0, "z": 0.157, "xRot": -0.00349, "yRot": -0.03531, "zRot": 0.00643}, "16": {"x": 0.139, "y": 0.0, "z": 0.21, "xRot": -0.00469, "yRot": -0.04681, "zRot": 0.00771}, "17": {"x": 0.162, "y": 0.0, "z": 0.266, "xRot": -0.00592, "yRot": -0.05947, "zRot": 0.009}, "18": {"x": 0.184, "y": 0.001, "z": 0.32, "xRot": -0.00714, "yRot": -0.07314, "zRot": 0.01029}, "19": {"x": 0.206, "y": 0.001, "z": 0.372, "xRot": -0.00829, "yRot": -0.08768, "zRot": 0.01157}, "20": {"x": 0.227, "y": 0.001, "z": 0.417, "xRot": -0.0093, "yRot": -0.10296, "zRot": 0.01286}}}, {"name": "cloak", "keyframes": {"0": {"x": 0.03, "y": 0.021, "z": 0.404, "xRot": 0.0, "yRot": -0.0, "zRot": -0.0}, "1": {"x": 0.008, "y": 0.019, "z": 0.363, "xRot": 0.0, "yRot": -0.0, "zRot": -0.0}, "2": {"x": -0.01, "y": 0.017, "z": 0.314, "xRot": 0.0, "yRot": -0.0, "zRot": -0.0}, "3": {"x": -0.024, "y": 0.014, "z": 0.262, "xRot": 0.0, "yRot": -0.0, "zRot": -0.0}, "4": {"x": -0.032, "y": 0.011, "z": 0.208, "xRot": 0.0, "yRot": -0.0, "zRot": -0.0}, "5": {"x": -0.037, "y": 0.008, "z": 0.155, "xRot": 0.0, "yRot": -0.0, "zRot": -0.0}, "6": {"x": -0.038, "y": 0.006, "z": 0.106, "xRot": 0.0, "yRot": -0.0, "zRot": -0.0}, "7": {"x": -0.034, "y": 0.003, "z": 0.064, "xRot": 0.0, "yRot": -0.0, "zRot": -0.0}, "8": {"x": -0.026, "y": 0.002, "z": 0.03, "xRot": 0.0, "yRot": -0.0, "zRot": -0.0}, "9": {"x": -0.015, "y": 0.0, "z": 0.008, "xRot": 0.0, "yRot": -0.0, "zRot": -0.0}, "10": {"x": 0.0, "y": 0.0, "z": -0.0, "xRot": 0.0, "yRot": -0.0, "zRot": -0.0}, "11": {"x": 0.015, "y": 0.0, "z": 0.008, "xRot": 0.0, "yRot": -0.0, "zRot": -0.0}, "12": {"x": 0.024, "y": 0.002, "z": 0.03, "xRot": 0.0, "yRot": -0.0, "zRot": -0.0}, "13": {"x": 0.03, "y": 0.003, "z": 0.064, "xRot": 0.0, "yRot": -0.0, "zRot": -0.0}, "14": {"x": 0.031, "y": 0.006, "z": 0.106, "xRot": 0.0, "yRot": -0.0, "zRot": -0.0}, "15": {"x": 0.028, "y": 0.008, "z": 0.155, "xRot": 0.0, "yRot": -0.0, "zRot": -0.0}, "16": {"x": 0.022, "y": 0.011, "z": 0.208, "xRot": 0.0, "yRot": -0.0, "zRot": -0.0}, "17": {"x": 0.013, "y": 0.014, "z": 0.261, "xRot": 0.0, "yRot": -0.0, "zRot": -0.0}, "18": {"x": 0.001, "y": 0.017, "z": 0.314, "xRot": 0.0, "yRot": -0.0, "zRot": -0.0}, "19": {"x": -0.014, "y": 0.019, "z": 0.362, "xRot": 0.0, "yRot": -0.0, "zRot": -0.0}, "20": {"x": -0.03, "y": 0.021, "z": 0.404, "xRot": 0.0, "yRot": -0.0, "zRot": -0.0}}}, {"name": "head", "keyframes": {"0": {"x": -0.227, "y": 0.001, "z": 0.417, "xRot": 0.0, "yRot": -0.0, "zRot": -0.0}, "1": {"x": -0.205, "y": 0.001, "z": 0.372, "xRot": 0.0, "yRot": -0.0, "zRot": -0.0}, "2": {"x": -0.184, "y": 0.001, "z": 0.32,