{"format_version": "0.2", "frame_length": 17, "parts": [{"name": "root", "keyframes": {"0": {"translate": [0.0, -0.0, -0.0], "rotate": [0.0, 0.0, -0.0]}, "1": {"translate": [0.0, -0.0, -0.0], "rotate": [0.0, 0.0, -0.0]}, "2": {"translate": [0.0, -0.0, -0.0], "rotate": [0.0, 0.0, -0.0]}, "3": {"translate": [0.0, -0.0, -0.0], "rotate": [0.0, 0.0, -0.0]}, "4": {"translate": [0.0, -0.0, -0.0], "rotate": [0.0, 0.0, -0.0]}, "5": {"translate": [0.0, -0.0, -0.0], "rotate": [0.0, 0.0, -0.0]}, "6": {"translate": [0.0, -0.0, -0.0], "rotate": [0.0, 0.0, -0.0]}, "7": {"translate": [0.0, -0.0, -0.0], "rotate": [0.0, 0.0, -0.0]}, "8": {"translate": [0.0, -0.0, -0.0], "rotate": [0.0, 0.0, -0.0]}, "9": {"translate": [0.0, -0.0, -0.0], "rotate": [0.0, 0.0, -0.0]}, "10": {"translate": [0.0, -0.0, -0.0], "rotate": [0.0, 0.0, -0.0]}, "11": {"translate": [0.0, -0.0, -0.0], "rotate": [0.0, 0.0, -0.0]}, "12": {"translate": [0.0, -0.0, -0.0], "rotate": [0.0, 0.0, -0.0]}, "13": {"translate": [0.0, -0.0, -0.0], "rotate": [0.0, 0.0, -0.0]}, "14": {"translate": [0.0, -0.0, -0.0], "rotate": [0.0, 0.0, -0.0]}, "15": {"translate": [0.0, -0.0, -0.0], "rotate": [0.0, 0.0, -0.0]}, "16": {"translate": [0.0, -0.0, -0.0], "rotate": [0.0, 0.0, -0.0]}, "17": {"translate": [0.0, -0.0, -0.0], "rotate": [0.0, 0.0, -0.0]}}}, {"name": "leftLeg", "keyframes": {"0": {"translate": [0.0, -6.003, -0.0], "rotate": [0.0, 0.0, -0.0]}, "1": {"translate": [0.0, -5.892, -0.05], "rotate": [-0.00012, 0.0, -0.0]}, "2": {"translate": [0.0, -5.568, -0.187], "rotate": [-0.00105, 0.0, -0.0]}, "3": {"translate": [0.0, -5.044, -0.391], "rotate": [-0.00359, 0.0, -0.0]}, "4": {"translate": [0.0, -4.336, -0.645], "rotate": [-0.00858, 0.0, -0.0]}, "5": {"translate": [0.0, -3.376, -0.937], "rotate": [-0.01931, 0.0, -0.0]}, "6": {"translate": [0.0, -2.191, -1.248], "rotate": [-0.0364, 0.0, -0.0]}, "7": {"translate": [0.0, -0.925, -1.541], "rotate": [-0.05666, 0.0, -0.0]}, "8": {"translate": [0.0, 0.286, -1.781], "rotate": [-0.0769, 0.0, -0.0]}, "9": {"translate": [0.0, -0.011, -1.584], "rotate": [-0.00044, 0.0, -0.0]}, "10": {"translate": [0.0, -0.31, -1.235], "rotate": [0.07224, 0.0, -0.0]}, "11": {"translate": [0.0, -0.436, -0.801], "rotate": [0.09796, 0.0, -0.0]}, "12": {"translate": [0.0, -0.313, -0.416], "rotate": [0.06569, 0.0, -0.0]}, "13": {"translate": [0.0, -0.109, -0.131], "rotate": [0.01889, 0.0, -0.0]}, "14": {"translate": [0.0, -0.0, -0.0], "rotate": [0.0, 0.0, -0.0]}, "15": {"translate": [0.0, -0.0, -0.0], "rotate": [0.0, 0.0, -0.0]}, "16": {"translate": [0.0, -0.0, -0.0], "rotate": [0.0, 0.0, -0.0]}, "17": {"translate": [0.0, -0.0, -0.0], "rotate": [0.0, 0.0, -0.0]}}}, {"name": "rightLeg", "keyframes": {"0": {"translate": [0.0, -6.003, -0.0], "rotate": [0.0, 0.0, -0.0]}, "1": {"translate": [0.0, -5.892, -0.05], "rotate": [0.00594, 0.0, -0.0]}, "2": {"translate": [0.0, -5.568, -0.187], "rotate": [0.01974, 0.0, -0.0]}, "3": {"translate": [0.0, -5.044, -0.391], "rotate": [0.03539, 0.0, -0.0]}, "4": {"translate": [0.0, -4.336, -0.645], "rotate": [0.04684, 0.0, -0.0]}, "5": {"translate": [0.0, -3.376, -0.937], "rotate": [0.04562, 0.0, -0.0]}, "6": {"translate": [0.0, -2.191, -1.248], "rotate": [0.0259, 0.0, -0.0]}, "7": {"translate": [0.0, -0.925, -1.541], "rotate": [-0.01269, 0.0, -0.0]}, "8": {"translate": [0.0, 0.286, -1.781], "rotate": [-0.06346, 0.0, -0.0]}, "9": {"translate": [0.0, -0.011, -1.584], "rotate": [-0.02439, 0.0, -0.0]}, "10": {"translate": [0.0, -0.31, -1.235], "rotate": [0.00938, 0.0, -0.0]}, "11": {"translate": [0.0, -0.436, -0.801], "rotate": [0.02361, 0.0, -0.0]}, "12": {"translate": [0.0, -0.313, -0.416], "rotate": [0.01532, 0.0, -0.0]}, "13": {"translate": [0.0, -0.109, -0.131], "rotate": [0.00197, 0.0, -0.0]}, "14": {"translate": [0.0, -0.0, -0.0], "rotate": [0.0, 0.0, -0.0]}, "15": {"translate": [0.0, -0.0, -0.0], "rotate": [0.0, 0.0, -0.0]}, "16": {"translate": [0.0, -0.0, -0.0], "rotate": [0.0, 0.0, -0.0]}, "17": {"translate": [0.0, -0.0, -0.0], "rotate": [0.0, 0.0, -0.0]}}}, {"name": "rightHand", "keyframes": {"0": {"translate": [0.0, -0.0, -0.0], "rotate": [0.0, 0.0, -0.0]}, "1": {"translate": [0.0, -0.0, -0.0], "rotate": [-0.0, 0.0, 0.0]}, "2": {"translate": [0.0, -0.0, -0.0], "rotate": [0.0, -0.0, 0.0]}, "3": {"translate": [0.0, 0.0, -0.0], "rotate": [0.0, 0.0, 0.0]}, "4": {"translate": [0.0, 0.0, 0.0], "rotate": [-0.0, -0.0, 0.0]}, "5": {"translate": [0.0, -0.0, -0.0], "rotate": [-0.0, 0.0, 0.0]}, "6": {"translate": [0.0, -0.0, -0.0], "rotate": [0.0, 0.0, -0.0]}, "7": {"translate": [-0.0, -0.0, 0.0], "rotate": [-0.0, 0.0, -0.0]}, "8": {"translate": [0.0, -0.0, -0.0], "rotate": [-0.0, -0.0, -0.0]}, "9": {"translate": [0.0, 0.0, -0.0], "rotate": [0.0, -0.0, -0.0]}, "10": {"translate": [0.0, 0.0, 0.0], "rotate": [0.0, 0.0, 0.0]}, "11": {"translate": [-0.0, -0.0, -0.0], "rotate": [0.0, -0.0, -0.0]}, "12": {"translate": [0.0, -0.0, -0.0], "rotate": [-0.0, 0.0, 0.0]}, "13": {"translate": [0.0, 0.0, -0.0], "rotate": [-0.0, 0.0, 0.0]}, "14": {"translate": [-0.0, 0.0, 0.0], "rotate": [0.0, -0.0, 0.0]}, "15": {"translate": [0.0, 0.0, 0.0], "rotate": [0.0, -0.0, 0.0]}, "16": {"translate": [0.0, -0.0, 0.0], "rotate": [0.0, -0.0, -0.0]}, "17": {"translate": [0.0, -0.0, -0.0], "rotate": [0.0, 0.0, -0.0]}}}, {"name": "rightArm", "keyframes": {"0": {"translate": [0.0, -6.003, -0.0], "rotate": [0.0, 0.0, -0.0]}, "1": {"translate": [-0.0, -5.892, 0.02], "rotate": [-0.01884, 0.01137, 0.00542]}, "2": {"translate": [0.0, -5.567, 0.078], "rotate": [-0.07099, 0.04077, 0.01892]}, "3": {"translate": [0.0, -5.035, 0.172], "rotate": [-0.14995, 0.08127, 0.03609]}, "4": {"translate": [0.0, -4.306, 0.301], "rotate": [-0.24926, 0.12584, 0.05252]}, "5": {"translate": [0.0, -3.302, 0.476], "rotate": [-0.36501, 0.16735, 0.06386]}, "6": {"translate": [0.0, -2.041, 0.694], "rotate": [-0.49048, 0.19808, 0.06686]}, "7": {"translate": [0.0, -0.67, 0.928], "rotate": [-0.61471, 0.20942, 0.06077]}, "8": {"translate": [0.0, 0.658, 1.153], "rotate": [-0.72635, 0.19243, 0.04676]}, "9": {"translate": [0.0, 0.204, 0.789], "rotate": [-0.42863, 0.15499, 0.04666]}, "10": {"translate": [-0.0, -0.228, 0.423], "rotate": [-0.13169, 0.12043, 0.04349]}, "11": {"translate": [0.0, -0.42, 0.166], "rotate": [-0.13023, 0.09008, 0.03623]}, "12": {"translate": [0.0, -0.313, 0.061], "rotate": [-0.15459, 0.06423, 0.02662]}, "13": {"translate": [0.0, -0.11, 0.031], "rotate": [-0.16847, 0.04237, 0.0175]}, "14": {"translate": [0.0, -0.0, -0.0], "rotate": [-0.13783, 0.02454, 0.01011]}, "15": {"translate": [0.0, -0.0, -0.0], "rotate": [-0.08168, 0.01125, 0.00456]}, "16": {"translate": [-0.0, -0.0, -0.0], "rotate": [-0.02552, 0.0029, 0.00116]}, "17": {"translate": [0.0, -0.0, -0.0], "rotate": [0.0, 0.0, -0.0]}}}, {"name": "leftHand", "keyframes": {"0": {"translate": [0.0, -0.0, -0.0], "rotate": [0.0, 0.0, -0.0]}, "1": {"translate": [-0.0, 0.0, -0.0], "rotate": [-0.0, -0.0, -0.0]}, "2": {"translate": [-0.0, 0.0, -0.0], "rotate": [0.0, -0.0, -0.0]}, "3": {"translate": [0.0, 0.0, -0.0], "rotate": [0.0, 0.0, -0.0]}, "4": {"translate": [0.0, 0.0, -0.0], "rotate": [-0.0, -0.0, 0.0]}, "5": {"translate": [0.0, -0.0, 0.0], "rotate": [0.0, 0.0, 0.0]}, "6": {"translate": [-0.0, -0.0, 0.0], "rotate": [0.0, -0.0, -0.0]}, "7": {"translate": [-0.0, 0.0, -0.0], "rotate": [-0.0, -0.0, -0.0]}, "8": {"translate": [0.0, 0.0, -0.0], "rotate": [0.0, 0.0, -0.0]}, "9": {"translate": [-0.0, -0.0, -0.0], "rotate": [0.0, -0.0, 0.0]}, "10": {"translate": [-0.0, -0.0, -0.0], "rotate": [-0.0, 0.0, 0.0]}, "11": {"translate": [0.0, 0.0, -0.0], "rotate": [-0.0, 0.0, 0.0]}, "12": {"translate": [-0.0, -0.0, -0.0], "rotate": [0.0, -0.0, 0.0]}, "13": {"translate": [-0.0, -0.0, -0.0], "rotate": [0.0, -0.0, -0.0]}, "14": {"translate": [0.0, -0.0, 0.0], "rotate": [0.0, 0.0, -0.0]}, "15": {"translate": [-0.0, -0.0, -0.0], "rotate": [0.0, 0.0, -0.0]}, "16": {"translate": [-0.0, 0.0, -0.0], "rotate": [0.0, 0.0, 0.0]}, "17": {"translate": [0.0, -0.0, -0.0],