{"frame_length": 10, "parts": [{"name": "leftLeg", "keyframes": {"0": {"x": -0.027, "y": 0.156, "z": -1.931, "xRot": 0.16165, "yRot": 0.0, "zRot": -0.00232}, "1": {"x": -0.025, "y": 0.156, "z": -1.931, "xRot": 0.16163, "yRot": -0.0, "zRot": -0.00208}, "2": {"x": -0.018, "y": 0.156, "z": -1.931, "xRot": 0.16159, "yRot": -0.0, "zRot": -0.0015}, "3": {"x": -0.01, "y": 0.156, "z": -1.93, "xRot": 0.16153, "yRot": -0.0, "zRot": -0.0008}, "4": {"x": -0.003, "y": 0.156, "z": -1.929, "xRot": 0.16149, "yRot": -0.0, "zRot": -0.00023}, "5": {"x": 0.0, "y": 0.156, "z": -1.929, "xRot": 0.16147, "yRot": -0.0, "zRot": 2e-05}, "6": {"x": -0.003, "y": 0.156, "z": -1.929, "xRot": 0.16149, "yRot": -0.0, "zRot": -0.00023}, "7": {"x": -0.01, "y": 0.156, "z": -1.93, "xRot": 0.16153, "yRot": -0.0, "zRot": -0.0008}, "8": {"x": -0.018, "y": 0.156, "z": -1.931, "xRot": 0.16159, "yRot": -0.0, "zRot": -0.0015}, "9": {"x": -0.025, "y": 0.156, "z": -1.931, "xRot": 0.16163, "yRot": -0.0, "zRot": -0.00208}, "10": {"x": -0.027, "y": 0.156, "z": -1.931, "xRot": 0.16165, "yRot": 0.0, "zRot": -0.00232}}}, {"name": "rightLeg", "keyframes": {"0": {"x": -0.027, "y": 0.156, "z": -1.927, "xRot": 0.16128, "yRot": 0.0, "zRot": -0.00231}, "1": {"x": -0.024, "y": 0.156, "z": -1.927, "xRot": 0.1613, "yRot": -0.0, "zRot": -0.00207}, "2": {"x": -0.018, "y": 0.156, "z": -1.928, "xRot": 0.16135, "yRot": -0.0, "zRot": -0.00149}, "3": {"x": -0.01, "y": 0.156, "z": -1.928, "xRot": 0.1614, "yRot": 0.0, "zRot": -0.0008}, "4": {"x": -0.003, "y": 0.156, "z": -1.929, "xRot": 0.16145, "yRot": 0.0, "zRot": -0.00023}, "5": {"x": 0.0, "y": 0.156, "z": -1.929, "xRot": 0.16147, "yRot": 0.0, "zRot": 2e-05}, "6": {"x": -0.003, "y": 0.156, "z": -1.929, "xRot": 0.16145, "yRot": 0.0, "zRot": -0.00023}, "7": {"x": -0.01, "y": 0.156, "z": -1.928, "xRot": 0.1614, "yRot": 0.0, "zRot": -0.0008}, "8": {"x": -0.018, "y": 0.156, "z": -1.928, "xRot": 0.16135, "yRot": -0.0, "zRot": -0.00149}, "9": {"x": -0.024, "y": 0.156, "z": -1.927, "xRot": 0.1613, "yRot": -0.0, "zRot": -0.00207}, "10": {"x": -0.027, "y": 0.156, "z": -1.927, "xRot": 0.16128, "yRot": 0.0, "zRot": -0.00231}}}, {"name": "body", "keyframes": {"0": {"x": 0.058, "y": -0.281, "z": -4.505, "xRot": 0.20675, "yRot": -0.0, "zRot": 0.00741}, "1": {"x": 0.052, "y": -0.281, "z": -4.505, "xRot": 0.20675, "yRot": 0.0, "zRot": 0.00663}, "2": {"x": 0.037, "y": -0.281, "z": -4.505, "xRot": 0.20675, "yRot": 0.0, "zRot": 0.00478}, "3": {"x": 0.02, "y": -0.281, "z": -4.505, "xRot": 0.20675, "yRot": 0.0, "zRot": 0.00257}, "4": {"x": 0.006, "y": -0.281, "z": -4.505, "xRot": 0.20675, "yRot": -0.0, "zRot": 0.00072}, "5": {"x": -0.0, "y": -0.281, "z": -4.505, "xRot": 0.20675, "yRot": -0.0, "zRot": -5e-05}, "6": {"x": 0.006, "y": -0.281, "z": -4.505, "xRot": 0.20675, "yRot": -0.0, "zRot": 0.00072}, "7": {"x": 0.02, "y": -0.281, "z": -4.505, "xRot": 0.20675, "yRot": 0.0, "zRot": 0.00257}, "8": {"x": 0.037, "y": -0.281, "z": -4.505, "xRot": 0.20675, "yRot": 0.0, "zRot": 0.00478}, "9": {"x": 0.052, "y": -0.281, "z": -4.505, "xRot": 0.20675, "yRot": 0.0, "zRot": 0.00663}, "10": {"x": 0.058, "y": -0.281, "z": -4.505, "xRot": 0.20675, "yRot": -0.0, "zRot": 0.00741}}}, {"name": "cloak", "keyframes": {"0": {"x": 0.062, "y": -0.794, "z": -4.559, "xRot": 0.24705, "yRot": -0.0, "zRot": -0.0}, "1": {"x": 0.055, "y": -0.794, "z": -4.559, "xRot": 0.24705, "yRot": -0.0, "zRot": -0.0}, "2": {"x": 0.04, "y": -0.794, "z": -4.559, "xRot": 0.24705, "yRot": -0.0, "zRot": -0.0}, "3": {"x": 0.021, "y": -0.794, "z": -4.559, "xRot": 0.24705, "yRot": -0.0, "zRot": -0.0}, "4": {"x": 0.006, "y": -0.794, "z": -4.559, "xRot": 0.24705, "yRot": -0.0, "zRot": -0.0}, "5": {"x": -0.0, "y": -0.794, "z": -4.559, "xRot": 0.24705, "yRot": -0.0, "zRot": -0.0}, "6": {"x": 0.006, "y": -0.794, "z": -4.559, "xRot": 0.24705, "yRot": -0.0, "zRot": -0.0}, "7": {"x": 0.021, "y": -0.794, "z": -4.559, "xRot": 0.24705, "yRot": -0.0, "zRot": -0.0}, "8": {"x": 0.04, "y": -0.794, "z": -4.559, "xRot": 0.24705, "yRot": -0.0, "zRot": -0.0}, "9": {"x": 0.055, "y": -0.794, "z": -4.559, "xRot": 0.24705, "yRot": -0.0, "zRot": -0.0}, "10": {"x": 0.062, "y": -0.794, "z": -4.559, "xRot": 0.24705, "yRot": -0.0, "zRot": -0.0}}}, {"name": "head", "keyframes": {"0": {"x": 0.058, "y": -0.281, "z": -4.505, "xRot": 0.0, "yRot": -0.0, "zRot": -0.0}, "1": {"x": 0.052, "y": -0.281, "z": -4.505, "xRot": 0.0, "yRot": -0.0, "zRot": -0.0}, "2": {"x": 0.037, "y": -0.281, "z": -4.505, "xRot": 0.0, "yRot": -0.0, "zRot": -0.0}, "3": {"x": 0.02, "y": -0.281, "z": -4.505, "xRot": 0.0, "yRot": -0.0, "zRot": -0.0}, "4": {"x": 0.006, "y": -0.281, "z": -4.505, "xRot": 0.0, "yRot": -0.0, "zRot": -0.0}, "5": {"x": -0.0, "y": -0.281, "z": -4.505, "xRot": 0.0, "yRot": -0.0, "zRot": -0.0}, "6": {"x": 0.006, "y": -0.281, "z": -4.505, "xRot": 0.0, "yRot": -0.0, "zRot": -0.0}, "7": {"x": 0.02, "y": -0.281, "z": -4.505, "xRot": 0.0, "yRot": -0.0, "zRot": -0.0}, "8": {"x": 0.037, "y": -0.281, "z": -4.505, "xRot": 0.0, "yRot": -0.0, "zRot": -0.0}, "9": {"x": 0.052, "y": -0.281, "z": -4.505, "xRot": 0.0, "yRot": -0.0, "zRot": -0.0}, "10": {"x": 0.058, "y": -0.281, "z": -4.505, "xRot": 0.0, "yRot": -0.0, "zRot": -0.0}}}, {"name": "rightArm", "keyframes": {"0": {"x": 0.043, "y": -0.238, "z": -4.069, "xRot": 0.65824, "yRot": -0.0215, "zRot": 0.00532}, "1": {"x": 0.038, "y": -0.234, "z": -4.069, "xRot": 0.65787, "yRot": -0.03244, "zRot": 0.00637}, "2": {"x": 0.028, "y": -0.225, "z": -4.069, "xRot": 0.65772, "yRot": -0.03703, "zRot": 0.00528}, "3": {"x": 0.015, "y": -0.214, "z": -4.069, "xRot": 0.65787, "yRot": -0.03244, "zRot": 0.00231}, "4": {"x": 0.004, "y": -0.205, "z": -4.069, "xRot": 0.65824, "yRot": -0.0215, "zRot": -0.00136}, "5": {"x": -0.0, "y": -0.201, "z": -4.069, "xRot": 0.6587, "yRot": -0.00845, "zRot": -0.00431}, "6": {"x": 0.004, "y": -0.205, "z": -4.069, "xRot": 0.65912, "yRot": 0.00249, "zRot": -0.00535}, "7": {"x": 0.015, "y": -0.214, "z": -4.069, "xRot": 0.6593, "yRot": 0.00708, "zRot": -0.00427}, "8": {"x": 0.028, "y": -0.225, "z": -4.069, "xRot": 0.65912, "yRot": 0.00249, "zRot": -0.00129}, "9": {"x": 0.038, "y": -0.234, "z": -4.069, "xRot": 0.6587, "yRot": -0.00845, "zRot": 0.00238}, "10": {"x": 0.043, "y": -0.238, "z": -4.069, "xRot": 0.65824, "yRot": -0.0215, "zRot": 0.00532}}}, {"name": "leftArm", "keyframes": {"0": {"x": 0.042, "y": -0.164, "z": -4.069, "xRot": 0.6587, "yRot": -0.00845, "zRot": 0.00315}, "1": {"x": 0.038, "y": -0.168, "z": -4.069, "xRot": 0.65824, "yRot": -0.0215, "zRot": 0.00455}, "2": {"x": 0.027, "y": -0.177, "z": -4.069, "xRot": 0.65787, "yRot": -0.03244, "zRot": 0.00452}, "3": {"x": 0.015, "y": -0.188, "z": -4.069, "xRot": 0.65772, "yRot": -0.03703, "zRot": 0.00307}, "4": {"x": 0.004, "y": -0.197, "z": -4.069, "xRot": 0.65787, "yRot": -0.03244, "zRot": 0.00046}, "5": {"x": -0.0, "y": -0.201, "z": -4.069, "xRot": 0.65824, "yRot": -0.0215, "zRot": -0.00214}, "6": {"x": 0.004, "y": -0.197, "z": -4.069, "xRot": 0.6587, "yRot": -0.00845, "zRot": -0.00353}, "7": {"x": 0.015, "y": -0.188, "z": -4.069, "xRot": 0.65912, "yRot": 0.00249, "zRot": -0.0035}, "8": {"x": 0.027, "y": -0.177, "z": -4.069, "xRot": 0.6593, "yRot": 0.00708, "zRot": -0.00206}, "9": {"x": 0.038, "y": -0.168, "z": -4.069, "xRot": 0.65912, "yRot": 0.00249, "zRot": 0.00056}, "10": {"x": 0.042, "y": -0.164, "z": -4.069, "xRot": 0.6587, "yRot": -0.00845, "zRot": 0.00315}}}, {"name": "rightHand", "keyframes": {"0": {"x": 0.0, "y": -0.0, "z": -0.0, "xRot": 0.0, "yRot": -0.0, "zRot": -0.0}, "1": {"x": 0.0, "y": -0.0, "z": -0.0, "xRot": 0.0, "yRot": -0.0, "zRot": -0.0}, "2": {"x": 0.0, "y": -0.0, "z": -0.0, "xRot": 0.0, "yRot": -0.0, "zRot": -0.0}, "3": {"x": 0.0, "y": -0.0, "z": -0.0, "xRot": 0.0, "yRot": -0.0, "zRot": -0.0}, "4": {"x": 0.0, "y": -0.0, "z": -0.0, "xRot": 0.0, "yRot": -0.0, "zRot": -0.0}, "5": {"x": 0.0, "y": -0.0, "z": -0.0, "xRot": 0.0, "yRot": -0.0, "zRot": -0.0}, "6": {"x": 0.0, "y": -0.0, "z": -0.0, "xRot": 0.0, "yRot": -0.0, "zRot": -0.0}, "7": {"x": 0.0,